Build iOS and Submit to TestFlight	UNKNOWN STEP	﻿2026-09-28T19:54:13.9892400Z Current runner version: '2.337.0'
Build iOS and Submit to TestFlight	UNKNOWN STEP	2026-09-28T19:54:13.9910860Z ##[group]Runner Image Provisioner
Build iOS and Submit to TestFlight	UNKNOWN STEP	2026-09-28T19:54:13.9911490Z Hosted Compute Agent
Build iOS and Submit to TestFlight	UNKNOWN STEP	2026-09-28T19:54:13.9911860Z Version: 20260828.587
Build iOS and Submit to TestFlight	UNKNOWN STEP	2026-09-28T19:54:13.9912270Z Commit: abac92662cab4cc7352de4f9f9d2e2419aad9c29
Build iOS and Submit to TestFlight	UNKNOWN STEP	2026-09-28T19:54:13.9912750Z Build Date: 2026-08-28T16:44:25Z
Build iOS and Submit to TestFlight	UNKNOWN STEP	2026-09-28T19:54:13.9913200Z Worker ID: {c6f5a54c-a08d-4b86-99be-d68a29458437}
Build iOS and Submit to TestFlight	UNKNOWN STEP	2026-09-28T19:54:13.9913680Z Azure Region: westus
Build iOS and Submit to TestFlight	UNKNOWN STEP	2026-09-28T19:54:13.9914040Z ##[endgroup]
Build iOS and Submit to TestFlight	UNKNOWN STEP	2026-09-28T19:54:13.9914970Z ##[group]Operating System
Build iOS and Submit to TestFlight	UNKNOWN STEP	2026-09-28T19:54:13.9915400Z macOS
Build iOS and Submit to TestFlight	UNKNOWN STEP	2026-09-28T19:54:13.9915780Z 15.7.9
Build iOS and Submit to TestFlight	UNKNOWN STEP	2026-09-28T19:54:13.9916180Z 24G830
Build iOS and Submit to TestFlight	UNKNOWN STEP	2026-09-28T19:54:13.9916530Z ##[endgroup]
Build iOS and Submit to TestFlight	UNKNOWN STEP	2026-09-28T19:54:13.9916890Z ##[group]Runner Image
Build iOS and Submit to TestFlight	UNKNOWN STEP	2026-09-28T19:54:13.9917270Z Image: macos-15-arm64
Build iOS and Submit to TestFlight	UNKNOWN STEP	2026-09-28T19:54:13.9917650Z Version: 20260907.0337.1
Build iOS and Submit to TestFlight	UNKNOWN STEP	2026-09-28T19:54:13.9918530Z Included Software: https://github.com/actions/runner-images/blob/macos-15-arm64/20260907.0337/images/macos/macos-15-arm64-Readme.md
Build iOS and Submit to TestFlight	UNKNOWN STEP	2026-09-28T19:54:13.9921300Z Image Release: https://github.com/actions/runner-images/releases/tag/macos-15-arm64%2F20260907.0337
Build iOS and Submit to TestFlight	UNKNOWN STEP	2026-09-28T19:54:13.9923200Z ##[endgroup]
Build iOS and Submit to TestFlight	UNKNOWN STEP	2026-09-28T19:54:13.9926970Z ##[group]GITHUB_TOKEN Permissions
Build iOS and Submit to TestFlight	UNKNOWN STEP	2026-09-28T19:54:13.9932440Z Contents: read
Build iOS and Submit to TestFlight	UNKNOWN STEP	2026-09-28T19:54:13.9933460Z Metadata: read
Build iOS and Submit to TestFlight	UNKNOWN STEP	2026-09-28T19:54:13.9934590Z Packages: read
Build iOS and Submit to TestFlight	UNKNOWN STEP	2026-09-28T19:54:13.9935590Z ##[endgroup]
Build iOS and Submit to TestFlight	UNKNOWN STEP	2026-09-28T19:54:13.9941070Z Secret source: Actions
Build iOS and Submit to TestFlight	UNKNOWN STEP	2026-09-28T19:54:13.9941810Z Cache mode: write
Build iOS and Submit to TestFlight	UNKNOWN STEP	2026-09-28T19:54:13.9942350Z Prepare workflow directory
Build iOS and Submit to TestFlight	UNKNOWN STEP	2026-09-28T19:54:14.0363900Z Prepare all required actions
Build iOS and Submit to TestFlight	UNKNOWN STEP	2026-09-28T19:54:14.0430690Z Getting action download info
Build iOS and Submit to TestFlight	UNKNOWN STEP	2026-09-28T19:54:14.3718520Z Download action repository 'actions/checkout@v4' (SHA:11d5960a326750d5838078e36cf38b85af677262)
Build iOS and Submit to TestFlight	UNKNOWN STEP	2026-09-28T19:54:14.8584470Z Download action repository 'actions/setup-node@v4' (SHA:49933ea5288caeca8642d1e84afbd3f7d6820020)
Build iOS and Submit to TestFlight	UNKNOWN STEP	2026-09-28T19:54:15.0612700Z Download action repository 'expo/expo-github-action@v8' (SHA:c7b66a9c327a43a8fa7c0158e7f30d6040d2481e)
Build iOS and Submit to TestFlight	UNKNOWN STEP	2026-09-28T19:54:16.1608030Z Download action repository 'actions/upload-artifact@v4' (SHA:ea165f8d65b6e75b540449e92b4886f43607fa02)
Build iOS and Submit to TestFlight	UNKNOWN STEP	2026-09-28T19:54:16.4480920Z Complete job name: Build iOS and Submit to TestFlight
Build iOS and Submit to TestFlight	UNKNOWN STEP	2026-09-28T19:54:16.5008850Z ##[group]Run actions/checkout@v4
Build iOS and Submit to TestFlight	UNKNOWN STEP	2026-09-28T19:54:16.5009680Z with:
Build iOS and Submit to TestFlight	UNKNOWN STEP	2026-09-28T19:54:16.5010050Z   repository: abdquayyum/NGNflow
Build iOS and Submit to TestFlight	UNKNOWN STEP	2026-09-28T19:54:16.5013610Z   token: ***
Build iOS and Submit to TestFlight	UNKNOWN STEP	2026-09-28T19:54:16.5013990Z   ssh-strict: true
Build iOS and Submit to TestFlight	UNKNOWN STEP	2026-09-28T19:54:16.5014340Z   ssh-user: git
Build iOS and Submit to TestFlight	UNKNOWN STEP	2026-09-28T19:54:16.5014680Z   persist-credentials: true
Build iOS and Submit to TestFlight	UNKNOWN STEP	2026-09-28T19:54:16.5015060Z   clean: true
Build iOS and Submit to TestFlight	UNKNOWN STEP	2026-09-28T19:54:16.5015410Z   sparse-checkout-cone-mode: true
Build iOS and Submit to TestFlight	UNKNOWN STEP	2026-09-28T19:54:16.5015820Z   fetch-depth: 1
Build iOS and Submit to TestFlight	UNKNOWN STEP	2026-09-28T19:54:16.5016160Z   fetch-tags: false
Build iOS and Submit to TestFlight	UNKNOWN STEP	2026-09-28T19:54:16.5016510Z   show-progress: true
Build iOS and Submit to TestFlight	UNKNOWN STEP	2026-09-28T19:54:16.5016880Z   lfs: false
Build iOS and Submit to TestFlight	UNKNOWN STEP	2026-09-28T19:54:16.5017210Z   submodules: false
Build iOS and Submit to TestFlight	UNKNOWN STEP	2026-09-28T19:54:16.5017560Z   set-safe-directory: true
Build iOS and Submit to TestFlight	UNKNOWN STEP	2026-09-28T19:54:16.5018040Z   allow-unsafe-pr-checkout: false
Build iOS and Submit to TestFlight	UNKNOWN STEP	2026-09-28T19:54:16.5018800Z ##[endgroup]
Build iOS and Submit to TestFlight	UNKNOWN STEP	2026-09-28T19:54:16.8927990Z Syncing repository: abdquayyum/NGNflow
Build iOS and Submit to TestFlight	UNKNOWN STEP	2026-09-28T19:54:16.8930430Z ##[group]Getting Git version info
Build iOS and Submit to TestFlight	UNKNOWN STEP	2026-09-28T19:54:16.8932680Z Working directory is '/Users/runner/work/NGNflow/NGNflow'
Build iOS and Submit to TestFlight	UNKNOWN STEP	2026-09-28T19:54:16.8934820Z [command]/opt/homebrew/bin/git version
Build iOS and Submit to TestFlight	UNKNOWN STEP	2026-09-28T19:54:16.9496460Z git version 2.55.0
Build iOS and Submit to TestFlight	UNKNOWN STEP	2026-09-28T19:54:16.9522500Z ##[endgroup]
Build iOS and Submit to TestFlight	UNKNOWN STEP	2026-09-28T19:54:16.9535880Z Copying '/Users/runner/.gitconfig' to '/Users/runner/work/_temp/f06870db-6331-4ad7-a55d-8fe68741df06/.gitconfig'
Build iOS and Submit to TestFlight	UNKNOWN STEP	2026-09-28T19:54:16.9543740Z Temporarily overriding HOME='/Users/runner/work/_temp/f06870db-6331-4ad7-a55d-8fe68741df06' before making global git config changes
Build iOS and Submit to TestFlight	UNKNOWN STEP	2026-09-28T19:54:16.9545680Z Adding repository directory to the temporary git global config as a safe directory
Build iOS and Submit to TestFlight	UNKNOWN STEP	2026-09-28T19:54:16.9547320Z [command]/opt/homebrew/bin/git config --global --add safe.directory /Users/runner/work/NGNflow/NGNflow
Build iOS and Submit to TestFlight	UNKNOWN STEP	2026-09-28T19:54:16.9694480Z Deleting the contents of '/Users/runner/work/NGNflow/NGNflow'
Build iOS and Submit to TestFlight	UNKNOWN STEP	2026-09-28T19:54:16.9713230Z ##[group]Initializing the repository
Build iOS and Submit to TestFlight	UNKNOWN STEP	2026-09-28T19:54:16.9718760Z [command]/opt/homebrew/bin/git init /Users/runner/work/NGNflow/NGNflow
Build iOS and Submit to TestFlight	UNKNOWN STEP	2026-09-28T19:54:17.0108920Z hint: Using 'master' as the name for the initial branch. This default branch name
Build iOS and Submit to TestFlight	UNKNOWN STEP	2026-09-28T19:54:17.0120670Z hint: will change to "main" in Git 3.0. To configure the initial branch name
Build iOS and Submit to TestFlight	UNKNOWN STEP	2026-09-28T19:54:17.0124870Z hint: to use in all of your new repositories, which will suppress this warning,
Build iOS and Submit to TestFlight	UNKNOWN STEP	2026-09-28T19:54:17.0128040Z hint: call:
Build iOS and Submit to TestFlight	UNKNOWN STEP	2026-09-28T19:54:17.0129690Z hint:
Build iOS and Submit to TestFlight	UNKNOWN STEP	2026-09-28T19:54:17.0131660Z hint: 	git config --global init.defaultBranch <name>
Build iOS and Submit to TestFlight	UNKNOWN STEP	2026-09-28T19:54:17.0134120Z hint:
Build iOS and Submit to TestFlight	UNKNOWN STEP	2026-09-28T19:54:17.0136120Z hint: Names commonly chosen instead of 'master' are 'main', 'trunk' and
Build iOS and Submit to TestFlight	UNKNOWN STEP	2026-09-28T19:54:17.0138210Z hint: 'development'. The just-created branch can be renamed via this command:
Build iOS and Submit to TestFlight	UNKNOWN STEP	2026-09-28T19:54:17.0141740Z hint:
Build iOS and Submit to TestFlight	UNKNOWN STEP	2026-09-28T19:54:17.0143550Z hint: 	git branch -m <name>
Build iOS and Submit to TestFlight	UNKNOWN STEP	2026-09-28T19:54:17.0145420Z hint:
Build iOS and Submit to TestFlight	UNKNOWN STEP	2026-09-28T19:54:17.0148080Z hint: Disable this message with "git config set advice.defaultBranchName false"
Build iOS and Submit to TestFlight	UNKNOWN STEP	2026-09-28T19:54:17.0152550Z Initialized empty Git repository in /Users/runner/work/NGNflow/NGNflow/.git/
Build iOS and Submit to TestFlight	UNKNOWN STEP	2026-09-28T19:54:17.0156400Z [command]/opt/homebrew/bin/git remote add origin https://github.com/abdquayyum/NGNflow
Build iOS and Submit to TestFlight	UNKNOWN STEP	2026-09-28T19:54:17.0198730Z ##[endgroup]
Build iOS and Submit to TestFlight	UNKNOWN STEP	2026-09-28T19:54:17.0201720Z ##[group]Disabling automatic garbage collection
Build iOS and Submit to TestFlight	UNKNOWN STEP	2026-09-28T19:54:17.0204390Z [command]/opt/homebrew/bin/git config --local gc.auto 0
Build iOS and Submit to TestFlight	UNKNOWN STEP	2026-09-28T19:54:17.0291880Z ##[endgroup]
Build iOS and Submit to TestFlight	UNKNOWN STEP	2026-09-28T19:54:17.0294560Z ##[group]Setting up auth
Build iOS and Submit to TestFlight	UNKNOWN STEP	2026-09-28T19:54:17.0297590Z [command]/opt/homebrew/bin/git config --local --name-only --get-regexp core\.sshCommand
Build iOS and Submit to TestFlight	UNKNOWN STEP	2026-09-28T19:54:17.0369360Z [command]/opt/homebrew/bin/git submodule foreach --recursive sh -c "git config --local --name-only --get-regexp 'core\.sshCommand' && git config --local --unset-all 'core.sshCommand' || :"
Build iOS and Submit to TestFlight	UNKNOWN STEP	2026-09-28T19:54:17.1546440Z [command]/opt/homebrew/bin/git config --local --name-only --get-regexp http\.https\:\/\/github\.com\/\.extraheader
Build iOS and Submit to TestFlight	UNKNOWN STEP	2026-09-28T19:54:17.1638750Z [command]/opt/homebrew/bin/git submodule foreach --recursive sh -c "git config --local --name-only --get-regexp 'http\.https\:\/\/github\.com\/\.extraheader' && git config --local --unset-all 'http.https://github.com/.extraheader' || :"
Build iOS and Submit to TestFlight	UNKNOWN STEP	2026-09-28T19:54:17.2894670Z [command]/opt/homebrew/bin/git config --local --name-only --get-regexp ^includeIf\.gitdir:
Build iOS and Submit to TestFlight	UNKNOWN STEP	2026-09-28T19:54:17.3073240Z [command]/opt/homebrew/bin/git submodule foreach --recursive git config --local --show-origin --name-only --get-regexp remote.origin.url
Build iOS and Submit to TestFlight	UNKNOWN STEP	2026-09-28T19:54:17.4115890Z [command]/opt/homebrew/bin/git config --local http.https://github.com/.extraheader AUTHORIZATION: basic ***
Build iOS and Submit to TestFlight	UNKNOWN STEP	2026-09-28T19:54:17.4199550Z ##[endgroup]
Build iOS and Submit to TestFlight	UNKNOWN STEP	2026-09-28T19:54:17.4202210Z ##[group]Fetching the repository
Build iOS and Submit to TestFlight	UNKNOWN STEP	2026-09-28T19:54:17.4207110Z [command]/opt/homebrew/bin/git -c protocol.version=2 fetch --no-tags --prune --no-recurse-submodules --depth=1 origin +08449ea23e43e4f055fd63e7d93ae92e5ab317bc:refs/remotes/origin/master
Build iOS and Submit to TestFlight	UNKNOWN STEP	2026-09-28T19:54:18.4642750Z From https://github.com/abdquayyum/NGNflow
Build iOS and Submit to TestFlight	UNKNOWN STEP	2026-09-28T19:54:18.4663960Z  * [new ref]         08449ea23e43e4f055fd63e7d93ae92e5ab317bc -> origin/master
Build iOS and Submit to TestFlight	UNKNOWN STEP	2026-09-28T19:54:18.4697270Z ##[endgroup]
Build iOS and Submit to TestFlight	UNKNOWN STEP	2026-09-28T19:54:18.4700890Z ##[group]Determining the checkout info
Build iOS and Submit to TestFlight	UNKNOWN STEP	2026-09-28T19:54:18.4704400Z ##[endgroup]
Build iOS and Submit to TestFlight	UNKNOWN STEP	2026-09-28T19:54:18.4707050Z [command]/opt/homebrew/bin/git sparse-checkout disable
Build iOS and Submit to TestFlight	UNKNOWN STEP	2026-09-28T19:54:18.5016570Z [command]/opt/homebrew/bin/git config --local --unset-all extensions.worktreeConfig
Build iOS and Submit to TestFlight	UNKNOWN STEP	2026-09-28T19:54:18.5319340Z ##[group]Checking out the ref
Build iOS and Submit to TestFlight	UNKNOWN STEP	2026-09-28T19:54:18.5321240Z [command]/opt/homebrew/bin/git checkout --progress --force -B master refs/remotes/origin/master
Build iOS and Submit to TestFlight	UNKNOWN STEP	2026-09-28T19:54:18.5324360Z Reset branch 'master'
Build iOS and Submit to TestFlight	UNKNOWN STEP	2026-09-28T19:54:18.5326390Z branch 'master' set up to track 'origin/master'.
Build iOS and Submit to TestFlight	UNKNOWN STEP	2026-09-28T19:54:18.5333650Z ##[endgroup]
Build iOS and Submit to TestFlight	UNKNOWN STEP	2026-09-28T19:54:18.5382670Z [command]/opt/homebrew/bin/git log -1 --format=%H
Build iOS and Submit to TestFlight	UNKNOWN STEP	2026-09-28T19:54:18.5466540Z 08449ea23e43e4f055fd63e7d93ae92e5ab317bc
Build iOS and Submit to TestFlight	UNKNOWN STEP	2026-09-28T19:54:18.5785240Z ##[group]Run actions/setup-node@v4
Build iOS and Submit to TestFlight	UNKNOWN STEP	2026-09-28T19:54:18.5785970Z with:
Build iOS and Submit to TestFlight	UNKNOWN STEP	2026-09-28T19:54:18.5786430Z   node-version: 22
Build iOS and Submit to TestFlight	UNKNOWN STEP	2026-09-28T19:54:18.5787050Z   cache: npm
Build iOS and Submit to TestFlight	UNKNOWN STEP	2026-09-28T19:54:18.5787610Z   always-auth: false
Build iOS and Submit to TestFlight	UNKNOWN STEP	2026-09-28T19:54:18.5788230Z   check-latest: false
Build iOS and Submit to TestFlight	UNKNOWN STEP	2026-09-28T19:54:18.5795150Z   token: ***
Build iOS and Submit to TestFlight	UNKNOWN STEP	2026-09-28T19:54:18.5795660Z ##[endgroup]
Build iOS and Submit to TestFlight	UNKNOWN STEP	2026-09-28T19:54:18.7477930Z Found in cache @ /Users/runner/hostedtoolcache/node/22.23.2/arm64
Build iOS and Submit to TestFlight	UNKNOWN STEP	2026-09-28T19:54:18.7484570Z (node:9548) [DEP0040] DeprecationWarning: The `punycode` module is deprecated. Please use a userland alternative instead.
Build iOS and Submit to TestFlight	UNKNOWN STEP	2026-09-28T19:54:18.7488910Z (Use `node --trace-deprecation ...` to show where the warning was created)
Build iOS and Submit to TestFlight	UNKNOWN STEP	2026-09-28T19:54:18.7492370Z ##[group]Environment details
Build iOS and Submit to TestFlight	UNKNOWN STEP	2026-09-28T19:54:19.5564710Z node: v22.23.2
Build iOS and Submit to TestFlight	UNKNOWN STEP	2026-09-28T19:54:19.5595700Z npm: 10.9.8
Build iOS and Submit to TestFlight	UNKNOWN STEP	2026-09-28T19:54:19.5596280Z yarn: 1.22.22
Build iOS and Submit to TestFlight	UNKNOWN STEP	2026-09-28T19:54:19.5597280Z ##[endgroup]
Build iOS and Submit to TestFlight	UNKNOWN STEP	2026-09-28T19:54:19.5597980Z [command]/Users/runner/hostedtoolcache/node/22.23.2/arm64/bin/npm config get cache
Build iOS and Submit to TestFlight	UNKNOWN STEP	2026-09-28T19:54:19.7622270Z /Users/runner/.npm
Build iOS and Submit to TestFlight	UNKNOWN STEP	2026-09-28T19:54:19.9490810Z Cache hit for: node-cache-macOS-arm64-npm-14b58e35e2ed24ff95f7f4b42039230131cae4a177d1788a6acb0094b51d732b
Build iOS and Submit to TestFlight	UNKNOWN STEP	2026-09-28T19:54:19.9577090Z (node:9548) [DEP0169] DeprecationWarning: `url.parse()` behavior is not standardized and prone to errors that have security implications. Use the WHATWG URL API instead. CVEs are not issued for `url.parse()` vulnerabilities.
Build iOS and Submit to TestFlight	UNKNOWN STEP	2026-09-28T19:54:21.1581720Z Received 41943040 of 203252005 (20.6%), 39.6 MBs/sec
Build iOS and Submit to TestFlight	UNKNOWN STEP	2026-09-28T19:54:22.1382600Z Received 130023424 of 203252005 (64.0%), 61.3 MBs/sec
Build iOS and Submit to TestFlight	UNKNOWN STEP	2026-09-28T19:54:23.0991430Z Received 203252005 of 203252005 (100.0%), 64.9 MBs/sec
Build iOS and Submit to TestFlight	UNKNOWN STEP	2026-09-28T19:54:23.1123760Z Cache Size: ~194 MB (203252005 B)
Build iOS and Submit to TestFlight	UNKNOWN STEP	2026-09-28T19:54:23.1245830Z [command]/opt/homebrew/bin/gtar -xf /Users/runner/work/_temp/88d6845a-e329-4e68-b558-8abca48f255e/cache.tzst -P -C /Users/runner/work/NGNflow/NGNflow --delay-directory-restore --use-compress-program unzstd
Build iOS and Submit to TestFlight	UNKNOWN STEP	2026-09-28T19:54:28.9043330Z Cache restored successfully
Build iOS and Submit to TestFlight	UNKNOWN STEP	2026-09-28T19:54:28.9122950Z Cache restored from key: node-cache-macOS-arm64-npm-14b58e35e2ed24ff95f7f4b42039230131cae4a177d1788a6acb0094b51d732b
Build iOS and Submit to TestFlight	UNKNOWN STEP	2026-09-28T19:54:28.9464950Z ##[group]Run npm ci
Build iOS and Submit to TestFlight	UNKNOWN STEP	2026-09-28T19:54:28.9465340Z ^[[36;1mnpm ci^[[0m
Build iOS and Submit to TestFlight	UNKNOWN STEP	2026-09-28T19:54:28.9530420Z shell: /bin/bash -e {0}
Build iOS and Submit to TestFlight	UNKNOWN STEP	2026-09-28T19:54:28.9530790Z ##[endgroup]
Build iOS and Submit to TestFlight	UNKNOWN STEP	2026-09-28T19:54:33.2368780Z npm warn deprecated text-encoding@0.7.0: no longer maintained
Build iOS and Submit to TestFlight	UNKNOWN STEP	2026-09-28T19:54:33.9491270Z npm warn deprecated uuid@7.0.3: uuid@10 and below is no longer supported.  For ESM codebases, update to uuid@latest.  For CommonJS codebases, use uuid@11 (but be aware this version will likely be deprecated in 2028).
Build iOS and Submit to TestFlight	UNKNOWN STEP	2026-09-28T19:54:44.9905300Z 
Build iOS and Submit to TestFlight	UNKNOWN STEP	2026-09-28T19:54:44.9910900Z > NGNflow@1.0.0 postinstall
Build iOS and Submit to TestFlight	UNKNOWN STEP	2026-09-28T19:54:44.9911520Z > patch-package
Build iOS and Submit to TestFlight	UNKNOWN STEP	2026-09-28T19:54:44.9912660Z 
Build iOS and Submit to TestFlight	UNKNOWN STEP	2026-09-28T19:54:45.2872650Z patch-package 8.0.1
Build iOS and Submit to TestFlight	UNKNOWN STEP	2026-09-28T19:54:45.2876410Z Applying patches...
Build iOS and Submit to TestFlight	UNKNOWN STEP	2026-09-28T19:54:45.2997090Z expo-modules-core@57.0.19 ✔
Build iOS and Submit to TestFlight	UNKNOWN STEP	2026-09-28T19:54:45.3355620Z expo-modules-jsi@57.1.1 ✔
Build iOS and Submit to TestFlight	UNKNOWN STEP	2026-09-28T19:54:45.3379990Z expo-notifications@57.0.21 ✔
Build iOS and Submit to TestFlight	UNKNOWN STEP	2026-09-28T19:54:45.3428600Z react-native@0.86.3 ✔
Build iOS and Submit to TestFlight	UNKNOWN STEP	2026-09-28T19:54:45.3597150Z 
Build iOS and Submit to TestFlight	UNKNOWN STEP	2026-09-28T19:54:45.3598490Z added 659 packages, and audited 660 packages in 16s
Build iOS and Submit to TestFlight	UNKNOWN STEP	2026-09-28T19:54:45.3599230Z 
Build iOS and Submit to TestFlight	UNKNOWN STEP	2026-09-28T19:54:45.3599780Z 80 packages are looking for funding
Build iOS and Submit to TestFlight	UNKNOWN STEP	2026-09-28T19:54:45.3600620Z   run `npm fund` for details
Build iOS and Submit to TestFlight	UNKNOWN STEP	2026-09-28T19:54:45.4002950Z 
Build iOS and Submit to TestFlight	UNKNOWN STEP	2026-09-28T19:54:45.4028280Z 13 moderate severity vulnerabilities
Build iOS and Submit to TestFlight	UNKNOWN STEP	2026-09-28T19:54:45.4029880Z 
Build iOS and Submit to TestFlight	UNKNOWN STEP	2026-09-28T19:54:45.4031400Z To address issues that do not require attention, run:
Build iOS and Submit to TestFlight	UNKNOWN STEP	2026-09-28T19:54:45.4032280Z   npm audit fix
Build iOS and Submit to TestFlight	UNKNOWN STEP	2026-09-28T19:54:45.4033620Z 
Build iOS and Submit to TestFlight	UNKNOWN STEP	2026-09-28T19:54:45.4035450Z To address all issues (including breaking changes), run:
Build iOS and Submit to TestFlight	UNKNOWN STEP	2026-09-28T19:54:45.4037950Z   npm audit fix --force
Build iOS and Submit to TestFlight	UNKNOWN STEP	2026-09-28T19:54:45.4048510Z 
Build iOS and Submit to TestFlight	UNKNOWN STEP	2026-09-28T19:54:45.4048910Z Run `npm audit` for details.
Build iOS and Submit to TestFlight	UNKNOWN STEP	2026-09-28T19:54:45.5384120Z ##[group]Run expo/expo-github-action@v8
Build iOS and Submit to TestFlight	UNKNOWN STEP	2026-09-28T19:54:45.5384470Z with:
Build iOS and Submit to TestFlight	UNKNOWN STEP	2026-09-28T19:54:45.5384830Z   eas-version: latest
Build iOS and Submit to TestFlight	UNKNOWN STEP	2026-09-28T19:54:45.5385610Z   token: ***
Build iOS and Submit to TestFlight	UNKNOWN STEP	2026-09-28T19:54:45.5385820Z   expo-cache: true
Build iOS and Submit to TestFlight	UNKNOWN STEP	2026-09-28T19:54:45.5386120Z   eas-cache: true
Build iOS and Submit to TestFlight	UNKNOWN STEP	2026-09-28T19:54:45.5386350Z   packager: yarn
Build iOS and Submit to TestFlight	UNKNOWN STEP	2026-09-28T19:54:45.5386730Z   patch-watchers: true
Build iOS and Submit to TestFlight	UNKNOWN STEP	2026-09-28T19:54:45.5387050Z ##[endgroup]
Build iOS and Submit to TestFlight	UNKNOWN STEP	2026-09-28T19:54:45.8395590Z Skipped installing expo-cli: 'expo-version' not provided.
Build iOS and Submit to TestFlight	UNKNOWN STEP	2026-09-28T19:54:45.8404820Z (node:10120) [DEP0040] DeprecationWarning: The `punycode` module is deprecated. Please use a userland alternative instead.
Build iOS and Submit to TestFlight	UNKNOWN STEP	2026-09-28T19:54:45.8409010Z (Use `node --trace-deprecation ...` to show where the warning was created)
Build iOS and Submit to TestFlight	UNKNOWN STEP	2026-09-28T19:54:46.6483660Z ##[group]Installing eas-cli (24.8.0) from cache or with yarn
Build iOS and Submit to TestFlight	UNKNOWN STEP	2026-09-28T19:54:46.7602620Z ##[warning]Failed to restore: Cache service responded with 400
Build iOS and Submit to TestFlight	UNKNOWN STEP	2026-09-28T19:54:46.7713510Z [command]/Users/runner/.yarn/bin/yarn add eas-cli@24.8.0
Build iOS and Submit to TestFlight	UNKNOWN STEP	2026-09-28T19:54:46.9749250Z yarn add v1.22.22
Build iOS and Submit to TestFlight	UNKNOWN STEP	2026-09-28T19:54:46.9856170Z info No lockfile found.
Build iOS and Submit to TestFlight	UNKNOWN STEP	2026-09-28T19:54:47.0002590Z [1/4] Resolving packages...
Build iOS and Submit to TestFlight	UNKNOWN STEP	2026-09-28T19:54:47.9545330Z warning eas-cli > @expo/rudder-sdk-node > uuid@8.3.2: uuid@10 and below is no longer supported.  For ESM codebases, update to uuid@latest.  For CommonJS codebases, use uuid@11 (but be aware this version will likely be deprecated in 2028).
Build iOS and Submit to TestFlight	UNKNOWN STEP	2026-09-28T19:54:48.3827360Z warning eas-cli > @expo/prebuild-config > @expo/config > glob@10.5.0: Old versions of glob are not supported, and contain widely publicized security vulnerabilities, which have been fixed in the current version. Please update. Support for old versions may be purchased (at exorbitant rates) by contacting i@izs.me
Build iOS and Submit to TestFlight	UNKNOWN STEP	2026-09-28T19:54:48.3927810Z warning eas-cli > @expo/prebuild-config > @expo/config-plugins > glob@10.5.0: Old versions of glob are not supported, and contain widely publicized security vulnerabilities, which have been fixed in the current version. Please update. Support for old versions may be purchased (at exorbitant rates) by contacting i@izs.me
Build iOS and Submit to TestFlight	UNKNOWN STEP	2026-09-28T19:54:48.6869530Z warning eas-cli > @expo/rudder-sdk-node > @expo/bunyan > uuid@8.3.2: uuid@10 and below is no longer supported.  For ESM codebases, update to uuid@latest.  For CommonJS codebases, use uuid@11 (but be aware this version will likely be deprecated in 2028).
Build iOS and Submit to TestFlight	UNKNOWN STEP	2026-09-28T19:54:48.7297940Z warning eas-cli > @expo/prebuild-config > @expo/config > sucrase > glob@10.5.0: Old versions of glob are not supported, and contain widely publicized security vulnerabilities, which have been fixed in the current version. Please update. Support for old versions may be purchased (at exorbitant rates) by contacting i@izs.me
Build iOS and Submit to TestFlight	UNKNOWN STEP	2026-09-28T19:54:48.7820340Z warning eas-cli > @expo/config-plugins > xcode > uuid@7.0.3: uuid@10 and below is no longer supported.  For ESM codebases, update to uuid@latest.  For CommonJS codebases, use uuid@11 (but be aware this version will likely be deprecated in 2028).
Build iOS and Submit to TestFlight	UNKNOWN STEP	2026-09-28T19:54:49.4216290Z warning eas-cli > @expo/logger > bunyan > mv > rimraf@2.4.5: Rimraf versions prior to v4 are no longer supported
Build iOS and Submit to TestFlight	UNKNOWN STEP	2026-09-28T19:54:49.4261430Z warning eas-cli > @expo/logger > bunyan > mv > rimraf > glob@6.0.4: Old versions of glob are not supported, and contain widely publicized security vulnerabilities, which have been fixed in the current version. Please update. Support for old versions may be purchased (at exorbitant rates) by contacting i@izs.me
Build iOS and Submit to TestFlight	UNKNOWN STEP	2026-09-28T19:54:49.7837360Z warning eas-cli > @expo/logger > bunyan > mv > rimraf > glob > inflight@1.0.6: This module is not supported, and leaks memory. Do not use it. Check out lru-cache if you want a good and tested way to coalesce async requests by a key value, which is much more comprehensive and powerful.
Build iOS and Submit to TestFlight	UNKNOWN STEP	2026-09-28T19:54:49.8478700Z [2/4] Fetching packages...
Build iOS and Submit to TestFlight	UNKNOWN STEP	2026-09-28T19:54:57.5438600Z [3/4] Linking dependencies...
Build iOS and Submit to TestFlight	UNKNOWN STEP	2026-09-28T19:54:57.5448510Z warning "eas-cli > @expo/plugin-help > @oclif/core > ts-node@10.9.2" has unmet peer dependency "@types/node@*".
Build iOS and Submit to TestFlight	UNKNOWN STEP	2026-09-28T19:54:57.5454570Z warning "eas-cli > @expo/plugin-help > @oclif/core > ts-node@10.9.2" has unmet peer dependency "typescript@>=2.7".
Build iOS and Submit to TestFlight	UNKNOWN STEP	2026-09-28T19:55:01.5466640Z [4/4] Building fresh packages...
Build iOS and Submit to TestFlight	UNKNOWN STEP	2026-09-28T19:55:16.2247780Z success Saved lockfile.
Build iOS and Submit to TestFlight	UNKNOWN STEP	2026-09-28T19:55:16.2742650Z success Saved 327 new dependencies.
Build iOS and Submit to TestFlight	UNKNOWN STEP	2026-09-28T19:55:16.2744650Z info Direct dependencies
Build iOS and Submit to TestFlight	UNKNOWN STEP	2026-09-28T19:55:16.2758550Z └─ eas-cli@24.8.0
Build iOS and Submit to TestFlight	UNKNOWN STEP	2026-09-28T19:55:16.2764600Z info All dependencies
Build iOS and Submit to TestFlight	UNKNOWN STEP	2026-09-28T19:55:16.2766000Z ├─ @0no-co/graphql.web@1.3.4
Build iOS and Submit to TestFlight	UNKNOWN STEP	2026-09-28T19:55:16.2767230Z ├─ @babel/compat-data@7.29.7
Build iOS and Submit to TestFlight	UNKNOWN STEP	2026-09-28T19:55:16.2771580Z ├─ @babel/core@7.29.7
Build iOS and Submit to TestFlight	UNKNOWN STEP	2026-09-28T19:55:16.2776230Z ├─ @babel/generator@7.29.8
Build iOS and Submit to TestFlight	UNKNOWN STEP	2026-09-28T19:55:16.2776890Z ├─ @babel/helper-compilation-targets@7.29.7
Build iOS and Submit to TestFlight	UNKNOWN STEP	2026-09-28T19:55:16.2778610Z ├─ @babel/helper-globals@7.29.7
Build iOS and Submit to TestFlight	UNKNOWN STEP	2026-09-28T19:55:16.2780050Z ├─ @babel/helper-module-imports@7.29.7
Build iOS and Submit to TestFlight	UNKNOWN STEP	2026-09-28T19:55:16.2785890Z ├─ @babel/helper-plugin-utils@7.29.7
Build iOS and Submit to TestFlight	UNKNOWN STEP	2026-09-28T19:55:16.2787200Z ├─ @babel/helper-string-parser@7.29.7
Build iOS and Submit to TestFlight	UNKNOWN STEP	2026-09-28T19:55:16.2787770Z ├─ @babel/helper-validator-option@7.29.7
Build iOS and Submit to TestFlight	UNKNOWN STEP	2026-09-28T19:55:16.2788290Z ├─ @babel/helpers@7.29.7
Build iOS and Submit to TestFlight	UNKNOWN STEP	2026-09-28T19:55:16.2819520Z ├─ @babel/highlight@7.25.9
Build iOS and Submit to TestFlight	UNKNOWN STEP	2026-09-28T19:55:16.2820850Z ├─ @babel/plugin-transform-modules-commonjs@7.29.7
Build iOS and Submit to TestFlight	UNKNOWN STEP	2026-09-28T19:55:16.2841090Z ├─ @cspotcode/source-map-support@0.8.1
Build iOS and Submit to TestFlight	UNKNOWN STEP	2026-09-28T19:55:16.2842010Z ├─ @expo/apple-utils@2.2.1
Build iOS and Submit to TestFlight	UNKNOWN STEP	2026-09-28T19:55:16.2843070Z ├─ @expo/bunyan@4.0.1
Build iOS and Submit to TestFlight	UNKNOWN STEP	2026-09-28T19:55:16.2858350Z ├─ @expo/code-signing-certificates@0.0.5
Build iOS and Submit to TestFlight	UNKNOWN STEP	2026-09-28T19:55:16.2858930Z ├─ @expo/config@55.0.10
Build iOS and Submit to TestFlight	UNKNOWN STEP	2026-09-28T19:55:16.2859270Z ├─ @expo/eas-json@24.8.0
Build iOS and Submit to TestFlight	UNKNOWN STEP	2026-09-28T19:55:16.2859730Z ├─ @expo/env@1.0.7
Build iOS and Submit to TestFlight	UNKNOWN STEP	2026-09-28T19:55:16.2860050Z ├─ @expo/image-utils@0.7.6
Build iOS and Submit to TestFlight	UNKNOWN STEP	2026-09-28T19:55:16.2860500Z ├─ @expo/json-file@9.1.5
Build iOS and Submit to TestFlight	UNKNOWN STEP	2026-09-28T19:55:16.2860990Z ├─ @expo/multipart-body-parser@2.0.0
Build iOS and Submit to TestFlight	UNKNOWN STEP	2026-09-28T19:55:16.2861480Z ├─ @expo/osascript@2.1.4
Build iOS and Submit to TestFlight	UNKNOWN STEP	2026-09-28T19:55:16.2863090Z ├─ @expo/package-manager@1.9.10
Build iOS and Submit to TestFlight	UNKNOWN STEP	2026-09-28T19:55:16.2864300Z ├─ @expo/pkcs12@0.1.3
Build iOS and Submit to TestFlight	UNKNOWN STEP	2026-09-28T19:55:16.2865090Z ├─ @expo/plist@0.3.5
Build iOS and Submit to TestFlight	UNKNOWN STEP	2026-09-28T19:55:16.2865940Z ├─ @expo/plugin-help@5.1.23
Build iOS and Submit to TestFlight	UNKNOWN STEP	2026-09-28T19:55:16.2867580Z ├─ @expo/plugin-warn-if-update-available@2.5.1
Build iOS and Submit to TestFlight	UNKNOWN STEP	2026-09-28T19:55:16.2869840Z ├─ @expo/prebuild-config@9.0.12
Build iOS and Submit to TestFlight	UNKNOWN STEP	2026-09-28T19:55:16.2871050Z ├─ @expo/require-utils@55.0.8
Build iOS and Submit to TestFlight	UNKNOWN STEP	2026-09-28T19:55:16.2871980Z ├─ @expo/rudder-sdk-node@1.1.1
Build iOS and Submit to TestFlight	UNKNOWN STEP	2026-09-28T19:55:16.2873200Z ├─ @expo/steps@24.8.0
Build iOS and Submit to TestFlight	UNKNOWN STEP	2026-09-28T19:55:16.2874340Z ├─ @expo/timeago.js@1.0.0
Build iOS and Submit to TestFlight	UNKNOWN STEP	2026-09-28T19:55:16.2875140Z ├─ @expo/turtle-spawn@24.8.0
Build iOS and Submit to TestFlight	UNKNOWN STEP	2026-09-28T19:55:16.2876090Z ├─ @hapi/topo@5.1.0
Build iOS and Submit to TestFlight	UNKNOWN STEP	2026-09-28T19:55:16.2876930Z ├─ @isaacs/cliui@8.0.2
Build iOS and Submit to TestFlight	UNKNOWN STEP	2026-09-28T19:55:16.2877880Z ├─ @isaacs/fs-minipass@4.0.1
Build iOS and Submit to TestFlight	UNKNOWN STEP	2026-09-28T19:55:16.2878960Z ├─ @jridgewell/gen-mapping@0.3.13
Build iOS and Submit to TestFlight	UNKNOWN STEP	2026-09-28T19:55:16.2880060Z ├─ @jridgewell/remapping@2.3.5
Build iOS and Submit to TestFlight	UNKNOWN STEP	2026-09-28T19:55:16.2880960Z ├─ @jridgewell/resolve-uri@3.1.2
Build iOS and Submit to TestFlight	UNKNOWN STEP	2026-09-28T19:55:16.2882010Z ├─ @jridgewell/sourcemap-codec@1.6.0
Build iOS and Submit to TestFlight	UNKNOWN STEP	2026-09-28T19:55:16.2883200Z ├─ @nodelib/fs.scandir@2.1.5
Build iOS and Submit to TestFlight	UNKNOWN STEP	2026-09-28T19:55:16.2884120Z ├─ @nodelib/fs.stat@2.0.5
Build iOS and Submit to TestFlight	UNKNOWN STEP	2026-09-28T19:55:16.2885160Z ├─ @oclif/plugin-autocomplete@3.3.0
Build iOS and Submit to TestFlight	UNKNOWN STEP	2026-09-28T19:55:16.2886490Z ├─ @pkgjs/parseargs@0.11.0
Build iOS and Submit to TestFlight	UNKNOWN STEP	2026-09-28T19:55:16.2888090Z ├─ @protobufjs/aspromise@1.1.2
Build iOS and Submit to TestFlight	UNKNOWN STEP	2026-09-28T19:55:16.2889110Z ├─ @protobufjs/base64@1.1.2
Build iOS and Submit to TestFlight	UNKNOWN STEP	2026-09-28T19:55:16.2890200Z ├─ @protobufjs/codegen@2.0.5
Build iOS and Submit to TestFlight	UNKNOWN STEP	2026-09-28T19:55:16.2891540Z ├─ @protobufjs/eventemitter@1.1.1
Build iOS and Submit to TestFlight	UNKNOWN STEP	2026-09-28T19:55:16.2892660Z ├─ @protobufjs/fetch@1.1.1
Build iOS and Submit to TestFlight	UNKNOWN STEP	2026-09-28T19:55:16.2893520Z ├─ @protobufjs/float@1.0.2
Build iOS and Submit to TestFlight	UNKNOWN STEP	2026-09-28T19:55:16.2894840Z ├─ @protobufjs/path@1.1.2
Build iOS and Submit to TestFlight	UNKNOWN STEP	2026-09-28T19:55:16.2895820Z ├─ @protobufjs/pool@1.1.0
Build iOS and Submit to TestFlight	UNKNOWN STEP	2026-09-28T19:55:16.2896720Z ├─ @protobufjs/utf8@1.1.2
Build iOS and Submit to TestFlight	UNKNOWN STEP	2026-09-28T19:55:16.2898850Z ├─ @react-native/normalize-colors@0.79.6
Build iOS and Submit to TestFlight	UNKNOWN STEP	2026-09-28T19:55:16.2899680Z ├─ @segment/ajv-human-errors@2.16.0
Build iOS and Submit to TestFlight	UNKNOWN STEP	2026-09-28T19:55:16.2900220Z ├─ @segment/loosely-validate-event@2.0.0
Build iOS and Submit to TestFlight	UNKNOWN STEP	2026-09-28T19:55:16.2900680Z ├─ @sentry-internal/tracing@7.77.0
Build iOS and Submit to TestFlight	UNKNOWN STEP	2026-09-28T19:55:16.2903130Z ├─ @sentry/node@7.77.0
Build iOS and Submit to TestFlight	UNKNOWN STEP	2026-09-28T19:55:16.2911230Z ├─ @sideway/address@4.1.5
Build iOS and Submit to TestFlight	UNKNOWN STEP	2026-09-28T19:55:16.2911640Z ├─ @tsconfig/node10@1.0.13
Build iOS and Submit to TestFlight	UNKNOWN STEP	2026-09-28T19:55:16.2912040Z ├─ @tsconfig/node12@1.0.11
Build iOS and Submit to TestFlight	UNKNOWN STEP	2026-09-28T19:55:16.2912450Z ├─ @tsconfig/node14@1.0.3
Build iOS and Submit to TestFlight	UNKNOWN STEP	2026-09-28T19:55:16.2912800Z ├─ @tsconfig/node16@1.0.4
Build iOS and Submit to TestFlight	UNKNOWN STEP	2026-09-28T19:55:16.2913220Z ├─ @types/bunyan@1.8.11
Build iOS and Submit to TestFlight	UNKNOWN STEP	2026-09-28T19:55:16.2914370Z ├─ @types/cli-progress@3.11.6
Build iOS and Submit to TestFlight	UNKNOWN STEP	2026-09-28T19:55:16.2914730Z ├─ @urql/core@4.0.11
Build iOS and Submit to TestFlight	UNKNOWN STEP	2026-09-28T19:55:16.2915240Z ├─ @urql/exchange-retry@1.2.0
Build iOS and Submit to TestFlight	UNKNOWN STEP	2026-09-28T19:55:16.2915680Z ├─ acorn-walk@8.3.5
Build iOS and Submit to TestFlight	UNKNOWN STEP	2026-09-28T19:55:16.2916000Z ├─ acorn@8.18.0
Build iOS and Submit to TestFlight	UNKNOWN STEP	2026-09-28T19:55:16.2916430Z ├─ agent-base@7.1.4
Build iOS and Submit to TestFlight	UNKNOWN STEP	2026-09-28T19:55:16.2916890Z ├─ agent-cli-detector@0.1.7
Build iOS and Submit to TestFlight	UNKNOWN STEP	2026-09-28T19:55:16.2917260Z ├─ ajv-formats@2.1.1
Build iOS and Submit to TestFlight	UNKNOWN STEP	2026-09-28T19:55:16.2917710Z ├─ ajv@8.11.0
Build iOS and Submit to TestFlight	UNKNOWN STEP	2026-09-28T19:55:16.2918180Z ├─ ansicolors@0.3.2
Build iOS and Submit to TestFlight	UNKNOWN STEP	2026-09-28T19:55:16.2919130Z ├─ ansis@3.17.0
Build iOS and Submit to TestFlight	UNKNOWN STEP	2026-09-28T19:55:16.2919570Z ├─ arg@4.1.3
Build iOS and Submit to TestFlight	UNKNOWN STEP	2026-09-28T19:55:16.2919980Z ├─ argparse@1.0.10
Build iOS and Submit to TestFlight	UNKNOWN STEP	2026-09-28T19:55:16.2920340Z ├─ array-union@2.1.0
Build iOS and Submit to TestFlight	UNKNOWN STEP	2026-09-28T19:55:16.2920820Z ├─ asn1@0.2.6
Build iOS and Submit to TestFlight	UNKNOWN STEP	2026-09-28T19:55:16.2921280Z ├─ astral-regex@2.0.0
Build iOS and Submit to TestFlight	UNKNOWN STEP	2026-09-28T19:55:16.2921730Z ├─ async@3.2.6
Build iOS and Submit to TestFlight	UNKNOWN STEP	2026-09-28T19:55:16.2922040Z ├─ asynckit@0.4.0
Build iOS and Submit to TestFlight	UNKNOWN STEP	2026-09-28T19:55:16.2922420Z ├─ balanced-match@1.0.2
Build iOS and Submit to TestFlight	UNKNOWN STEP	2026-09-28T19:55:16.2922810Z ├─ bare-events@2.9.2
Build iOS and Submit to TestFlight	UNKNOWN STEP	2026-09-28T19:55:16.2923200Z ├─ baseline-browser-mapping@2.11.26
Build iOS and Submit to TestFlight	UNKNOWN STEP	2026-09-28T19:55:16.2923690Z ├─ better-opn@3.0.2
Build iOS and Submit to TestFlight	UNKNOWN STEP	2026-09-28T19:55:16.2924140Z ├─ bplist-creator@0.1.0
Build iOS and Submit to TestFlight	UNKNOWN STEP	2026-09-28T19:55:16.2924540Z ├─ bplist-parser@0.3.2
Build iOS and Submit to TestFlight	UNKNOWN STEP	2026-09-28T19:55:16.2924960Z ├─ braces@3.0.3
Build iOS and Submit to TestFlight	UNKNOWN STEP	2026-09-28T19:55:16.2925380Z ├─ browserslist@4.29.2
Build iOS and Submit to TestFlight	UNKNOWN STEP	2026-09-28T19:55:16.2925860Z ├─ bunyan@1.8.15
Build iOS and Submit to TestFlight	UNKNOWN STEP	2026-09-28T19:55:16.2926320Z ├─ call-bind-apply-helpers@1.0.2
Build iOS and Submit to TestFlight	UNKNOWN STEP	2026-09-28T19:55:16.2926780Z ├─ caniuse-lite@1.0.30001813
Build iOS and Submit to TestFlight	UNKNOWN STEP	2026-09-28T19:55:16.2927230Z ├─ cardinal@2.1.1
Build iOS and Submit to TestFlight	UNKNOWN STEP	2026-09-28T19:55:16.2927640Z ├─ centrifuge@5.7.1
Build iOS and Submit to TestFlight	UNKNOWN STEP	2026-09-28T19:55:16.2927930Z ├─ charenc@0.0.2
Build iOS and Submit to TestFlight	UNKNOWN STEP	2026-09-28T19:55:16.2928380Z ├─ chownr@3.0.0
Build iOS and Submit to TestFlight	UNKNOWN STEP	2026-09-28T19:55:16.2928790Z ├─ cli-cursor@3.1.0
Build iOS and Submit to TestFlight	UNKNOWN STEP	2026-09-28T19:55:16.2929140Z ├─ cli-progress@3.12.0
Build iOS and Submit to TestFlight	UNKNOWN STEP	2026-09-28T19:55:16.2929600Z ├─ cli-spinners@2.9.2
Build iOS and Submit to TestFlight	UNKNOWN STEP	2026-09-28T19:55:16.2930010Z ├─ clone@1.0.4
Build iOS and Submit to TestFlight	UNKNOWN STEP	2026-09-28T19:55:16.2930320Z ├─ color-convert@2.0.1
Build iOS and Submit to TestFlight	UNKNOWN STEP	2026-09-28T19:55:16.2930740Z ├─ color-name@1.1.4
Build iOS and Submit to TestFlight	UNKNOWN STEP	2026-09-28T19:55:16.2931190Z ├─ combined-stream@1.0.8
Build iOS and Submit to TestFlight	UNKNOWN STEP	2026-09-28T19:55:16.2931570Z ├─ commander@4.1.1
Build iOS and Submit to TestFlight	UNKNOWN STEP	2026-09-28T19:55:16.2931990Z ├─ component-type@1.2.2
Build iOS and Submit to TestFlight	UNKNOWN STEP	2026-09-28T19:55:16.2932580Z ├─ concat-map@0.0.1
Build iOS and Submit to TestFlight	UNKNOWN STEP	2026-09-28T19:55:16.2932880Z ├─ content-type@1.0.5
Build iOS and Submit to TestFlight	UNKNOWN STEP	2026-09-28T19:55:16.2933380Z ├─ convert-source-map@2.0.0
Build iOS and Submit to TestFlight	UNKNOWN STEP	2026-09-28T19:55:16.2933870Z ├─ create-require@1.1.1
Build iOS and Submit to TestFlight	UNKNOWN STEP	2026-09-28T19:55:16.2934200Z ├─ crypt@0.0.2
Build iOS and Submit to TestFlight	UNKNOWN STEP	2026-09-28T19:55:16.2934660Z ├─ crypto-random-string@2.0.0
Build iOS and Submit to TestFlight	UNKNOWN STEP	2026-09-28T19:55:16.2937160Z ├─ dateformat@4.6.3
Build iOS and Submit to TestFlight	UNKNOWN STEP	2026-09-28T19:55:16.2938640Z ├─ defaults@1.0.4
Build iOS and Submit to TestFlight	UNKNOWN STEP	2026-09-28T19:55:16.2939250Z ├─ delayed-stream@1.0.0
Build iOS and Submit to TestFlight	UNKNOWN STEP	2026-09-28T19:55:16.2939950Z ├─ diff@7.0.0
Build iOS and Submit to TestFlight	UNKNOWN STEP	2026-09-28T19:55:16.2941230Z ├─ dir-glob@3.0.1
Build iOS and Submit to TestFlight	UNKNOWN STEP	2026-09-28T19:55:16.2942550Z ├─ domino@2.1.8
Build iOS and Submit to TestFlight	UNKNOWN STEP	2026-09-28T19:55:16.2944520Z ├─ dotenv-expand@11.0.7
Build iOS and Submit to TestFlight	UNKNOWN STEP	2026-09-28T19:55:16.2945870Z ├─ dotenv@16.3.1
Build iOS and Submit to TestFlight	UNKNOWN STEP	2026-09-28T19:55:16.2947670Z ├─ dtrace-provider@0.8.8
Build iOS and Submit to TestFlight	UNKNOWN STEP	2026-09-28T19:55:16.2948580Z ├─ dunder-proto@1.0.1
Build iOS and Submit to TestFlight	UNKNOWN STEP	2026-09-28T19:55:16.2950610Z ├─ eas-cli@24.8.0
Build iOS and Submit to TestFlight	UNKNOWN STEP	2026-09-28T19:55:16.2951790Z ├─ eastasianwidth@0.2.0
Build iOS and Submit to TestFlight	UNKNOWN STEP	2026-09-28T19:55:16.2953200Z ├─ ejs@3.1.10
Build iOS and Submit to TestFlight	UNKNOWN STEP	2026-09-28T19:55:16.2955620Z ├─ electron-to-chromium@1.5.439
Build iOS and Submit to TestFlight	UNKNOWN STEP	2026-09-28T19:55:16.2956470Z ├─ env-paths@2.2.0
Build iOS and Submit to TestFlight	UNKNOWN STEP	2026-09-28T19:55:16.2957590Z ├─ env-string@1.0.1
Build iOS and Submit to TestFlight	UNKNOWN STEP	2026-09-28T19:55:16.2958830Z ├─ envinfo@7.11.0
Build iOS and Submit to TestFlight	UNKNOWN STEP	2026-09-28T19:55:16.2959770Z ├─ err-code@2.0.3
Build iOS and Submit to TestFlight	UNKNOWN STEP	2026-09-28T19:55:16.2961110Z ├─ error-ex@1.3.4
Build iOS and Submit to TestFlight	UNKNOWN STEP	2026-09-28T19:55:16.2962080Z ├─ es-define-property@1.0.1
Build iOS and Submit to TestFlight	UNKNOWN STEP	2026-09-28T19:55:16.2963130Z ├─ es-object-atoms@1.1.2
Build iOS and Submit to TestFlight	UNKNOWN STEP	2026-09-28T19:55:16.2963930Z ├─ es-set-tostringtag@2.1.0
Build iOS and Submit to TestFlight	UNKNOWN STEP	2026-09-28T19:55:16.2964720Z ├─ escalade@3.2.0
Build iOS and Submit to TestFlight	UNKNOWN STEP	2026-09-28T19:55:16.2965380Z ├─ esprima@4.0.1
Build iOS and Submit to TestFlight	UNKNOWN STEP	2026-09-28T19:55:16.2966780Z ├─ events-universal@1.0.1
Build iOS and Submit to TestFlight	UNKNOWN STEP	2026-09-28T19:55:16.2968630Z ├─ events@3.3.0
Build iOS and Submit to TestFlight	UNKNOWN STEP	2026-09-28T19:55:16.2969960Z ├─ exec-async@2.2.0
Build iOS and Submit to TestFlight	UNKNOWN STEP	2026-09-28T19:55:16.2972370Z ├─ fast-deep-equal@3.1.3
Build iOS and Submit to TestFlight	UNKNOWN STEP	2026-09-28T19:55:16.2974010Z ├─ fast-fifo@1.3.2
Build iOS and Submit to TestFlight	UNKNOWN STEP	2026-09-28T19:55:16.2975100Z ├─ fast-glob@3.3.3
Build iOS and Submit to TestFlight	UNKNOWN STEP	2026-09-28T19:55:16.2976180Z ├─ fast-uri@3.1.8
Build iOS and Submit to TestFlight	UNKNOWN STEP	2026-09-28T19:55:16.2978190Z ├─ fastq@1.20.3
Build iOS and Submit to TestFlight	UNKNOWN STEP	2026-09-28T19:55:16.2979080Z ├─ fdir@6.5.0
Build iOS and Submit to TestFlight	UNKNOWN STEP	2026-09-28T19:55:16.2980810Z ├─ fetch-retry@4.1.1
Build iOS and Submit to TestFlight	UNKNOWN STEP	2026-09-28T19:55:16.2981590Z ├─ figures@3.2.0
Build iOS and Submit to TestFlight	UNKNOWN STEP	2026-09-28T19:55:16.2982280Z ├─ filelist@1.0.6
Build iOS and Submit to TestFlight	UNKNOWN STEP	2026-09-28T19:55:16.2982720Z ├─ fill-range@7.1.1
Build iOS and Submit to TestFlight	UNKNOWN STEP	2026-09-28T19:55:16.2983880Z ├─ find-up@4.1.0
Build iOS and Submit to TestFlight	UNKNOWN STEP	2026-09-28T19:55:16.2985020Z ├─ foreground-child@3.3.1
Build iOS and Submit to TestFlight	UNKNOWN STEP	2026-09-28T19:55:16.2985510Z ├─ form-data@4.0.6
Build iOS and Submit to TestFlight	UNKNOWN STEP	2026-09-28T19:55:16.2986610Z ├─ gensync@1.0.0-beta.2
Build iOS and Submit to TestFlight	UNKNOWN STEP	2026-09-28T19:55:16.2988970Z ├─ get-intrinsic@1.3.0
Build iOS and Submit to TestFlight	UNKNOWN STEP	2026-09-28T19:55:16.2990090Z ├─ get-proto@1.0.1
Build iOS and Submit to TestFlight	UNKNOWN STEP	2026-09-28T19:55:16.2991120Z ├─ glob@10.5.0
Build iOS and Submit to TestFlight	UNKNOWN STEP	2026-09-28T19:55:16.2992330Z ├─ globby@11.1.0
Build iOS and Submit to TestFlight	UNKNOWN STEP	2026-09-28T19:55:16.2993500Z ├─ golden-fleece@1.0.9
Build iOS and Submit to TestFlight	UNKNOWN STEP	2026-09-28T19:55:16.2994930Z ├─ graceful-fs@4.2.11
Build iOS and Submit to TestFlight	UNKNOWN STEP	2026-09-28T19:55:16.2996190Z ├─ gradle-to-js@2.0.1
Build iOS and Submit to TestFlight	UNKNOWN STEP	2026-09-28T19:55:16.2997720Z ├─ graphql-tag@2.12.6
Build iOS and Submit to TestFlight	UNKNOWN STEP	2026-09-28T19:55:16.2999390Z ├─ graphql@16.8.1
Build iOS and Submit to TestFlight	UNKNOWN STEP	2026-09-28T19:55:16.3002300Z ├─ has-symbols@1.1.0
Build iOS and Submit to TestFlight	UNKNOWN STEP	2026-09-28T19:55:16.3003550Z ├─ has-tostringtag@1.0.2
Build iOS and Submit to TestFlight	UNKNOWN STEP	2026-09-28T19:55:16.3004690Z ├─ hosted-git-info@7.0.2
Build iOS and Submit to TestFlight	UNKNOWN STEP	2026-09-28T19:55:16.3005660Z ├─ http-call@5.3.0
Build iOS and Submit to TestFlight	UNKNOWN STEP	2026-09-28T19:55:16.3006440Z ├─ https-proxy-agent@7.0.6
Build iOS and Submit to TestFlight	UNKNOWN STEP	2026-09-28T19:55:16.3007450Z ├─ hyperlinker@1.0.0
Build iOS and Submit to TestFlight	UNKNOWN STEP	2026-09-28T19:55:16.3008120Z ├─ ignore@5.3.0
Build iOS and Submit to TestFlight	UNKNOWN STEP	2026-09-28T19:55:16.3009560Z ├─ imurmurhash@0.1.4
Build iOS and Submit to TestFlight	UNKNOWN STEP	2026-09-28T19:55:16.3011060Z ├─ inflight@1.0.6
Build iOS and Submit to TestFlight	UNKNOWN STEP	2026-09-28T19:55:16.3012000Z ├─ inherits@2.0.4
Build iOS and Submit to TestFlight	UNKNOWN STEP	2026-09-28T19:55:16.3012860Z ├─ invariant@2.2.4
Build iOS and Submit to TestFlight	UNKNOWN STEP	2026-09-28T19:55:16.3014070Z ├─ is-arrayish@0.2.1
Build iOS and Submit to TestFlight	UNKNOWN STEP	2026-09-28T19:55:16.3014930Z ├─ is-buffer@1.1.6
Build iOS and Submit to TestFlight	UNKNOWN STEP	2026-09-28T19:55:16.3015660Z ├─ is-docker@2.2.1
Build iOS and Submit to TestFlight	UNKNOWN STEP	2026-09-28T19:55:16.3017820Z ├─ is-extglob@2.1.1
Build iOS and Submit to TestFlight	UNKNOWN STEP	2026-09-28T19:55:16.3019060Z ├─ is-glob@4.0.3
Build iOS and Submit to TestFlight	UNKNOWN STEP	2026-09-28T19:55:16.3020600Z ├─ is-inside-container@1.0.0
Build iOS and Submit to TestFlight	UNKNOWN STEP	2026-09-28T19:55:16.3110710Z ├─ is-interactive@1.0.0
Build iOS and Submit to TestFlight	UNKNOWN STEP	2026-09-28T19:55:16.3111490Z ├─ is-number@7.0.0
Build iOS and Submit to TestFlight	UNKNOWN STEP	2026-09-28T19:55:16.3112780Z ├─ is-retry-allowed@1.2.0
Build iOS and Submit to TestFlight	UNKNOWN STEP	2026-09-28T19:55:16.3113300Z ├─ is-stream@2.0.1
Build iOS and Submit to TestFlight	UNKNOWN STEP	2026-09-28T19:55:16.3114680Z ├─ is-unicode-supported@0.1.0
Build iOS and Submit to TestFlight	UNKNOWN STEP	2026-09-28T19:55:16.3115820Z ├─ isexe@2.0.0
Build iOS and Submit to TestFlight	UNKNOWN STEP	2026-09-28T19:55:16.3116440Z ├─ jackspeak@3.4.3
Build iOS and Submit to TestFlight	UNKNOWN STEP	2026-09-28T19:55:16.3116670Z ├─ jake@10.9.4
Build iOS and Submit to TestFlight	UNKNOWN STEP	2026-09-28T19:55:16.3117530Z ├─ jimp-compact@0.16.1
Build iOS and Submit to TestFlight	UNKNOWN STEP	2026-09-28T19:55:16.3118100Z ├─ jks-js@1.1.0
Build iOS and Submit to TestFlight	UNKNOWN STEP	2026-09-28T19:55:16.3119300Z ├─ join-component@1.1.0
Build iOS and Submit to TestFlight	UNKNOWN STEP	2026-09-28T19:55:16.3120680Z ├─ js-yaml@3.15.2
Build iOS and Submit to TestFlight	UNKNOWN STEP	2026-09-28T19:55:16.3121530Z ├─ jsep@1.4.0
Build iOS and Submit to TestFlight	UNKNOWN STEP	2026-09-28T19:55:16.3122290Z ├─ jsesc@3.1.0
Build iOS and Submit to TestFlight	UNKNOWN STEP	2026-09-28T19:55:16.3124760Z ├─ json-parse-better-errors@1.0.2
Build iOS and Submit to TestFlight	UNKNOWN STEP	2026-09-28T19:55:16.3126100Z ├─ keychain@1.5.0
Build iOS and Submit to TestFlight	UNKNOWN STEP	2026-09-28T19:55:16.3126840Z ├─ kleur@3.0.3
Build iOS and Submit to TestFlight	UNKNOWN STEP	2026-09-28T19:55:16.3127640Z ├─ lilconfig@3.1.3
Build iOS and Submit to TestFlight	UNKNOWN STEP	2026-09-28T19:55:16.3128550Z ├─ lines-and-columns@1.2.4
Build iOS and Submit to TestFlight	UNKNOWN STEP	2026-09-28T19:55:16.3129440Z ├─ locate-path@5.0.0
Build iOS and Submit to TestFlight	UNKNOWN STEP	2026-09-28T19:55:16.3129970Z ├─ lodash.clonedeep@4.5.0
Build iOS and Submit to TestFlight	UNKNOWN STEP	2026-09-28T19:55:16.3130960Z ├─ lodash.merge@4.6.2
Build iOS and Submit to TestFlight	UNKNOWN STEP	2026-09-28T19:55:16.3132650Z ├─ long@5.3.2
Build iOS and Submit to TestFlight	UNKNOWN STEP	2026-09-28T19:55:16.3133880Z ├─ loose-envify@1.4.0
Build iOS and Submit to TestFlight	UNKNOWN STEP	2026-09-28T19:55:16.3134550Z ├─ lru-cache@10.4.3
Build iOS and Submit to TestFlight	UNKNOWN STEP	2026-09-28T19:55:16.3136160Z ├─ make-error@1.3.6
Build iOS and Submit to TestFlight	UNKNOWN STEP	2026-09-28T19:55:16.3137360Z ├─ math-intrinsics@1.1.0
Build iOS and Submit to TestFlight	UNKNOWN STEP	2026-09-28T19:55:16.3140480Z ├─ md5@2.3.0
Build iOS and Submit to TestFlight	UNKNOWN STEP	2026-09-28T19:55:16.3141870Z ├─ merge2@1.4.1
Build iOS and Submit to TestFlight	UNKNOWN STEP	2026-09-28T19:55:16.3142520Z ├─ micromatch@4.0.8
Build iOS and Submit to TestFlight	UNKNOWN STEP	2026-09-28T19:55:16.3142860Z ├─ mime-db@1.52.0
Build iOS and Submit to TestFlight	UNKNOWN STEP	2026-09-28T19:55:16.3143300Z ├─ mime-types@2.1.35
Build iOS and Submit to TestFlight	UNKNOWN STEP	2026-09-28T19:55:16.3145590Z ├─ mime@3.0.0
Build iOS and Submit to TestFlight	UNKNOWN STEP	2026-09-28T19:55:16.3146900Z ├─ mimic-fn@2.1.0
Build iOS and Submit to TestFlight	UNKNOWN STEP	2026-09-28T19:55:16.3147930Z ├─ minimatch@10.2.6
Build iOS and Submit to TestFlight	UNKNOWN STEP	2026-09-28T19:55:16.3148410Z ├─ minimist@1.2.8
Build iOS and Submit to TestFlight	UNKNOWN STEP	2026-09-28T19:55:16.3148750Z ├─ minipass@7.1.3
Build iOS and Submit to TestFlight	UNKNOWN STEP	2026-09-28T19:55:16.3149070Z ├─ minizlib@3.1.0
Build iOS and Submit to TestFlight	UNKNOWN STEP	2026-09-28T19:55:16.3149850Z ├─ mkdirp@0.5.6
Build iOS and Submit to TestFlight	UNKNOWN STEP	2026-09-28T19:55:16.3150240Z ├─ moment@2.31.0
Build iOS and Submit to TestFlight	UNKNOWN STEP	2026-09-28T19:55:16.3150490Z ├─ ms@2.1.3
Build iOS and Submit to TestFlight	UNKNOWN STEP	2026-09-28T19:55:16.3150760Z ├─ multipasta@0.2.8
Build iOS and Submit to TestFlight	UNKNOWN STEP	2026-09-28T19:55:16.3152160Z ├─ mute-stream@0.0.8
Build iOS and Submit to TestFlight	UNKNOWN STEP	2026-09-28T19:55:16.3152450Z ├─ mv@2.1.1
Build iOS and Submit to TestFlight	UNKNOWN STEP	2026-09-28T19:55:16.3153010Z ├─ mz@2.7.0
Build iOS and Submit to TestFlight	UNKNOWN STEP	2026-09-28T19:55:16.3153300Z ├─ nan@2.29.0
Build iOS and Submit to TestFlight	UNKNOWN STEP	2026-09-28T19:55:16.3153540Z ├─ nanoid@3.3.8
Build iOS and Submit to TestFlight	UNKNOWN STEP	2026-09-28T19:55:16.3153860Z ├─ natural-orderby@2.0.3
Build iOS and Submit to TestFlight	UNKNOWN STEP	2026-09-28T19:55:16.3154160Z ├─ ncp@2.0.0
Build iOS and Submit to TestFlight	UNKNOWN STEP	2026-09-28T19:55:16.3154430Z ├─ node-fetch@2.6.7
Build iOS and Submit to TestFlight	UNKNOWN STEP	2026-09-28T19:55:16.3154700Z ├─ node-int64@0.4.0
Build iOS and Submit to TestFlight	UNKNOWN STEP	2026-09-28T19:55:16.3155010Z ├─ node-releases@2.0.57
Build iOS and Submit to TestFlight	UNKNOWN STEP	2026-09-28T19:55:16.3155340Z ├─ node-rsa@1.1.1
Build iOS and Submit to TestFlight	UNKNOWN STEP	2026-09-28T19:55:16.3155690Z ├─ node-stream-zip@1.15.0
Build iOS and Submit to TestFlight	UNKNOWN STEP	2026-09-28T19:55:16.3155950Z ├─ npm-package-arg@11.0.3
Build iOS and Submit to TestFlight	UNKNOWN STEP	2026-09-28T19:55:16.3156160Z ├─ nullthrows@1.1.1
Build iOS and Submit to TestFlight	UNKNOWN STEP	2026-09-28T19:55:16.3156380Z ├─ object-assign@4.1.1
Build iOS and Submit to TestFlight	UNKNOWN STEP	2026-09-28T19:55:16.3156600Z ├─ object-treeify@1.1.33
Build iOS and Submit to TestFlight	UNKNOWN STEP	2026-09-28T19:55:16.3156810Z ├─ onetime@5.1.2
Build iOS and Submit to TestFlight	UNKNOWN STEP	2026-09-28T19:55:16.3156980Z ├─ open@8.4.0
Build iOS and Submit to TestFlight	UNKNOWN STEP	2026-09-28T19:55:16.3157150Z ├─ ora@5.1.0
Build iOS and Submit to TestFlight	UNKNOWN STEP	2026-09-28T19:55:16.3157310Z ├─ p-limit@2.3.0
Build iOS and Submit to TestFlight	UNKNOWN STEP	2026-09-28T19:55:16.3157500Z ├─ p-locate@4.1.0
Build iOS and Submit to TestFlight	UNKNOWN STEP	2026-09-28T19:55:16.3157670Z ├─ p-try@2.2.0
Build iOS and Submit to TestFlight	UNKNOWN STEP	2026-09-28T19:55:16.3157940Z ├─ package-json-from-dist@1.0.1
Build iOS and Submit to TestFlight	UNKNOWN STEP	2026-09-28T19:55:16.3158190Z ├─ parse-json@4.0.0
Build iOS and Submit to TestFlight	UNKNOWN STEP	2026-09-28T19:55:16.3158380Z ├─ parse-png@2.1.0
Build iOS and Submit to TestFlight	UNKNOWN STEP	2026-09-28T19:55:16.3158590Z ├─ password-prompt@1.1.3
Build iOS and Submit to TestFlight	UNKNOWN STEP	2026-09-28T19:55:16.3158810Z ├─ path-exists@4.0.0
Build iOS and Submit to TestFlight	UNKNOWN STEP	2026-09-28T19:55:16.3159030Z ├─ path-is-absolute@1.0.1
Build iOS and Submit to TestFlight	UNKNOWN STEP	2026-09-28T19:55:16.3159250Z ├─ path-key@3.1.1
Build iOS and Submit to TestFlight	UNKNOWN STEP	2026-09-28T19:55:16.3159460Z ├─ path-scurry@1.11.1
Build iOS and Submit to TestFlight	UNKNOWN STEP	2026-09-28T19:55:16.3159670Z ├─ path-type@4.0.0
Build iOS and Submit to TestFlight	UNKNOWN STEP	2026-09-28T19:55:16.3159860Z ├─ picomatch@4.0.7
Build iOS and Submit to TestFlight	UNKNOWN STEP	2026-09-28T19:55:16.3160040Z ├─ pirates@4.0.7
Build iOS and Submit to TestFlight	UNKNOWN STEP	2026-09-28T19:55:16.3160210Z ├─ pkg-dir@4.2.0
Build iOS and Submit to TestFlight	UNKNOWN STEP	2026-09-28T19:55:16.3160390Z ├─ plist@3.1.1
Build iOS and Submit to TestFlight	UNKNOWN STEP	2026-09-28T19:55:16.3160570Z ├─ pngjs@7.0.0
Build iOS and Submit to TestFlight	UNKNOWN STEP	2026-09-28T19:55:16.3160780Z ├─ powershell-utils@0.1.0
Build iOS and Submit to TestFlight	UNKNOWN STEP	2026-09-28T19:55:16.3161010Z ├─ proc-log@4.2.0
Build iOS and Submit to TestFlight	UNKNOWN STEP	2026-09-28T19:55:16.3161220Z ├─ promise-limit@2.7.0
Build iOS and Submit to TestFlight	UNKNOWN STEP	2026-09-28T19:55:16.3161450Z ├─ promise-retry@2.0.1
Build iOS and Submit to TestFlight	UNKNOWN STEP	2026-09-28T19:55:16.3161640Z ├─ prompts@2.4.2
Build iOS and Submit to TestFlight	UNKNOWN STEP	2026-09-28T19:55:16.3161830Z ├─ protobufjs@7.6.6
Build iOS and Submit to TestFlight	UNKNOWN STEP	2026-09-28T19:55:16.3162020Z ├─ punycode@2.3.1
Build iOS and Submit to TestFlight	UNKNOWN STEP	2026-09-28T19:55:16.3162240Z ├─ qrcode-terminal@0.12.0
Build iOS and Submit to TestFlight	UNKNOWN STEP	2026-09-28T19:55:16.3162480Z ├─ queue-microtask@1.2.3
Build iOS and Submit to TestFlight	UNKNOWN STEP	2026-09-28T19:55:16.3162680Z ├─ redeyed@2.1.1
Build iOS and Submit to TestFlight	UNKNOWN STEP	2026-09-28T19:55:16.3162930Z ├─ remove-trailing-slash@0.1.1
Build iOS and Submit to TestFlight	UNKNOWN STEP	2026-09-28T19:55:16.3163180Z ├─ restore-cursor@3.1.0
Build iOS and Submit to TestFlight	UNKNOWN STEP	2026-09-28T19:55:16.3163400Z ├─ retry@0.12.0
Build iOS and Submit to TestFlight	UNKNOWN STEP	2026-09-28T19:55:16.3163590Z ├─ reusify@1.1.0
Build iOS and Submit to TestFlight	UNKNOWN STEP	2026-09-28T19:55:16.3163760Z ├─ rimraf@2.4.5
Build iOS and Submit to TestFlight	UNKNOWN STEP	2026-09-28T19:55:16.3163970Z ├─ run-parallel@1.2.0
Build iOS and Submit to TestFlight	UNKNOWN STEP	2026-09-28T19:55:16.3164210Z ├─ safe-buffer@5.2.1
Build iOS and Submit to TestFlight	UNKNOWN STEP	2026-09-28T19:55:16.3164440Z ├─ safe-json-stringify@1.2.0
Build iOS and Submit to TestFlight	UNKNOWN STEP	2026-09-28T19:55:16.3164690Z ├─ safer-buffer@2.1.2
Build iOS and Submit to TestFlight	UNKNOWN STEP	2026-09-28T19:55:16.3164950Z ├─ sandbox-cli-detector@0.2.0
Build iOS and Submit to TestFlight	UNKNOWN STEP	2026-09-28T19:55:16.3165180Z ├─ sax@1.6.1
Build iOS and Submit to TestFlight	UNKNOWN STEP	2026-09-28T19:55:16.3165420Z ├─ set-interval-async@3.0.3
Build iOS and Submit to TestFlight	UNKNOWN STEP	2026-09-28T19:55:16.3165690Z ├─ shebang-command@2.0.0
Build iOS and Submit to TestFlight	UNKNOWN STEP	2026-09-28T19:55:16.3165940Z ├─ shebang-regex@3.0.0
Build iOS and Submit to TestFlight	UNKNOWN STEP	2026-09-28T19:55:16.3166160Z ├─ simple-plist@1.3.1
Build iOS and Submit to TestFlight	UNKNOWN STEP	2026-09-28T19:55:16.3166370Z ├─ sisteransi@1.0.5
Build iOS and Submit to TestFlight	UNKNOWN STEP	2026-09-28T19:55:16.3166570Z ├─ slice-ansi@4.0.0
Build iOS and Submit to TestFlight	UNKNOWN STEP	2026-09-28T19:55:16.3167110Z ├─ sprintf-js@1.0.3
Build iOS and Submit to TestFlight	UNKNOWN STEP	2026-09-28T19:55:16.3167670Z ├─ stream-buffers@2.2.0
Build iOS and Submit to TestFlight	UNKNOWN STEP	2026-09-28T19:55:16.3167950Z ├─ streamx@2.28.1
Build iOS and Submit to TestFlight	UNKNOWN STEP	2026-09-28T19:55:16.3168160Z ├─ string-width-cjs@4.2.3
Build iOS and Submit to TestFlight	UNKNOWN STEP	2026-09-28T19:55:16.3168390Z ├─ strip-ansi-cjs@6.0.1
Build iOS and Submit to TestFlight	UNKNOWN STEP	2026-09-28T19:55:16.3168590Z ├─ sucrase@3.35.0
Build iOS and Submit to TestFlight	UNKNOWN STEP	2026-09-28T19:55:16.3168800Z ├─ supports-color@7.2.0
Build iOS and Submit to TestFlight	UNKNOWN STEP	2026-09-28T19:55:16.3169040Z ├─ supports-hyperlinks@2.3.0
Build iOS and Submit to TestFlight	UNKNOWN STEP	2026-09-28T19:55:16.3169300Z ├─ tar-stream@3.1.7
Build iOS and Submit to TestFlight	UNKNOWN STEP	2026-09-28T19:55:16.3169500Z ├─ tar@7.5.19
Build iOS and Submit to TestFlight	UNKNOWN STEP	2026-09-28T19:55:16.3169710Z ├─ temp-dir@2.0.0
Build iOS and Submit to TestFlight	UNKNOWN STEP	2026-09-28T19:55:16.3169900Z ├─ text-decoder@1.2.7
Build iOS and Submit to TestFlight	UNKNOWN STEP	2026-09-28T19:55:16.3170120Z ├─ thenify-all@1.6.0
Build iOS and Submit to TestFlight	UNKNOWN STEP	2026-09-28T19:55:16.3170300Z ├─ thenify@3.3.1
Build iOS and Submit to TestFlight	UNKNOWN STEP	2026-09-28T19:55:16.3170500Z ├─ tinyglobby@0.2.17
Build iOS and Submit to TestFlight	UNKNOWN STEP	2026-09-28T19:55:16.3170710Z ├─ to-regex-range@5.0.1
Build iOS and Submit to TestFlight	UNKNOWN STEP	2026-09-28T19:55:16.3170900Z ├─ tr46@0.0.3
Build iOS and Submit to TestFlight	UNKNOWN STEP	2026-09-28T19:55:16.3171090Z ├─ ts-deepmerge@6.2.0
Build iOS and Submit to TestFlight	UNKNOWN STEP	2026-09-28T19:55:16.3171400Z ├─ ts-interface-checker@0.1.13
Build iOS and Submit to TestFlight	UNKNOWN STEP	2026-09-28T19:55:16.3171640Z ├─ ts-node@10.9.2
Build iOS and Submit to TestFlight	UNKNOWN STEP	2026-09-28T19:55:16.3171820Z ├─ tslib@2.8.1
Build iOS and Submit to TestFlight	UNKNOWN STEP	2026-09-28T19:55:16.3172020Z ├─ tunnel-agent@0.6.0
Build iOS and Submit to TestFlight	UNKNOWN STEP	2026-09-28T19:55:16.3172380Z ├─ turndown@7.1.2
Build iOS and Submit to TestFlight	UNKNOWN STEP	2026-09-28T19:55:16.3172620Z ├─ type-fest@0.21.3
Build iOS and Submit to TestFlight	UNKNOWN STEP	2026-09-28T19:55:16.3172870Z ├─ undici-types@8.9.0
Build iOS and Submit to TestFlight	UNKNOWN STEP	2026-09-28T19:55:16.3173080Z ├─ unique-string@2.0.0
Build iOS and Submit to TestFlight	UNKNOWN STEP	2026-09-28T19:55:16.3173290Z ├─ untildify@4.0.0
Build iOS and Submit to TestFlight	UNKNOWN STEP	2026-09-28T19:55:16.3173560Z ├─ update-browserslist-db@1.3.3
Build iOS and Submit to TestFlight	UNKNOWN STEP	2026-09-28T19:55:16.3173810Z ├─ uri-js@4.4.1
Build iOS and Submit to TestFlight	UNKNOWN STEP	2026-09-28T19:55:16.3174020Z ├─ uuid@11.1.1
Build iOS and Submit to TestFlight	UNKNOWN STEP	2026-09-28T19:55:16.3174230Z ├─ v8-compile-cache-lib@3.0.1
Build iOS and Submit to TestFlight	UNKNOWN STEP	2026-09-28T19:55:16.3174520Z ├─ validate-npm-package-name@5.0.1
Build iOS and Submit to TestFlight	UNKNOWN STEP	2026-09-28T19:55:16.3174780Z ├─ webidl-conversions@3.0.1
Build iOS and Submit to TestFlight	UNKNOWN STEP	2026-09-28T19:55:16.3174970Z ├─ which@2.0.2
Build iOS and Submit to TestFlight	UNKNOWN STEP	2026-09-28T19:55:16.3175170Z ├─ wrap-ansi-cjs@7.0.0
Build iOS and Submit to TestFlight	UNKNOWN STEP	2026-09-28T19:55:16.3175380Z ├─ write-file-atomic@2.4.3
Build iOS and Submit to TestFlight	UNKNOWN STEP	2026-09-28T19:55:16.3175570Z ├─ ws@8.21.1
Build iOS and Submit to TestFlight	UNKNOWN STEP	2026-09-28T19:55:16.3175750Z ├─ wsl-utils@0.4.0
Build iOS and Submit to TestFlight	UNKNOWN STEP	2026-09-28T19:55:16.3175940Z ├─ yallist@5.0.0
Build iOS and Submit to TestFlight	UNKNOWN STEP	2026-09-28T19:55:16.3176160Z ├─ yaml@2.6.0
Build iOS and Submit to TestFlight	UNKNOWN STEP	2026-09-28T19:55:16.3176620Z └─ yn@3.1.1
Build iOS and Submit to TestFlight	UNKNOWN STEP	2026-09-28T19:55:16.3176830Z Done in 29.31s.
Build iOS and Submit to TestFlight	UNKNOWN STEP	2026-09-28T19:55:28.9930680Z [command]/opt/homebrew/bin/gtar --posix -cf cache.tzst --exclude cache.tzst -P -C /Users/runner/work/NGNflow/NGNflow --files-from manifest.txt --delay-directory-restore --use-compress-program zstdmt
Build iOS and Submit to TestFlight	UNKNOWN STEP	2026-09-28T19:55:31.0836370Z ##[warning]Failed to save: <h2>Our services aren't available right now</h2><p>We're working to restore all services as soon as possible. Please check back soon.</p>0M8a6agAAAAA2tRiIv7aQRo9tjTO9N2VyU04xRURHRTE0MTIARWRnZQ==
Build iOS and Submit to TestFlight	UNKNOWN STEP	2026-09-28T19:55:31.0842030Z ##[endgroup]
Build iOS and Submit to TestFlight	UNKNOWN STEP	2026-09-28T19:55:31.0842830Z ##[group]Validating authenticated account
Build iOS and Submit to TestFlight	UNKNOWN STEP	2026-09-28T19:55:31.0858950Z [command]/Users/runner/hostedtoolcache/eas-cli/24.8.0/arm64/node_modules/.bin/eas whoami
Build iOS and Submit to TestFlight	UNKNOWN STEP	2026-09-28T19:55:31.8673440Z olamicreas (authenticated using EXPO_TOKEN)
Build iOS and Submit to TestFlight	UNKNOWN STEP	2026-09-28T19:55:31.8676290Z abdulquayyumoyedotun@gmail.com
Build iOS and Submit to TestFlight	UNKNOWN STEP	2026-09-28T19:55:32.3337530Z ##[endgroup]
Build iOS and Submit to TestFlight	UNKNOWN STEP	2026-09-28T19:55:32.3421890Z ##[group]Patching system watchers for the 'ENOSPC' error
Build iOS and Submit to TestFlight	UNKNOWN STEP	2026-09-28T19:55:32.3488180Z Skipped patching watchers: not running on Linux.
Build iOS and Submit to TestFlight	UNKNOWN STEP	2026-09-28T19:55:32.3519240Z ##[endgroup]
Build iOS and Submit to TestFlight	UNKNOWN STEP	2026-09-28T19:55:32.3672840Z ##[group]Run EAS_LOCAL_BUILD_SKIP_CLEANUP=1 EAS_NO_VCS=1 eas build --platform ios --local --non-interactive --output build.ipa
Build iOS and Submit to TestFlight	UNKNOWN STEP	2026-09-28T19:55:32.3689550Z ^[[36;1mEAS_LOCAL_BUILD_SKIP_CLEANUP=1 EAS_NO_VCS=1 eas build --platform ios --local --non-interactive --output build.ipa^[[0m
Build iOS and Submit to TestFlight	UNKNOWN STEP	2026-09-28T19:55:32.5116590Z shell: /bin/bash -e {0}
Build iOS and Submit to TestFlight	UNKNOWN STEP	2026-09-28T19:55:32.5116900Z env:
Build iOS and Submit to TestFlight	UNKNOWN STEP	2026-09-28T19:55:32.5117430Z   EXPO_TOKEN: ***
Build iOS and Submit to TestFlight	UNKNOWN STEP	2026-09-28T19:55:32.5117690Z ##[endgroup]
Build iOS and Submit to TestFlight	UNKNOWN STEP	2026-09-28T19:55:33.8662590Z Using EAS CLI without version control system is not recommended, use this mode only if you know what you are doing.
Build iOS and Submit to TestFlight	UNKNOWN STEP	2026-09-28T19:55:33.9766780Z 
Build iOS and Submit to TestFlight	UNKNOWN STEP	2026-09-28T19:55:33.9770480Z ⚠️ Detected that your app uses Expo Go for development, this is not recommended when building production apps.
Build iOS and Submit to TestFlight	UNKNOWN STEP	2026-09-28T19:55:33.9772650Z Learn more: https://expo.fyi/why-not-build-expo-go-for-production
Build iOS and Submit to TestFlight	UNKNOWN STEP	2026-09-28T19:55:33.9775700Z To suppress this warning, set EAS_BUILD_NO_EXPO_GO_WARNING=true.
Build iOS and Submit to TestFlight	UNKNOWN STEP	2026-09-28T19:55:33.9776460Z 
Build iOS and Submit to TestFlight	UNKNOWN STEP	2026-09-28T19:55:34.8906360Z Resolved "production" environment for the build. Learn more: https://docs.expo.dev/eas/environment-variables/#setting-the-environment-for-your-builds
Build iOS and Submit to TestFlight	UNKNOWN STEP	2026-09-28T19:55:34.9715220Z No environment variables with visibility "Plain text" and "Sensitive" found for the "production" environment on EAS.
Build iOS and Submit to TestFlight	UNKNOWN STEP	2026-09-28T19:55:34.9716540Z 
Build iOS and Submit to TestFlight	UNKNOWN STEP	2026-09-28T19:55:37.4173120Z - Incrementing buildNumber from 57 to 58.
Build iOS and Submit to TestFlight	UNKNOWN STEP	2026-09-28T19:55:37.5153960Z ✔ Incremented buildNumber from 57 to 58.
Build iOS and Submit to TestFlight	UNKNOWN STEP	2026-09-28T19:55:37.6495540Z ✔ Using remote iOS credentials (Expo server)
Build iOS and Submit to TestFlight	UNKNOWN STEP	2026-09-28T19:55:37.6498800Z 
Build iOS and Submit to TestFlight	UNKNOWN STEP	2026-09-28T19:55:37.8363370Z Distribution Certificate is not validated for non-interactive builds.
Build iOS and Submit to TestFlight	UNKNOWN STEP	2026-09-28T19:55:38.0882390Z Using App Store Connect API Key from EAS credentials service.
Build iOS and Submit to TestFlight	UNKNOWN STEP	2026-09-28T19:55:38.2988550Z - Fetching Apple provisioning profiles
Build iOS and Submit to TestFlight	UNKNOWN STEP	2026-09-28T19:55:38.9637380Z ✔ Fetched Apple provisioning profiles
Build iOS and Submit to TestFlight	UNKNOWN STEP	2026-09-28T19:55:38.9737460Z 
Build iOS and Submit to TestFlight	UNKNOWN STEP	2026-09-28T19:55:38.9770560Z Project Credentials Configuration
Build iOS and Submit to TestFlight	UNKNOWN STEP	2026-09-28T19:55:38.9771000Z 
Build iOS and Submit to TestFlight	UNKNOWN STEP	2026-09-28T19:55:38.9771280Z Project                   @olamicreas/NGNflow
Build iOS and Submit to TestFlight	UNKNOWN STEP	2026-09-28T19:55:38.9771870Z Bundle Identifier         com.olamicreas.ngnflow
Build iOS and Submit to TestFlight	UNKNOWN STEP	2026-09-28T19:55:38.9772350Z                           
Build iOS and Submit to TestFlight	UNKNOWN STEP	2026-09-28T19:55:38.9772680Z App Store Configuration   
Build iOS and Submit to TestFlight	UNKNOWN STEP	2026-09-28T19:55:38.9773070Z                           
Build iOS and Submit to TestFlight	UNKNOWN STEP	2026-09-28T19:55:38.9773470Z Distribution Certificate  
Build iOS and Submit to TestFlight	UNKNOWN STEP	2026-09-28T19:55:38.9773890Z Serial Number             63DE8D7A91A24A3B39124B29CAE9B6F1
Build iOS and Submit to TestFlight	UNKNOWN STEP	2026-09-28T19:55:38.9774520Z Expiration Date           Sat, 21 Aug 2027 15:40:51 UTC
Build iOS and Submit to TestFlight	UNKNOWN STEP	2026-09-28T19:55:38.9775110Z Apple Team                2R4679C9P5 (AbdulQuayyum Oyedotun (Individual))
Build iOS and Submit to TestFlight	UNKNOWN STEP	2026-09-28T19:55:38.9775540Z Updated                   1 month ago
Build iOS and Submit to TestFlight	UNKNOWN STEP	2026-09-28T19:55:38.9775900Z                           
Build iOS and Submit to TestFlight	UNKNOWN STEP	2026-09-28T19:55:38.9776260Z Provisioning Profile      
Build iOS and Submit to TestFlight	UNKNOWN STEP	2026-09-28T19:55:38.9776590Z Developer Portal ID       Q8V7NVJ8PT
Build iOS and Submit to TestFlight	UNKNOWN STEP	2026-09-28T19:55:38.9777010Z Status                    active
Build iOS and Submit to TestFlight	UNKNOWN STEP	2026-09-28T19:55:38.9777460Z Expiration                Sat, 21 Aug 2027 15:40:51 UTC
Build iOS and Submit to TestFlight	UNKNOWN STEP	2026-09-28T19:55:38.9777940Z Apple Team                2R4679C9P5 (AbdulQuayyum Oyedotun (Individual))
Build iOS and Submit to TestFlight	UNKNOWN STEP	2026-09-28T19:55:38.9778510Z Updated                   1 day ago
Build iOS and Submit to TestFlight	UNKNOWN STEP	2026-09-28T19:55:38.9778930Z                           
Build iOS and Submit to TestFlight	UNKNOWN STEP	2026-09-28T19:55:38.9779430Z All credentials are ready to build @olamicreas/NGNflow (com.olamicreas.ngnflow)
Build iOS and Submit to TestFlight	UNKNOWN STEP	2026-09-28T19:55:38.9779780Z 
Build iOS and Submit to TestFlight	UNKNOWN STEP	2026-09-28T19:55:39.1336860Z - Computing project fingerprint
Build iOS and Submit to TestFlight	UNKNOWN STEP	2026-09-28T19:55:43.0779410Z ✔ Computed project fingerprint
Build iOS and Submit to TestFlight	UNKNOWN STEP	2026-09-28T19:55:49.1850470Z [SETUP_WORKINGDIR] Preparing workingdir /var/folders/nj/vtw8zd2j31d1gdrtntc5y4600000gn/T/eas-build-local-nodejs/82a724e3-2a52-4f73-8bcd-0bb33776effe
Build iOS and Submit to TestFlight	UNKNOWN STEP	2026-09-28T19:55:49.1887730Z [START_BUILD] Starting build
Build iOS and Submit to TestFlight	UNKNOWN STEP	2026-09-28T19:55:49.1889090Z   "job": {
Build iOS and Submit to TestFlight	UNKNOWN STEP	2026-09-28T19:55:49.1889490Z     "type": "managed",
Build iOS and Submit to TestFlight	UNKNOWN STEP	2026-09-28T19:55:49.1889780Z     "platform": "ios",
Build iOS and Submit to TestFlight	UNKNOWN STEP	2026-09-28T19:55:49.1890310Z     "projectArchive": {
Build iOS and Submit to TestFlight	UNKNOWN STEP	2026-09-28T19:55:49.1890620Z       "type": "PATH",
Build iOS and Submit to TestFlight	UNKNOWN STEP	2026-09-28T19:55:49.1892450Z       "path": "/var/folders/nj/vtw8zd2j31d1gdrtntc5y4600000gn/T/eas-cli-nodejs/d130d2b6-261d-4947-be0d-22e66ac9cfb2.tar.gz"
Build iOS and Submit to TestFlight	UNKNOWN STEP	2026-09-28T19:55:49.1893060Z     },
Build iOS and Submit to TestFlight	UNKNOWN STEP	2026-09-28T19:55:49.1893490Z     "projectRootDirectory": ".",
Build iOS and Submit to TestFlight	UNKNOWN STEP	2026-09-28T19:55:49.1893860Z     "builderEnvironment": {
Build iOS and Submit to TestFlight	UNKNOWN STEP	2026-09-28T19:55:49.1894110Z       "image": "latest",
Build iOS and Submit to TestFlight	UNKNOWN STEP	2026-09-28T19:55:49.1894410Z       "env": {}
Build iOS and Submit to TestFlight	UNKNOWN STEP	2026-09-28T19:55:49.1894650Z     },
Build iOS and Submit to TestFlight	UNKNOWN STEP	2026-09-28T19:55:49.1894940Z     "cache": {
Build iOS and Submit to TestFlight	UNKNOWN STEP	2026-09-28T19:55:49.1895240Z       "disabled": false,
Build iOS and Submit to TestFlight	UNKNOWN STEP	2026-09-28T19:55:49.1895480Z       "paths": [],
Build iOS and Submit to TestFlight	UNKNOWN STEP	2026-09-28T19:55:49.1895770Z       "clear": false
Build iOS and Submit to TestFlight	UNKNOWN STEP	2026-09-28T19:55:49.1896060Z     },
Build iOS and Submit to TestFlight	UNKNOWN STEP	2026-09-28T19:55:49.1896340Z     "updates": {},
Build iOS and Submit to TestFlight	UNKNOWN STEP	2026-09-28T19:55:49.1896650Z     "scheme": "NGNflow",
Build iOS and Submit to TestFlight	UNKNOWN STEP	2026-09-28T19:55:49.1896960Z     "username": "olamicreas",
Build iOS and Submit to TestFlight	UNKNOWN STEP	2026-09-28T19:55:49.1897210Z     "version": {
Build iOS and Submit to TestFlight	UNKNOWN STEP	2026-09-28T19:55:49.1903310Z       "buildNumber": "58"
Build iOS and Submit to TestFlight	UNKNOWN STEP	2026-09-28T19:55:49.1903600Z     },
Build iOS and Submit to TestFlight	UNKNOWN STEP	2026-09-28T19:55:49.1903860Z     "experimental": {},
Build iOS and Submit to TestFlight	UNKNOWN STEP	2026-09-28T19:55:49.1904150Z     "mode": "build",
Build iOS and Submit to TestFlight	UNKNOWN STEP	2026-09-28T19:55:49.1904450Z     "triggeredBy": "EAS_CLI",
Build iOS and Submit to TestFlight	UNKNOWN STEP	2026-09-28T19:55:49.1904940Z     "appId": "37392892-5e18-40dc-9637-0cbb73d2307d",
Build iOS and Submit to TestFlight	UNKNOWN STEP	2026-09-28T19:55:49.1905360Z     "initiatingUserId": "111d6b7c-7a91-4431-8f03-0f2d8ff66bfb"
Build iOS and Submit to TestFlight	UNKNOWN STEP	2026-09-28T19:55:49.1905780Z   }
Build iOS and Submit to TestFlight	UNKNOWN STEP	2026-09-28T19:55:49.2290620Z [PREPARE_PROJECT] Normalizing project source permissions
Build iOS and Submit to TestFlight	UNKNOWN STEP	2026-09-28T19:55:49.2381120Z [READ_EAS_JSON] Using eas.json:
Build iOS and Submit to TestFlight	UNKNOWN STEP	2026-09-28T19:55:49.2383290Z [READ_EAS_JSON] {
Build iOS and Submit to TestFlight	UNKNOWN STEP	2026-09-28T19:55:49.2384340Z   "cli": {
Build iOS and Submit to TestFlight	UNKNOWN STEP	2026-09-28T19:55:49.2385620Z     "version": ">= 18.0.6",
Build iOS and Submit to TestFlight	UNKNOWN STEP	2026-09-28T19:55:49.2386880Z     "appVersionSource": "remote"
Build iOS and Submit to TestFlight	UNKNOWN STEP	2026-09-28T19:55:49.2392610Z   },
Build iOS and Submit to TestFlight	UNKNOWN STEP	2026-09-28T19:55:49.2393580Z   "build": {
Build iOS and Submit to TestFlight	UNKNOWN STEP	2026-09-28T19:55:49.2394280Z     "development": {
Build iOS and Submit to TestFlight	UNKNOWN STEP	2026-09-28T19:55:49.2395070Z       "developmentClient": true,
Build iOS and Submit to TestFlight	UNKNOWN STEP	2026-09-28T19:55:49.2395960Z       "distribution": "internal"
Build iOS and Submit to TestFlight	UNKNOWN STEP	2026-09-28T19:55:49.2397410Z     },
Build iOS and Submit to TestFlight	UNKNOWN STEP	2026-09-28T19:55:49.2398090Z     "preview": {
Build iOS and Submit to TestFlight	UNKNOWN STEP	2026-09-28T19:55:49.2398770Z       "distribution": "internal"
Build iOS and Submit to TestFlight	UNKNOWN STEP	2026-09-28T19:55:49.2399560Z     },
Build iOS and Submit to TestFlight	UNKNOWN STEP	2026-09-28T19:55:49.2400260Z     "production": {
Build iOS and Submit to TestFlight	UNKNOWN STEP	2026-09-28T19:55:49.2400840Z       "autoIncrement": true,
Build iOS and Submit to TestFlight	UNKNOWN STEP	2026-09-28T19:55:49.2401540Z       "ios": {
Build iOS and Submit to TestFlight	UNKNOWN STEP	2026-09-28T19:55:49.2402290Z         "image": "latest"
Build iOS and Submit to TestFlight	UNKNOWN STEP	2026-09-28T19:55:49.2402860Z       }
Build iOS and Submit to TestFlight	UNKNOWN STEP	2026-09-28T19:55:49.2403490Z     }
Build iOS and Submit to TestFlight	UNKNOWN STEP	2026-09-28T19:55:49.2405240Z   },
Build iOS and Submit to TestFlight	UNKNOWN STEP	2026-09-28T19:55:49.2406240Z   "submit": {
Build iOS and Submit to TestFlight	UNKNOWN STEP	2026-09-28T19:55:49.2407140Z     "production": {
Build iOS and Submit to TestFlight	UNKNOWN STEP	2026-09-28T19:55:49.2407810Z       "ios": {
Build iOS and Submit to TestFlight	UNKNOWN STEP	2026-09-28T19:55:49.2408520Z         "ascAppId": "6816978729"
Build iOS and Submit to TestFlight	UNKNOWN STEP	2026-09-28T19:55:49.2409740Z       }
Build iOS and Submit to TestFlight	UNKNOWN STEP	2026-09-28T19:55:49.2410530Z     }
Build iOS and Submit to TestFlight	UNKNOWN STEP	2026-09-28T19:55:49.2411030Z   }
Build iOS and Submit to TestFlight	UNKNOWN STEP	2026-09-28T19:55:49.2411810Z }
Build iOS and Submit to TestFlight	UNKNOWN STEP	2026-09-28T19:55:49.2412540Z 
Build iOS and Submit to TestFlight	UNKNOWN STEP	2026-09-28T19:55:49.2412820Z [READ_PACKAGE_JSON] Using package.json:
Build iOS and Submit to TestFlight	UNKNOWN STEP	2026-09-28T19:55:49.2413230Z [READ_PACKAGE_JSON] {
Build iOS and Submit to TestFlight	UNKNOWN STEP	2026-09-28T19:55:49.2413580Z   "name": "NGNflow",
Build iOS and Submit to TestFlight	UNKNOWN STEP	2026-09-28T19:55:49.2413940Z   "version": "1.0.0",
Build iOS and Submit to TestFlight	UNKNOWN STEP	2026-09-28T19:55:49.2414180Z   "main": "index.js",
Build iOS and Submit to TestFlight	UNKNOWN STEP	2026-09-28T19:55:49.2414560Z   "dependencies": {
Build iOS and Submit to TestFlight	UNKNOWN STEP	2026-09-28T19:55:49.2415000Z     "@react-native-async-storage/async-storage": "2.2.0",
Build iOS and Submit to TestFlight	UNKNOWN STEP	2026-09-28T19:55:49.2415470Z     "@react-navigation/bottom-tabs": "^7.18.18",
Build iOS and Submit to TestFlight	UNKNOWN STEP	2026-09-28T19:55:49.2415820Z     "@react-navigation/native": "^7.3.18",
Build iOS and Submit to TestFlight	UNKNOWN STEP	2026-09-28T19:55:49.2416250Z     "@react-navigation/native-stack": "^7.18.10",
Build iOS and Submit to TestFlight	UNKNOWN STEP	2026-09-28T19:55:49.2416610Z     "axios": "^1.20.0",
Build iOS and Submit to TestFlight	UNKNOWN STEP	2026-09-28T19:55:49.2416860Z     "expo": "^57.0.25",
Build iOS and Submit to TestFlight	UNKNOWN STEP	2026-09-28T19:55:49.2417190Z     "expo-build-properties": "~57.0.22",
Build iOS and Submit to TestFlight	UNKNOWN STEP	2026-09-28T19:55:49.2417590Z     "expo-clipboard": "~57.0.2",
Build iOS and Submit to TestFlight	UNKNOWN STEP	2026-09-28T19:55:49.2417910Z     "expo-device": "~57.0.2",
Build iOS and Submit to TestFlight	UNKNOWN STEP	2026-09-28T19:55:49.2418260Z     "expo-modules-jsi": "^57.1.1",
Build iOS and Submit to TestFlight	UNKNOWN STEP	2026-09-28T19:55:49.2418650Z     "expo-notifications": "~57.0.21",
Build iOS and Submit to TestFlight	UNKNOWN STEP	2026-09-28T19:55:49.2418960Z     "expo-secure-store": "~57.0.4",
Build iOS and Submit to TestFlight	UNKNOWN STEP	2026-09-28T19:55:49.2419320Z     "expo-status-bar": "~57.0.1",
Build iOS and Submit to TestFlight	UNKNOWN STEP	2026-09-28T19:55:49.2419680Z     "lucide-react-native": "^1.41.0",
Build iOS and Submit to TestFlight	UNKNOWN STEP	2026-09-28T19:55:49.2421590Z     "nativewind": "^2.0.11",
Build iOS and Submit to TestFlight	UNKNOWN STEP	2026-09-28T19:55:49.2421970Z     "react": "19.2.3",
Build iOS and Submit to TestFlight	UNKNOWN STEP	2026-09-28T19:55:49.2422350Z     "react-native": "0.86.3",
Build iOS and Submit to TestFlight	UNKNOWN STEP	2026-09-28T19:55:49.2422740Z     "react-native-qrcode-svg": "^6.3.24",
Build iOS and Submit to TestFlight	UNKNOWN STEP	2026-09-28T19:55:49.2423100Z     "react-native-reanimated": "4.5.1",
Build iOS and Submit to TestFlight	UNKNOWN STEP	2026-09-28T19:55:49.2423520Z     "react-native-safe-area-context": "~5.7.0",
Build iOS and Submit to TestFlight	UNKNOWN STEP	2026-09-28T19:55:49.2423960Z     "react-native-screens": "~4.26.0",
Build iOS and Submit to TestFlight	UNKNOWN STEP	2026-09-28T19:55:49.2424280Z     "react-native-svg": "^15.15.4",
Build iOS and Submit to TestFlight	UNKNOWN STEP	2026-09-28T19:55:49.2424730Z     "react-native-worklets": "0.10.1",
Build iOS and Submit to TestFlight	UNKNOWN STEP	2026-09-28T19:55:49.2425070Z     "tailwindcss": "3.3.2",
Build iOS and Submit to TestFlight	UNKNOWN STEP	2026-09-28T19:55:49.2425370Z     "zustand": "^5.0.15"
Build iOS and Submit to TestFlight	UNKNOWN STEP	2026-09-28T19:55:49.2425700Z   },
Build iOS and Submit to TestFlight	UNKNOWN STEP	2026-09-28T19:55:49.2425960Z   "scripts": {
Build iOS and Submit to TestFlight	UNKNOWN STEP	2026-09-28T19:55:49.2426250Z     "start": "expo start",
Build iOS and Submit to TestFlight	UNKNOWN STEP	2026-09-28T19:55:49.2426600Z     "android": "expo run:android",
Build iOS and Submit to TestFlight	UNKNOWN STEP	2026-09-28T19:55:49.2426950Z     "ios": "expo run:ios",
Build iOS and Submit to TestFlight	UNKNOWN STEP	2026-09-28T19:55:49.2427640Z     "web": "expo start --web",
Build iOS and Submit to TestFlight	UNKNOWN STEP	2026-09-28T19:55:49.2428000Z     "postinstall": "patch-package",
Build iOS and Submit to TestFlight	UNKNOWN STEP	2026-09-28T19:55:49.2428910Z     "eas-build-pre-xcodebuild": "sed -i '' -E 's|path: \"[^\"]*node_modules/react-native\"|path: \"../../../../node_modules/react-native\"|g' ios/build/generated/ios/Package.swift || true"
Build iOS and Submit to TestFlight	UNKNOWN STEP	2026-09-28T19:55:49.2429620Z   },
Build iOS and Submit to TestFlight	UNKNOWN STEP	2026-09-28T19:55:49.2429890Z   "private": true,
Build iOS and Submit to TestFlight	UNKNOWN STEP	2026-09-28T19:55:49.2430240Z   "devDependencies": {
Build iOS and Submit to TestFlight	UNKNOWN STEP	2026-09-28T19:55:49.2430690Z     "babel-preset-expo": "^57.0.10",
Build iOS and Submit to TestFlight	UNKNOWN STEP	2026-09-28T19:55:49.2431070Z     "patch-package": "^8.0.1"
Build iOS and Submit to TestFlight	UNKNOWN STEP	2026-09-28T19:55:49.2431550Z   }
Build iOS and Submit to TestFlight	UNKNOWN STEP	2026-09-28T19:55:49.2431950Z }
Build iOS and Submit to TestFlight	UNKNOWN STEP	2026-09-28T19:55:49.2433180Z [INSTALL_DEPENDENCIES] Running "npm ci --include=dev" in /var/folders/nj/vtw8zd2j31d1gdrtntc5y4600000gn/T/eas-build-local-nodejs/82a724e3-2a52-4f73-8bcd-0bb33776effe/build directory
Build iOS and Submit to TestFlight	UNKNOWN STEP	2026-09-28T19:55:53.4004630Z [INSTALL_DEPENDENCIES] npm warn deprecated text-encoding@0.7.0: no longer maintained
Build iOS and Submit to TestFlight	UNKNOWN STEP	2026-09-28T19:55:54.6448740Z [INSTALL_DEPENDENCIES] npm warn deprecated uuid@7.0.3: uuid@10 and below is no longer supported.  For ESM codebases, update to uuid@latest.  For CommonJS codebases, use uuid@11 (but be aware this version will likely be deprecated in 2028).
Build iOS and Submit to TestFlight	UNKNOWN STEP	2026-09-28T19:56:05.2407760Z [INSTALL_DEPENDENCIES] > NGNflow@1.0.0 postinstall
Build iOS and Submit to TestFlight	UNKNOWN STEP	2026-09-28T19:56:05.2415260Z [INSTALL_DEPENDENCIES] > patch-package
Build iOS and Submit to TestFlight	UNKNOWN STEP	2026-09-28T19:56:05.4801520Z [INSTALL_DEPENDENCIES] patch-package 8.0.1
Build iOS and Submit to TestFlight	UNKNOWN STEP	2026-09-28T19:56:05.4805300Z [INSTALL_DEPENDENCIES] Applying patches...
Build iOS and Submit to TestFlight	UNKNOWN STEP	2026-09-28T19:56:05.4965090Z [INSTALL_DEPENDENCIES] expo-modules-core@57.0.19 ✔
Build iOS and Submit to TestFlight	UNKNOWN STEP	2026-09-28T19:56:05.5534000Z [INSTALL_DEPENDENCIES] expo-modules-jsi@57.1.1 ✔
Build iOS and Submit to TestFlight	UNKNOWN STEP	2026-09-28T19:56:05.5546860Z [INSTALL_DEPENDENCIES] expo-notifications@57.0.21 ✔
Build iOS and Submit to TestFlight	UNKNOWN STEP	2026-09-28T19:56:05.5563410Z [INSTALL_DEPENDENCIES] react-native@0.86.3 ✔
Build iOS and Submit to TestFlight	UNKNOWN STEP	2026-09-28T19:56:05.5706390Z [INSTALL_DEPENDENCIES] added 659 packages, and audited 660 packages in 16s
Build iOS and Submit to TestFlight	UNKNOWN STEP	2026-09-28T19:56:05.5707700Z [INSTALL_DEPENDENCIES] 
Build iOS and Submit to TestFlight	UNKNOWN STEP	2026-09-28T19:56:05.5709030Z [INSTALL_DEPENDENCIES] 80 packages are looking for funding
Build iOS and Submit to TestFlight	UNKNOWN STEP	2026-09-28T19:56:05.5710400Z [INSTALL_DEPENDENCIES]   run `npm fund` for details
Build iOS and Submit to TestFlight	UNKNOWN STEP	2026-09-28T19:56:05.6112790Z [INSTALL_DEPENDENCIES] 13 moderate severity vulnerabilities
Build iOS and Submit to TestFlight	UNKNOWN STEP	2026-09-28T19:56:05.6114480Z [INSTALL_DEPENDENCIES] 
Build iOS and Submit to TestFlight	UNKNOWN STEP	2026-09-28T19:56:05.6116520Z [INSTALL_DEPENDENCIES] To address issues that do not require attention, run:
Build iOS and Submit to TestFlight	UNKNOWN STEP	2026-09-28T19:56:05.6120960Z [INSTALL_DEPENDENCIES]   npm audit fix
Build iOS and Submit to TestFlight	UNKNOWN STEP	2026-09-28T19:56:05.6285420Z [INSTALL_DEPENDENCIES] 
Build iOS and Submit to TestFlight	UNKNOWN STEP	2026-09-28T19:56:05.6286860Z [INSTALL_DEPENDENCIES] To address all issues (including breaking changes), run:
Build iOS and Submit to TestFlight	UNKNOWN STEP	2026-09-28T19:56:05.6287570Z [INSTALL_DEPENDENCIES]   npm audit fix --force
Build iOS and Submit to TestFlight	UNKNOWN STEP	2026-09-28T19:56:05.6288100Z [INSTALL_DEPENDENCIES] 
Build iOS and Submit to TestFlight	UNKNOWN STEP	2026-09-28T19:56:05.6288670Z [INSTALL_DEPENDENCIES] Run `npm audit` for details.
Build iOS and Submit to TestFlight	UNKNOWN STEP	2026-09-28T19:56:05.6693650Z The NODE_ENV environment variable is required but was not specified. Ensure the project is bundled with Expo CLI or NODE_ENV is set.
Build iOS and Submit to TestFlight	UNKNOWN STEP	2026-09-28T19:56:05.6696310Z Proceeding without mode-specific .env
Build iOS and Submit to TestFlight	UNKNOWN STEP	2026-09-28T19:56:06.0842390Z [READ_APP_CONFIG] Using app configuration:
Build iOS and Submit to TestFlight	UNKNOWN STEP	2026-09-28T19:56:06.0869370Z [READ_APP_CONFIG] {
Build iOS and Submit to TestFlight	UNKNOWN STEP	2026-09-28T19:56:06.0869840Z   "name": "NGNflow",
Build iOS and Submit to TestFlight	UNKNOWN STEP	2026-09-28T19:56:06.0870050Z   "slug": "NGNflow",
Build iOS and Submit to TestFlight	UNKNOWN STEP	2026-09-28T19:56:06.0870220Z   "version": "1.0.0",
Build iOS and Submit to TestFlight	UNKNOWN STEP	2026-09-28T19:56:06.0870610Z   "orientation": "portrait",
Build iOS and Submit to TestFlight	UNKNOWN STEP	2026-09-28T19:56:06.0871090Z   "icon": "./assets/icon.png",
Build iOS and Submit to TestFlight	UNKNOWN STEP	2026-09-28T19:56:06.0871430Z   "userInterfaceStyle": "light",
Build iOS and Submit to TestFlight	UNKNOWN STEP	2026-09-28T19:56:06.0871840Z   "ios": {
Build iOS and Submit to TestFlight	UNKNOWN STEP	2026-09-28T19:56:06.0872090Z     "supportsTablet": true,
Build iOS and Submit to TestFlight	UNKNOWN STEP	2026-09-28T19:56:06.0872280Z     "infoPlist": {
Build iOS and Submit to TestFlight	UNKNOWN STEP	2026-09-28T19:56:06.0872490Z       "NSAppTransportSecurity": {
Build iOS and Submit to TestFlight	UNKNOWN STEP	2026-09-28T19:56:06.0872820Z         "NSAllowsArbitraryLoads": true
Build iOS and Submit to TestFlight	UNKNOWN STEP	2026-09-28T19:56:06.0873040Z       },
Build iOS and Submit to TestFlight	UNKNOWN STEP	2026-09-28T19:56:06.0873270Z       "ITSAppUsesNonExemptEncryption": false
Build iOS and Submit to TestFlight	UNKNOWN STEP	2026-09-28T19:56:06.0873500Z     },
Build iOS and Submit to TestFlight	UNKNOWN STEP	2026-09-28T19:56:06.0874710Z     "bundleIdentifier": "com.olamicreas.ngnflow"
Build iOS and Submit to TestFlight	UNKNOWN STEP	2026-09-28T19:56:06.0890350Z   },
Build iOS and Submit to TestFlight	UNKNOWN STEP	2026-09-28T19:56:06.0890630Z   "android": {
Build iOS and Submit to TestFlight	UNKNOWN STEP	2026-09-28T19:56:06.0890870Z     "adaptiveIcon": {
Build iOS and Submit to TestFlight	UNKNOWN STEP	2026-09-28T19:56:06.0891090Z       "backgroundColor": "#E6F4FE",
Build iOS and Submit to TestFlight	UNKNOWN STEP	2026-09-28T19:56:06.0891490Z       "foregroundImage": "./assets/android-icon-foreground.png",
Build iOS and Submit to TestFlight	UNKNOWN STEP	2026-09-28T19:56:06.0891930Z       "backgroundImage": "./assets/android-icon-background.png",
Build iOS and Submit to TestFlight	UNKNOWN STEP	2026-09-28T19:56:06.0892480Z       "monochromeImage": "./assets/android-icon-monochrome.png"
Build iOS and Submit to TestFlight	UNKNOWN STEP	2026-09-28T19:56:06.0892820Z     }
Build iOS and Submit to TestFlight	UNKNOWN STEP	2026-09-28T19:56:06.0893130Z   },
Build iOS and Submit to TestFlight	UNKNOWN STEP	2026-09-28T19:56:06.0893390Z   "web": {
Build iOS and Submit to TestFlight	UNKNOWN STEP	2026-09-28T19:56:06.0893590Z     "favicon": "./assets/favicon.png"
Build iOS and Submit to TestFlight	UNKNOWN STEP	2026-09-28T19:56:06.0893860Z   },
Build iOS and Submit to TestFlight	UNKNOWN STEP	2026-09-28T19:56:06.0893990Z   "plugins": [
Build iOS and Submit to TestFlight	UNKNOWN STEP	2026-09-28T19:56:06.0894150Z     "expo-secure-store",
Build iOS and Submit to TestFlight	UNKNOWN STEP	2026-09-28T19:56:06.0894390Z     "expo-notifications",
Build iOS and Submit to TestFlight	UNKNOWN STEP	2026-09-28T19:56:06.0894670Z     "./withPackageSwiftFix.js",
Build iOS and Submit to TestFlight	UNKNOWN STEP	2026-09-28T19:56:06.0894950Z     [
Build iOS and Submit to TestFlight	UNKNOWN STEP	2026-09-28T19:56:06.0895220Z       "expo-build-properties",
Build iOS and Submit to TestFlight	UNKNOWN STEP	2026-09-28T19:56:06.0895470Z       {
Build iOS and Submit to TestFlight	UNKNOWN STEP	2026-09-28T19:56:06.0895610Z         "ios": {
Build iOS and Submit to TestFlight	UNKNOWN STEP	2026-09-28T19:56:06.0895970Z           "usePrecompiledModules": false
Build iOS and Submit to TestFlight	UNKNOWN STEP	2026-09-28T19:56:06.0896310Z         }
Build iOS and Submit to TestFlight	UNKNOWN STEP	2026-09-28T19:56:06.0896490Z       }
Build iOS and Submit to TestFlight	UNKNOWN STEP	2026-09-28T19:56:06.0896710Z     ]
Build iOS and Submit to TestFlight	UNKNOWN STEP	2026-09-28T19:56:06.0896920Z   ],
Build iOS and Submit to TestFlight	UNKNOWN STEP	2026-09-28T19:56:06.0897120Z   "extra": {
Build iOS and Submit to TestFlight	UNKNOWN STEP	2026-09-28T19:56:06.0897410Z     "eas": {
Build iOS and Submit to TestFlight	UNKNOWN STEP	2026-09-28T19:56:06.0897760Z       "projectId": "37392892-5e18-40dc-9637-0cbb73d2307d"
Build iOS and Submit to TestFlight	UNKNOWN STEP	2026-09-28T19:56:06.0898080Z     }
Build iOS and Submit to TestFlight	UNKNOWN STEP	2026-09-28T19:56:06.0898270Z   },
Build iOS and Submit to TestFlight	UNKNOWN STEP	2026-09-28T19:56:06.0898550Z   "sdkVersion": "57.0.0",
Build iOS and Submit to TestFlight	UNKNOWN STEP	2026-09-28T19:56:06.0898720Z   "platforms": [
Build iOS and Submit to TestFlight	UNKNOWN STEP	2026-09-28T19:56:06.0898990Z     "ios",
Build iOS and Submit to TestFlight	UNKNOWN STEP	2026-09-28T19:56:06.0899210Z     "android"
Build iOS and Submit to TestFlight	UNKNOWN STEP	2026-09-28T19:56:06.0899480Z   ]
Build iOS and Submit to TestFlight	UNKNOWN STEP	2026-09-28T19:56:06.0899810Z }
Build iOS and Submit to TestFlight	UNKNOWN STEP	2026-09-28T19:56:06.0900060Z [RUN_EXPO_DOCTOR] Running "expo doctor"
Build iOS and Submit to TestFlight	UNKNOWN STEP	2026-09-28T19:56:07.5832990Z [RUN_EXPO_DOCTOR] Running 21 checks on your project...
Build iOS and Submit to TestFlight	UNKNOWN STEP	2026-09-28T19:56:11.1533040Z [RUN_EXPO_DOCTOR] 21/21 checks passed. No issues detected!
Build iOS and Submit to TestFlight	UNKNOWN STEP	2026-09-28T19:56:11.1697550Z [PREPARE_CREDENTIALS] Preparing credentials
Build iOS and Submit to TestFlight	UNKNOWN STEP	2026-09-28T19:56:11.1698870Z [PREPARE_CREDENTIALS] Creating keychain
Build iOS and Submit to TestFlight	UNKNOWN STEP	2026-09-28T19:56:13.1923560Z [PREPARE_CREDENTIALS] Preparing credentials for target 'NGNflow'
Build iOS and Submit to TestFlight	UNKNOWN STEP	2026-09-28T19:56:13.1925650Z [PREPARE_CREDENTIALS] Getting distribution certificate fingerprint and common name
Build iOS and Submit to TestFlight	UNKNOWN STEP	2026-09-28T19:56:13.2459090Z [PREPARE_CREDENTIALS] Fingerprint = "C1B4411CCF53C90D1C1C2CD552E36C662BB991D1", common name = iPhone Distribution: AbdulQuayyum Oyedotun (2R4679C9P5)
Build iOS and Submit to TestFlight	UNKNOWN STEP	2026-09-28T19:56:13.2462950Z [PREPARE_CREDENTIALS] Writing distribution certificate to /var/folders/nj/vtw8zd2j31d1gdrtntc5y4600000gn/T/527e804e-407c-4c61-883c-92852235174d.p12
Build iOS and Submit to TestFlight	UNKNOWN STEP	2026-09-28T19:56:13.2466070Z [PREPARE_CREDENTIALS] Importing distribution certificate into the keychain
Build iOS and Submit to TestFlight	UNKNOWN STEP	2026-09-28T19:56:14.9861310Z [PREPARE_CREDENTIALS] Initializing provisioning profile
Build iOS and Submit to TestFlight	UNKNOWN STEP	2026-09-28T19:56:15.0429550Z [PREPARE_CREDENTIALS] Validating whether the distribution certificate has been imported successfully
Build iOS and Submit to TestFlight	UNKNOWN STEP	2026-09-28T19:56:15.0798050Z [PREPARE_CREDENTIALS] Verifying whether the distribution certificate and provisioning profile match
Build iOS and Submit to TestFlight	UNKNOWN STEP	2026-09-28T19:56:15.5838900Z [PREBUILD] - Creating native directory (./ios)
Build iOS and Submit to TestFlight	UNKNOWN STEP	2026-09-28T19:56:15.9831730Z [PREBUILD] ✔ Created native directory
Build iOS and Submit to TestFlight	UNKNOWN STEP	2026-09-28T19:56:15.9932150Z [PREBUILD] - Updating package.json
Build iOS and Submit to TestFlight	UNKNOWN STEP	2026-09-28T19:56:15.9982170Z [PREBUILD] ✔ Updated package.json | no changes
Build iOS and Submit to TestFlight	UNKNOWN STEP	2026-09-28T19:56:15.9990100Z [PREBUILD] - Running prebuild
Build iOS and Submit to TestFlight	UNKNOWN STEP	2026-09-28T19:56:16.4281370Z [PREBUILD] ✔ Finished prebuild
Build iOS and Submit to TestFlight	UNKNOWN STEP	2026-09-28T19:56:16.4548540Z [PREBUILD] Running "npm install --include=dev" in /var/folders/nj/vtw8zd2j31d1gdrtntc5y4600000gn/T/eas-build-local-nodejs/82a724e3-2a52-4f73-8bcd-0bb33776effe/build directory
Build iOS and Submit to TestFlight	UNKNOWN STEP	2026-09-28T19:56:17.6083710Z [PREBUILD] > NGNflow@1.0.0 postinstall
Build iOS and Submit to TestFlight	UNKNOWN STEP	2026-09-28T19:56:17.6085030Z [PREBUILD] > patch-package
Build iOS and Submit to TestFlight	UNKNOWN STEP	2026-09-28T19:56:17.7730320Z [PREBUILD] patch-package 8.0.1
Build iOS and Submit to TestFlight	UNKNOWN STEP	2026-09-28T19:56:17.7830340Z [PREBUILD] Applying patches...
Build iOS and Submit to TestFlight	UNKNOWN STEP	2026-09-28T19:56:17.7933620Z [PREBUILD] expo-modules-core@57.0.19 ✔
Build iOS and Submit to TestFlight	UNKNOWN STEP	2026-09-28T19:56:17.7934790Z [PREBUILD] expo-modules-jsi@57.1.1 ✔
Build iOS and Submit to TestFlight	UNKNOWN STEP	2026-09-28T19:56:17.8039090Z [PREBUILD] expo-notifications@57.0.21 ✔
Build iOS and Submit to TestFlight	UNKNOWN STEP	2026-09-28T19:56:17.8141710Z [PREBUILD] react-native@0.86.3 ✔
Build iOS and Submit to TestFlight	UNKNOWN STEP	2026-09-28T19:56:17.8244070Z [PREBUILD] up to date, audited 660 packages in 1s
Build iOS and Submit to TestFlight	UNKNOWN STEP	2026-09-28T19:56:17.8346080Z [PREBUILD] 80 packages are looking for funding
Build iOS and Submit to TestFlight	UNKNOWN STEP	2026-09-28T19:56:17.8448640Z [PREBUILD]   run `npm fund` for details
Build iOS and Submit to TestFlight	UNKNOWN STEP	2026-09-28T19:56:17.8521220Z [PREBUILD] 13 moderate severity vulnerabilities
Build iOS and Submit to TestFlight	UNKNOWN STEP	2026-09-28T19:56:17.8523770Z [PREBUILD] 
Build iOS and Submit to TestFlight	UNKNOWN STEP	2026-09-28T19:56:17.8527650Z [PREBUILD] To address issues that do not require attention, run:
Build iOS and Submit to TestFlight	UNKNOWN STEP	2026-09-28T19:56:17.8529860Z [PREBUILD]   npm audit fix
Build iOS and Submit to TestFlight	UNKNOWN STEP	2026-09-28T19:56:17.8532000Z [PREBUILD] 
Build iOS and Submit to TestFlight	UNKNOWN STEP	2026-09-28T19:56:17.8535100Z [PREBUILD] To address all issues (including breaking changes), run:
Build iOS and Submit to TestFlight	UNKNOWN STEP	2026-09-28T19:56:17.8537680Z [PREBUILD]   npm audit fix --force
Build iOS and Submit to TestFlight	UNKNOWN STEP	2026-09-28T19:56:17.8539600Z [PREBUILD] 
Build iOS and Submit to TestFlight	UNKNOWN STEP	2026-09-28T19:56:17.8541040Z [PREBUILD] Run `npm audit` for details.
Build iOS and Submit to TestFlight	UNKNOWN STEP	2026-09-28T19:56:17.8542770Z [RESTORE_CACHE] Local builds do not support restoring cache
Build iOS and Submit to TestFlight	UNKNOWN STEP	2026-09-28T19:56:19.3067040Z [INSTALL_PODS] Using Expo modules
Build iOS and Submit to TestFlight	UNKNOWN STEP	2026-09-28T19:56:19.3068570Z [INSTALL_PODS] [Expo] Enabling modular headers for pod ExpoModulesCore
Build iOS and Submit to TestFlight	UNKNOWN STEP	2026-09-28T19:56:19.3069650Z [INSTALL_PODS] [Expo] Enabling modular headers for pod ExpoModulesJSI
Build iOS and Submit to TestFlight	UNKNOWN STEP	2026-09-28T19:56:19.3070680Z [INSTALL_PODS] [Expo] Enabling modular headers for pod React-RCTAppDelegate
Build iOS and Submit to TestFlight	UNKNOWN STEP	2026-09-28T19:56:19.3074840Z [INSTALL_PODS] [Expo] Enabling modular headers for pod React-RCTFabric
Build iOS and Submit to TestFlight	UNKNOWN STEP	2026-09-28T19:56:19.3076560Z [INSTALL_PODS] [Expo] Enabling modular headers for pod ReactAppDependencyProvider
Build iOS and Submit to TestFlight	UNKNOWN STEP	2026-09-28T19:56:19.3078440Z [INSTALL_PODS] [Expo] Enabling modular headers for pod React-Core
Build iOS and Submit to TestFlight	UNKNOWN STEP	2026-09-28T19:56:19.3086620Z [INSTALL_PODS] [Expo] Enabling modular headers for pod ReactCodegen
Build iOS and Submit to TestFlight	UNKNOWN STEP	2026-09-28T19:56:19.3087380Z [INSTALL_PODS] [Expo] Enabling modular headers for pod RCTRequired
Build iOS and Submit to TestFlight	UNKNOWN STEP	2026-09-28T19:56:19.3088020Z [INSTALL_PODS] [Expo] Enabling modular headers for pod RCTTypeSafety
Build iOS and Submit to TestFlight	UNKNOWN STEP	2026-09-28T19:56:19.3088850Z [INSTALL_PODS] [Expo] Enabling modular headers for pod ReactCommon
Build iOS and Submit to TestFlight	UNKNOWN STEP	2026-09-28T19:56:19.3089530Z [INSTALL_PODS] [Expo] Enabling modular headers for pod React-NativeModulesApple
Build iOS and Submit to TestFlight	UNKNOWN STEP	2026-09-28T19:56:19.3090250Z [INSTALL_PODS] [Expo] Enabling modular headers for pod Yoga
Build iOS and Submit to TestFlight	UNKNOWN STEP	2026-09-28T19:56:19.3090750Z [INSTALL_PODS] [Expo] Enabling modular headers for pod React-Fabric
Build iOS and Submit to TestFlight	UNKNOWN STEP	2026-09-28T19:56:19.3091330Z [INSTALL_PODS] [Expo] Enabling modular headers for pod React-graphics
Build iOS and Submit to TestFlight	UNKNOWN STEP	2026-09-28T19:56:19.3091900Z [INSTALL_PODS] [Expo] Enabling modular headers for pod React-utils
Build iOS and Submit to TestFlight	UNKNOWN STEP	2026-09-28T19:56:19.3092420Z [INSTALL_PODS] [Expo] Enabling modular headers for pod React-featureflags
Build iOS and Submit to TestFlight	UNKNOWN STEP	2026-09-28T19:56:19.3093030Z [INSTALL_PODS] [Expo] Enabling modular headers for pod React-debug
Build iOS and Submit to TestFlight	UNKNOWN STEP	2026-09-28T19:56:19.3093600Z [INSTALL_PODS] [Expo] Enabling modular headers for pod React-ImageManager
Build iOS and Submit to TestFlight	UNKNOWN STEP	2026-09-28T19:56:19.3094180Z [INSTALL_PODS] [Expo] Enabling modular headers for pod React-rendererdebug
Build iOS and Submit to TestFlight	UNKNOWN STEP	2026-09-28T19:56:19.3094740Z [INSTALL_PODS] [Expo] Enabling modular headers for pod React-jsi
Build iOS and Submit to TestFlight	UNKNOWN STEP	2026-09-28T19:56:19.3095950Z [INSTALL_PODS] [Expo] Enabling modular headers for pod React-renderercss
Build iOS and Submit to TestFlight	UNKNOWN STEP	2026-09-28T19:56:19.3096520Z [INSTALL_PODS] [Expo] Enabling modular headers for pod hermes-engine
Build iOS and Submit to TestFlight	UNKNOWN STEP	2026-09-28T19:56:19.3097060Z [INSTALL_PODS] [Expo] Enabling modular headers for pod glog
Build iOS and Submit to TestFlight	UNKNOWN STEP	2026-09-28T19:56:19.3097590Z [INSTALL_PODS] [Expo] Enabling modular headers for pod boost
Build iOS and Submit to TestFlight	UNKNOWN STEP	2026-09-28T19:56:19.3098160Z [INSTALL_PODS] [Expo] Enabling modular headers for pod DoubleConversion
Build iOS and Submit to TestFlight	UNKNOWN STEP	2026-09-28T19:56:19.3098670Z [INSTALL_PODS] [Expo] Enabling modular headers for pod fast_float
Build iOS and Submit to TestFlight	UNKNOWN STEP	2026-09-28T19:56:19.3099220Z [INSTALL_PODS] [Expo] Enabling modular headers for pod fmt
Build iOS and Submit to TestFlight	UNKNOWN STEP	2026-09-28T19:56:19.3099750Z [INSTALL_PODS] [Expo] Enabling modular headers for pod RCT-Folly
Build iOS and Submit to TestFlight	UNKNOWN STEP	2026-09-28T19:56:19.3100260Z [INSTALL_PODS] [Expo] Enabling modular headers for pod SocketRocket
Build iOS and Submit to TestFlight	UNKNOWN STEP	2026-09-28T19:56:20.7067630Z [INSTALL_PODS] Found 7 modules for target `NGNflow`
Build iOS and Submit to TestFlight	UNKNOWN STEP	2026-09-28T19:56:20.7111440Z [INSTALL_PODS] link_native_modules! {:ios_packages=>[{:configurations=>[], :name=>"@react-native-async-storage/async-storage", :root=>"/private/var/folders/nj/vtw8zd2j31d1gdrtntc5y4600000gn/T/eas-build-local-nodejs/82a724e3-2a52-4f73-8bcd-0bb33776effe/build/node_modules/@react-native-async-storage/async-storage", :path=>"../node_modules/@react-native-async-storage/async-storage", :podspec_path=>"/private/var/folders/nj/vtw8zd2j31d1gdrtntc5y4600000gn/T/eas-build-local-nodejs/82a724e3-2a52-4f73-8bcd-0bb33776effe/build/node_modules/@react-native-async-storage/async-storage/RNCAsyncStorage.podspec", :script_phases=>[]}, {:configurations=>[], :name=>"expo", :root=>"/private/var/folders/nj/vtw8zd2j31d1gdrtntc5y4600000gn/T/eas-build-local-nodejs/82a724e3-2a52-4f73-8bcd-0bb33776effe/build/node_modules/expo", :path=>"../node_modules/expo", :podspec_path=>"/private/var/folders/nj/vtw8zd2j31d1gdrtntc5y4600000gn/T/eas-build-local-nodejs/82a724e3-2a52-4f73-8bcd-0bb33776effe/build/node_modules/expo/Expo.podspec", :script_phases=>[]}, {:configurations=>[], :name=>"react-native-reanimated", :root=>"/private/var/folders/nj/vtw8zd2j31d1gdrtntc5y4600000gn/T/eas-build-local-nodejs/82a724e3-2a52-4f73-8bcd-0bb33776effe/build/node_modules/react-native-reanimated", :path=>"../node_modules/react-native-reanimated", :podspec_path=>"/private/var/folders/nj/vtw8zd2j31d1gdrtntc5y4600000gn/T/eas-build-local-nodejs/82a724e3-2a52-4f73-8bcd-0bb33776effe/build/node_modules/react-native-reanimated/RNReanimated.podspec", :script_phases=>[]}, {:configurations=>[], :name=>"react-native-safe-area-context", :root=>"/private/var/folders/nj/vtw8zd2j31d1gdrtntc5y4600000gn/T/eas-build-local-nodejs/82a724e3-2a52-4f73-8bcd-0bb33776effe/build/node_modules/react-native-safe-area-context", :path=>"../node_modules/react-native-safe-area-context", :podspec_path=>"/private/var/folders/nj/vtw8zd2j31d1gdrtntc5y4600000gn/T/eas-build-local-nodejs/82a724e3-2a52-4f73-8bcd-0bb33776effe/build/node_modules/react-native-safe-area-context/react-native-safe-area-context.podspec", :script_phases=>[]}, {:configurations=>[], :name=>"react-native-screens", :root=>"/private/var/folders/nj/vtw8zd2j31d1gdrtntc5y4600000gn/T/eas-build-local-nodejs/82a724e3-2a52-4f73-8bcd-0bb33776effe/build/node_modules/react-native-screens", :path=>"../node_modules/react-native-screens", :podspec_path=>"/private/var/folders/nj/vtw8zd2j31d1gdrtntc5y4600000gn/T/eas-build-local-nodejs/82a724e3-2a52-4f73-8bcd-0bb33776effe/build/node_modules/react-native-screens/RNScreens.podspec", :script_phases=>[]}, {:configurations=>[], :name=>"react-native-svg", :root=>"/private/var/folders/nj/vtw8zd2j31d1gdrtntc5y4600000gn/T/eas-build-local-nodejs/82a724e3-2a52-4f73-8bcd-0bb33776effe/build/node_modules/react-native-svg", :path=>"../node_modules/react-native-svg", :podspec_path=>"/private/var/folders/nj/vtw8zd2j31d1gdrtntc5y4600000gn/T/eas-build-local-nodejs/82a724e3-2a52-4f73-8bcd-0bb33776effe/build/node_modules/react-native-svg/RNSVG.podspec", :script_phases=>[]}, {:configurations=>[], :name=>"react-native-worklets", :root=>"/private/var/folders/nj/vtw8zd2j31d1gdrtntc5y4600000gn/T/eas-build-local-nodejs/82a724e3-2a52-4f73-8bcd-0bb33776effe/build/node_modules/react-native-worklets", :path=>"../node_modules/react-native-worklets", :podspec_path=>"/private/var/folders/nj/vtw8zd2j31d1gdrtntc5y4600000gn/T/eas-build-local-nodejs/82a724e3-2a52-4f73-8bcd-0bb33776effe/build/node_modules/react-native-worklets/RNWorklets.podspec", :script_phases=>[]}], :ios_project_root_path=>"/private/var/folders/nj/vtw8zd2j31d1gdrtntc5y4600000gn/T/eas-build-local-nodejs/82a724e3-2a52-4f73-8bcd-0bb33776effe/build/ios", :react_native_path=>"../node_modules/react-native"}
Build iOS and Submit to TestFlight	UNKNOWN STEP	2026-09-28T19:56:21.0937490Z [INSTALL_PODS] Auto-linking React Native modules for target `NGNflow`: RNCAsyncStorage, RNReanimated, RNSVG, RNScreens, RNWorklets, and react-native-safe-area-context
Build iOS and Submit to TestFlight	UNKNOWN STEP	2026-09-28T19:56:21.1825330Z [INSTALL_PODS] Framework build type is static library
Build iOS and Submit to TestFlight	UNKNOWN STEP	2026-09-28T19:56:21.1964060Z [INSTALL_PODS] [ReactNativeDependencies] Setting up ReactNativeDependencies...
Build iOS and Submit to TestFlight	UNKNOWN STEP	2026-09-28T19:56:21.3931990Z [INSTALL_PODS] [ReactNativeDependencies] Building from source: false
Build iOS and Submit to TestFlight	UNKNOWN STEP	2026-09-28T19:56:21.3935620Z [INSTALL_PODS] [ReactNativeDependencies] Using tarball from URL: https://repo1.maven.org/maven2/com/facebook/react/react-native-artifacts/0.86.3/react-native-artifacts-0.86.3-reactnative-dependencies-debug.tar.gz
Build iOS and Submit to TestFlight	UNKNOWN STEP	2026-09-28T19:56:21.4068380Z [INSTALL_PODS] [ReactNativeDependencies] Cache miss: downloading reactnative-dependencies-0.86.3-debug.tar.gz from https://repo1.maven.org/maven2/com/facebook/react/react-native-artifacts/0.86.3/react-native-artifacts-0.86.3-reactnative-dependencies-debug.tar.gz
Build iOS and Submit to TestFlight	UNKNOWN STEP	2026-09-28T19:56:21.4231020Z [INSTALL_PODS] % Total    % Received % Xferd  Average Speed   Time    Time     Time  Current
Build iOS and Submit to TestFlight	UNKNOWN STEP	2026-09-28T19:56:21.4235730Z [INSTALL_PODS] Dload  Upload   Total   Spent    Left  Speed
Build iOS and Submit to TestFlight	UNKNOWN STEP	2026-09-28T19:56:21.4236550Z [INSTALL_PODS] 
Build iOS and Submit to TestFlight	UNKNOWN STEP	2026-09-28T19:56:21.4237560Z   0     0    0     0    0     0      0      0 --:--:-- --:--:-- --:--:--     0
Build iOS and Submit to TestFlight	UNKNOWN STEP	2026-09-28T19:56:21.4547340Z [INSTALL_PODS] 0     0    0     0    0     0      0
Build iOS and Submit to TestFlight	UNKNOWN STEP	2026-09-28T19:56:21.4548510Z [INSTALL_PODS] 0 --:--:-- --:--:-- --:--:--     0
Build iOS and Submit to TestFlight	UNKNOWN STEP	2026-09-28T19:56:21.4706470Z [INSTALL_PODS] 100   167    0   167    0     0   3501      0 --:--:-- --:--:-- --:--:--  3479
Build iOS and Submit to TestFlight	UNKNOWN STEP	2026-09-28T19:56:21.7349550Z [INSTALL_PODS] 100 17.8M  100 17.8M    0     0  57.4M      0 --:--:-- --:--:-- --:--:-- 57.4M
Build iOS and Submit to TestFlight	UNKNOWN STEP	2026-09-28T19:56:21.7469710Z [INSTALL_PODS] [ReactNativeDependencies] Verifying checksum for downloaded reactnative-dependencies-0.86.3-debug.tar.gz...
Build iOS and Submit to TestFlight	UNKNOWN STEP	2026-09-28T19:56:21.8384550Z [INSTALL_PODS] [Cache] SHA1 verified for reactnative-dependencies-0.86.3-debug.tar.gz
Build iOS and Submit to TestFlight	UNKNOWN STEP	2026-09-28T19:56:21.8504490Z [INSTALL_PODS] [ReactNativeDependencies] Saved reactnative-dependencies-0.86.3-debug.tar.gz to shared cache (/Users/runner/Library/Caches/ReactNative)
Build iOS and Submit to TestFlight	UNKNOWN STEP	2026-09-28T19:56:21.8606120Z [INSTALL_PODS] [ReactNativeDependencies] Cache miss: downloading reactnative-dependencies-0.86.3-release.tar.gz from https://repo1.maven.org/maven2/com/facebook/react/react-native-artifacts/0.86.3/react-native-artifacts-0.86.3-reactnative-dependencies-release.tar.gz
Build iOS and Submit to TestFlight	UNKNOWN STEP	2026-09-28T19:56:21.8782740Z [INSTALL_PODS] % Total    % Received % Xferd  Average Speed   Time    Time     Time  Current
Build iOS and Submit to TestFlight	UNKNOWN STEP	2026-09-28T19:56:21.8786410Z [INSTALL_PODS]                                  Dload  Upload   Total   Spent    Left  Speed
Build iOS and Submit to TestFlight	UNKNOWN STEP	2026-09-28T19:56:21.8787820Z [INSTALL_PODS] 
Build iOS and Submit to TestFlight	UNKNOWN STEP	2026-09-28T19:56:21.8788670Z   0
Build iOS and Submit to TestFlight	UNKNOWN STEP	2026-09-28T19:56:21.8789900Z [INSTALL_PODS] 0    0     0    0     0      0      0 --:--:-- --:--:-- --:--:--     0
Build iOS and Submit to TestFlight	UNKNOWN STEP	2026-09-28T19:56:21.9191080Z [INSTALL_PODS] 100   167    0   167    0     0   4066      0 --:--:-- --:--:-- --:--:--  4
Build iOS and Submit to TestFlight	UNKNOWN STEP	2026-09-28T19:56:21.9193300Z [INSTALL_PODS] 073
Build iOS and Submit to TestFlight	UNKNOWN STEP	2026-09-28T19:56:22.0718300Z [INSTALL_PODS] 100  9.9M  100  9.9M    0     0  51.2M      0 --:--:-- -
Build iOS and Submit to TestFlight	UNKNOWN STEP	2026-09-28T19:56:22.0719600Z [INSTALL_PODS] -:--:-- --:--:-- 51.2M
Build iOS and Submit to TestFlight	UNKNOWN STEP	2026-09-28T19:56:22.0827700Z [INSTALL_PODS] [ReactNativeDependencies] Verifying checksum for downloaded reactnative-dependencies-0.86.3-release.tar.gz...
Build iOS and Submit to TestFlight	UNKNOWN STEP	2026-09-28T19:56:22.1702300Z [INSTALL_PODS] [Cache] SHA1 verified for reactnative-dependencies-0.86.3-release.tar.gz
Build iOS and Submit to TestFlight	UNKNOWN STEP	2026-09-28T19:56:22.1952670Z [INSTALL_PODS] [ReactNativeDependencies] Saved reactnative-dependencies-0.86.3-release.tar.gz to shared cache (/Users/runner/Library/Caches/ReactNative)
Build iOS and Submit to TestFlight	UNKNOWN STEP	2026-09-28T19:56:22.1957290Z [INSTALL_PODS] [ReactNativeDependencies] Source: {:http=>"https://repo1.maven.org/maven2/com/facebook/react/react-native-artifacts/0.86.3/react-native-artifacts-0.86.3-reactnative-dependencies-debug.tar.gz"}
Build iOS and Submit to TestFlight	UNKNOWN STEP	2026-09-28T19:56:22.1959880Z [INSTALL_PODS] [ReactNativeCore] Setting up ReactNativeCore...
Build iOS and Submit to TestFlight	UNKNOWN STEP	2026-09-28T19:56:22.3199050Z [INSTALL_PODS] [ReactNativeCore] Building from source: false
Build iOS and Submit to TestFlight	UNKNOWN STEP	2026-09-28T19:56:22.3199880Z [INSTALL_PODS] Configuring the target with the New Architecture
Build iOS and Submit to TestFlight	UNKNOWN STEP	2026-09-28T19:56:22.3203020Z [INSTALL_PODS] [ReactNativeCore] Using React Native Core and React Native Dependencies prebuilt versions.
Build iOS and Submit to TestFlight	UNKNOWN STEP	2026-09-28T19:56:22.7481900Z [INSTALL_PODS] ^[[36m^[[1m[Codegen]^[[0m Analyzing /private/var/folders/nj/vtw8zd2j31d1gdrtntc5y4600000gn/T/eas-build-local-nodejs/82a724e3-2a52-4f73-8bcd-0bb33776effe/build/package.json^[[0m
Build iOS and Submit to TestFlight	UNKNOWN STEP	2026-09-28T19:56:22.7484000Z [INSTALL_PODS] ^[[36m^[[1m[Codegen]^[[0m ^[[33mSearching for codegen-enabled libraries in the app.^[[0m
Build iOS and Submit to TestFlight	UNKNOWN STEP	2026-09-28T19:56:22.7486260Z [INSTALL_PODS] ^[[36m^[[1m[Codegen]^[[0m ^[[33mThe "codegenConfig" field is not defined in package.json. Assuming there is nothing to generate at the app level.^[[0m
Build iOS and Submit to TestFlight	UNKNOWN STEP	2026-09-28T19:56:22.7488990Z [INSTALL_PODS] ^[[36m^[[1m[Codegen]^[[0m ^[[33mSearching for codegen-enabled libraries in react-native.config.js^[[0m
Build iOS and Submit to TestFlight	UNKNOWN STEP	2026-09-28T19:56:22.7490000Z [INSTALL_PODS] ^[[36m^[[1m[Codegen]^[[0m Found @react-native-async-storage/async-storage^[[0m
Build iOS and Submit to TestFlight	UNKNOWN STEP	2026-09-28T19:56:22.7493310Z [INSTALL_PODS] ^[[36m^[[1m[Codegen]^[[0m Found react-native-reanimated^[[0m
Build iOS and Submit to TestFlight	UNKNOWN STEP	2026-09-28T19:56:22.7498200Z [INSTALL_PODS] ^[[36m^[[1m[Codegen]^[[0m Found react-native-safe-area-context^[[0m
Build iOS and Submit to TestFlight	UNKNOWN STEP	2026-09-28T19:56:22.7501490Z [INSTALL_PODS] ^[[36m^[[1m[Codegen]^[[0m Found react-native-screens^[[0m
Build iOS and Submit to TestFlight	UNKNOWN STEP	2026-09-28T19:56:22.7503740Z [INSTALL_PODS] ^[[36m^[[1m[Codegen]^[[0m Found react-native-svg^[[0m
Build iOS and Submit to TestFlight	UNKNOWN STEP	2026-09-28T19:56:22.7505020Z [INSTALL_PODS] ^[[36m^[[1m[Codegen]^[[0m Found react-native-worklets^[[0m
Build iOS and Submit to TestFlight	UNKNOWN STEP	2026-09-28T19:56:22.7505780Z [INSTALL_PODS] ^[[36m^[[1m[Codegen]^[[0m Processing rnasyncstorage^[[0m
Build iOS and Submit to TestFlight	UNKNOWN STEP	2026-09-28T19:56:22.7506560Z [INSTALL_PODS] ^[[36m^[[1m[Codegen]^[[0m ^[[33mSearching for podspec in the project dependencies.^[[0m
Build iOS and Submit to TestFlight	UNKNOWN STEP	2026-09-28T19:56:22.7507550Z [INSTALL_PODS] ^[[36m^[[1m[Codegen]^[[0m Supported Apple platforms: ios, macos, tvos, visionos for rnasyncstorage^[[0m
Build iOS and Submit to TestFlight	UNKNOWN STEP	2026-09-28T19:56:22.7508430Z [INSTALL_PODS] ^[[36m^[[1m[Codegen]^[[0m Processing rnreanimated^[[0m
Build iOS and Submit to TestFlight	UNKNOWN STEP	2026-09-28T19:56:22.7509290Z [INSTALL_PODS] ^[[36m^[[1m[Codegen]^[[0m ^[[33mSearching for podspec in the project dependencies.^[[0m
Build iOS and Submit to TestFlight	UNKNOWN STEP	2026-09-28T19:56:22.7510330Z [INSTALL_PODS] ^[[36m^[[1m[Codegen]^[[0m Supported Apple platforms: ios, macos, tvos, visionos for rnreanimated^[[0m
Build iOS and Submit to TestFlight	UNKNOWN STEP	2026-09-28T19:56:22.7511130Z [INSTALL_PODS] ^[[36m^[[1m[Codegen]^[[0m Processing safeareacontext^[[0m
Build iOS and Submit to TestFlight	UNKNOWN STEP	2026-09-28T19:56:22.7511950Z [INSTALL_PODS] ^[[36m^[[1m[Codegen]^[[0m ^[[33mSearching for podspec in the project dependencies.^[[0m
Build iOS and Submit to TestFlight	UNKNOWN STEP	2026-09-28T19:56:22.7512980Z [INSTALL_PODS] ^[[36m^[[1m[Codegen]^[[0m Supported Apple platforms: ios, macos, tvos, visionos for safeareacontext^[[0m
Build iOS and Submit to TestFlight	UNKNOWN STEP	2026-09-28T19:56:22.7513760Z [INSTALL_PODS] ^[[36m^[[1m[Codegen]^[[0m Processing rnscreens^[[0m
Build iOS and Submit to TestFlight	UNKNOWN STEP	2026-09-28T19:56:22.7514630Z [INSTALL_PODS] ^[[36m^[[1m[Codegen]^[[0m ^[[33mSearching for podspec in the project dependencies.^[[0m
Build iOS and Submit to TestFlight	UNKNOWN STEP	2026-09-28T19:56:22.7515730Z [INSTALL_PODS] ^[[36m^[[1m[Codegen]^[[0m Supported Apple platforms: ios, tvos, visionos for rnscreens^[[0m
Build iOS and Submit to TestFlight	UNKNOWN STEP	2026-09-28T19:56:22.7516500Z [INSTALL_PODS] ^[[36m^[[1m[Codegen]^[[0m Processing rnsvg^[[0m
Build iOS and Submit to TestFlight	UNKNOWN STEP	2026-09-28T19:56:22.7517320Z [INSTALL_PODS] ^[[36m^[[1m[Codegen]^[[0m ^[[33mSearching for podspec in the project dependencies.^[[0m
Build iOS and Submit to TestFlight	UNKNOWN STEP	2026-09-28T19:56:22.7518250Z [INSTALL_PODS] ^[[36m^[[1m[Codegen]^[[0m Supported Apple platforms: ios, macos, tvos, visionos for rnsvg^[[0m
Build iOS and Submit to TestFlight	UNKNOWN STEP	2026-09-28T19:56:22.7519060Z [INSTALL_PODS] ^[[36m^[[1m[Codegen]^[[0m Processing rnworklets^[[0m
Build iOS and Submit to TestFlight	UNKNOWN STEP	2026-09-28T19:56:22.7520260Z [INSTALL_PODS] ^[[36m^[[1m[Codegen]^[[0m ^[[33mSearching for podspec in the project dependencies.^[[0m
Build iOS and Submit to TestFlight	UNKNOWN STEP	2026-09-28T19:56:22.7521330Z [INSTALL_PODS] ^[[36m^[[1m[Codegen]^[[0m Supported Apple platforms: ios, macos, tvos, visionos for rnworklets^[[0m
Build iOS and Submit to TestFlight	UNKNOWN STEP	2026-09-28T19:56:22.7522390Z [INSTALL_PODS] ^[[36m^[[1m[Codegen]^[[0m Generating Native Code for rnasyncstorage - ios^[[0m
Build iOS and Submit to TestFlight	UNKNOWN STEP	2026-09-28T19:56:22.7523940Z [INSTALL_PODS] ^[[36m^[[1m[Codegen]^[[0m Generated artifacts: /private/var/folders/nj/vtw8zd2j31d1gdrtntc5y4600000gn/T/eas-build-local-nodejs/82a724e3-2a52-4f73-8bcd-0bb33776effe/build/ios/build/generated/ios/ReactCodegen^[[0m
Build iOS and Submit to TestFlight	UNKNOWN STEP	2026-09-28T19:56:22.7526270Z [INSTALL_PODS] ^[[36m^[[1m[Codegen]^[[0m Generating Native Code for rnreanimated - ios^[[0m
Build iOS and Submit to TestFlight	UNKNOWN STEP	2026-09-28T19:56:22.7528140Z [INSTALL_PODS] ^[[36m^[[1m[Codegen]^[[0m Generated artifacts: /private/var/folders/nj/vtw8zd2j31d1gdrtntc5y4600000gn/T/eas-build-local-nodejs/82a724e3-2a52-4f73-8bcd-0bb33776effe/build/ios/build/generated/ios/ReactCodegen^[[0m
Build iOS and Submit to TestFlight	UNKNOWN STEP	2026-09-28T19:56:22.7530510Z [INSTALL_PODS] ^[[36m^[[1m[Codegen]^[[0m Generating Native Code for safeareacontext - ios^[[0m
Build iOS and Submit to TestFlight	UNKNOWN STEP	2026-09-28T19:56:22.7532090Z [INSTALL_PODS] ^[[36m^[[1m[Codegen]^[[0m Generated artifacts: /private/var/folders/nj/vtw8zd2j31d1gdrtntc5y4600000gn/T/eas-build-local-nodejs/82a724e3-2a52-4f73-8bcd-0bb33776effe/build/ios/build/generated/ios/ReactCodegen^[[0m
Build iOS and Submit to TestFlight	UNKNOWN STEP	2026-09-28T19:56:22.7554180Z [INSTALL_PODS] ^[[36m^[[1m[Codegen]^[[0m Generating Native Code for rnscreens - ios^[[0m
Build iOS and Submit to TestFlight	UNKNOWN STEP	2026-09-28T19:56:22.7555910Z [INSTALL_PODS] ^[[36m^[[1m[Codegen]^[[0m Generated artifacts: /private/var/folders/nj/vtw8zd2j31d1gdrtntc5y4600000gn/T/eas-build-local-nodejs/82a724e3-2a52-4f73-8bcd-0bb33776effe/build/ios/build/generated/ios/ReactCodegen^[[0m
Build iOS and Submit to TestFlight	UNKNOWN STEP	2026-09-28T19:56:22.7556950Z [INSTALL_PODS] ^[[36m^[[1m[Codegen]^[[0m Generating Native Code for rnsvg - ios^[[0m
Build iOS and Submit to TestFlight	UNKNOWN STEP	2026-09-28T19:56:22.7558360Z [INSTALL_PODS] ^[[36m^[[1m[Codegen]^[[0m Generated artifacts: /private/var/folders/nj/vtw8zd2j31d1gdrtntc5y4600000gn/T/eas-build-local-nodejs/82a724e3-2a52-4f73-8bcd-0bb33776effe/build/ios/build/generated/ios/ReactCodegen^[[0m
Build iOS and Submit to TestFlight	UNKNOWN STEP	2026-09-28T19:56:22.7559630Z [INSTALL_PODS] ^[[36m^[[1m[Codegen]^[[0m Generating Native Code for rnworklets - ios^[[0m
Build iOS and Submit to TestFlight	UNKNOWN STEP	2026-09-28T19:56:22.7561170Z [INSTALL_PODS] ^[[36m^[[1m[Codegen]^[[0m Generated artifacts: /private/var/folders/nj/vtw8zd2j31d1gdrtntc5y4600000gn/T/eas-build-local-nodejs/82a724e3-2a52-4f73-8bcd-0bb33776effe/build/ios/build/generated/ios/ReactCodegen^[[0m
Build iOS and Submit to TestFlight	UNKNOWN STEP	2026-09-28T19:56:22.7562370Z [INSTALL_PODS] ^[[36m^[[1m[Codegen]^[[0m Generating RCTThirdPartyComponentsProvider.h^[[0m
Build iOS and Submit to TestFlight	UNKNOWN STEP	2026-09-28T19:56:22.7564070Z [INSTALL_PODS] ^[[36m^[[1m[Codegen]^[[0m Generated artifact: /private/var/folders/nj/vtw8zd2j31d1gdrtntc5y4600000gn/T/eas-build-local-nodejs/82a724e3-2a52-4f73-8bcd-0bb33776effe/build/ios/build/generated/ios/ReactCodegen/RCTThirdPartyComponentsProvider.h^[[0m
Build iOS and Submit to TestFlight	UNKNOWN STEP	2026-09-28T19:56:22.7565350Z [INSTALL_PODS] ^[[36m^[[1m[Codegen]^[[0m Generating RCTThirdPartyComponentsProvider.mm^[[0m
Build iOS and Submit to TestFlight	UNKNOWN STEP	2026-09-28T19:56:22.7566880Z [INSTALL_PODS] ^[[36m^[[1m[Codegen]^[[0m Generated artifact: /private/var/folders/nj/vtw8zd2j31d1gdrtntc5y4600000gn/T/eas-build-local-nodejs/82a724e3-2a52-4f73-8bcd-0bb33776effe/build/ios/build/generated/ios/ReactCodegen/RCTThirdPartyComponentsProvider.mm^[[0m
Build iOS and Submit to TestFlight	UNKNOWN STEP	2026-09-28T19:56:22.7568370Z [INSTALL_PODS] ^[[36m^[[1m[Codegen]^[[0m Generating RCTModulesProvider.h^[[0m
Build iOS and Submit to TestFlight	UNKNOWN STEP	2026-09-28T19:56:22.7570020Z [INSTALL_PODS] ^[[36m^[[1m[Codegen]^[[0m Generated artifact: /private/var/folders/nj/vtw8zd2j31d1gdrtntc5y4600000gn/T/eas-build-local-nodejs/82a724e3-2a52-4f73-8bcd-0bb33776effe/build/ios/build/generated/ios/ReactCodegen/RCTModuleProviders.h^[[0m
Build iOS and Submit to TestFlight	UNKNOWN STEP	2026-09-28T19:56:22.7571340Z [INSTALL_PODS] ^[[36m^[[1m[Codegen]^[[0m Generating RCTModuleProviders.mm^[[0m
Build iOS and Submit to TestFlight	UNKNOWN STEP	2026-09-28T19:56:22.7572930Z [INSTALL_PODS] ^[[36m^[[1m[Codegen]^[[0m Generated artifact: /private/var/folders/nj/vtw8zd2j31d1gdrtntc5y4600000gn/T/eas-build-local-nodejs/82a724e3-2a52-4f73-8bcd-0bb33776effe/build/ios/build/generated/ios/ReactCodegen/RCTModuleProviders.mm^[[0m
Build iOS and Submit to TestFlight	UNKNOWN STEP	2026-09-28T19:56:22.7574260Z [INSTALL_PODS] ^[[36m^[[1m[Codegen]^[[0m Generating RCTAppDependencyProvider^[[0m
Build iOS and Submit to TestFlight	UNKNOWN STEP	2026-09-28T19:56:22.7576070Z [INSTALL_PODS] ^[[36m^[[1m[Codegen]^[[0m Generated artifact: /private/var/folders/nj/vtw8zd2j31d1gdrtntc5y4600000gn/T/eas-build-local-nodejs/82a724e3-2a52-4f73-8bcd-0bb33776effe/build/ios/build/generated/ios/ReactAppDependencyProvider/RCTAppDependencyProvider.h^[[0m
Build iOS and Submit to TestFlight	UNKNOWN STEP	2026-09-28T19:56:22.7578570Z [INSTALL_PODS] ^[[36m^[[1m[Codegen]^[[0m Generated artifact: /private/var/folders/nj/vtw8zd2j31d1gdrtntc5y4600000gn/T/eas-build-local-nodejs/82a724e3-2a52-4f73-8bcd-0bb33776effe/build/ios/build/generated/ios/ReactAppDependencyProvider/RCTAppDependencyProvider.mm^[[0m
Build iOS and Submit to TestFlight	UNKNOWN STEP	2026-09-28T19:56:22.7580790Z [INSTALL_PODS] ^[[36m^[[1m[Codegen]^[[0m Generated podspec: /private/var/folders/nj/vtw8zd2j31d1gdrtntc5y4600000gn/T/eas-build-local-nodejs/82a724e3-2a52-4f73-8bcd-0bb33776effe/build/ios/build/generated/ios/ReactAppDependencyProvider/ReactAppDependencyProvider.podspec^[[0m
Build iOS and Submit to TestFlight	UNKNOWN STEP	2026-09-28T19:56:22.7584020Z [INSTALL_PODS] ^[[36m^[[1m[Codegen]^[[0m Generated podspec: /private/var/folders/nj/vtw8zd2j31d1gdrtntc5y4600000gn/T/eas-build-local-nodejs/82a724e3-2a52-4f73-8bcd-0bb33776effe/build/ios/build/generated/ios/ReactCodegen/ReactCodegen.podspec^[[0m
Build iOS and Submit to TestFlight	UNKNOWN STEP	2026-09-28T19:56:22.7585250Z [INSTALL_PODS] ^[[36m^[[1m[Codegen]^[[0m Generating Package.swift^[[0m
Build iOS and Submit to TestFlight	UNKNOWN STEP	2026-09-28T19:56:22.7586910Z [INSTALL_PODS] ^[[36m^[[1m[Codegen]^[[0m Generated artifact: /private/var/folders/nj/vtw8zd2j31d1gdrtntc5y4600000gn/T/eas-build-local-nodejs/82a724e3-2a52-4f73-8bcd-0bb33776effe/build/ios/build/generated/ios/Package.swift^[[0m
Build iOS and Submit to TestFlight	UNKNOWN STEP	2026-09-28T19:56:22.7588130Z [INSTALL_PODS] ^[[36m^[[1m[Codegen]^[[0m ^[[33mDone.^[[0m
Build iOS and Submit to TestFlight	UNKNOWN STEP	2026-09-28T19:56:22.7588560Z [INSTALL_PODS] Analyzing dependencies
Build iOS and Submit to TestFlight	UNKNOWN STEP	2026-09-28T19:56:23.2006380Z [INSTALL_PODS] Fetching podspec for `React-Core-prebuilt` from `../node_modules/react-native/React-Core-prebuilt.podspec`
Build iOS and Submit to TestFlight	UNKNOWN STEP	2026-09-28T19:56:23.2089260Z [INSTALL_PODS] [ReactNativeCore] Cache miss: downloading reactnative-core-0.86.3-debug.tar.gz from https://repo1.maven.org/maven2/com/facebook/react/react-native-artifacts/0.86.3/react-native-artifacts-0.86.3-reactnative-core-debug.tar.gz
Build iOS and Submit to TestFlight	UNKNOWN STEP	2026-09-28T19:56:23.2234630Z [INSTALL_PODS] % Total    % Received % Xferd  Average Speed   Time    Time     Time  Current
Build iOS and Submit to TestFlight	UNKNOWN STEP	2026-09-28T19:56:23.2237020Z [INSTALL_PODS]                                  Dload  Upload   Total   Spent    Left  Speed
Build iOS and Submit to TestFlight	UNKNOWN STEP	2026-09-28T19:56:23.2238560Z [INSTALL_PODS] 
Build iOS and Submit to TestFlight	UNKNOWN STEP	2026-09-28T19:56:23.2240160Z   0     0    0     0    0     0      0      0 --:--:-- --:--:-- --:--:--     0
Build iOS and Submit to TestFlight	UNKNOWN STEP	2026-09-28T19:56:23.2662810Z [INSTALL_PODS] 100   167    0   167    0     0   3881      0 --:--:-- --:--:-- --:--:--  3976
Build iOS and Submit to TestFlight	UNKNOWN STEP	2026-09-28T19:56:23.4421260Z [INSTALL_PODS] 1 94.2M    1 1168k    0     0  5337k      0  0:00:18 --:--:--  0:00:18 5337k
Build iOS and Submit to TestFlight	UNKNOWN STEP	2026-09-28T19:56:24.3884140Z [INSTALL_PODS] 100 94.2M  100 94.2M
Build iOS and Submit to TestFlight	UNKNOWN STEP	2026-09-28T19:56:24.3885440Z [INSTALL_PODS] 0     0  80.8M      0  0:00:01  0:00:01 --:--:-- 98.3M
Build iOS and Submit to TestFlight	UNKNOWN STEP	2026-09-28T19:56:24.4107950Z [INSTALL_PODS] [ReactNativeCore] Verifying checksum for downloaded reactnative-core-0.86.3-debug.tar.gz...
Build iOS and Submit to TestFlight	UNKNOWN STEP	2026-09-28T19:56:24.5734360Z [INSTALL_PODS] [Cache] SHA1 verified for reactnative-core-0.86.3-debug.tar.gz
Build iOS and Submit to TestFlight	UNKNOWN STEP	2026-09-28T19:56:24.6360450Z [INSTALL_PODS] [ReactNativeCore] Saved reactnative-core-0.86.3-debug.tar.gz to shared cache (/Users/runner/Library/Caches/ReactNative)
Build iOS and Submit to TestFlight	UNKNOWN STEP	2026-09-28T19:56:24.6487960Z [INSTALL_PODS] [ReactNativeCore] Cache miss: downloading reactnative-core-0.86.3-release.tar.gz from https://repo1.maven.org/maven2/com/facebook/react/react-native-artifacts/0.86.3/react-native-artifacts-0.86.3-reactnative-core-release.tar.gz
Build iOS and Submit to TestFlight	UNKNOWN STEP	2026-09-28T19:56:24.6648600Z [INSTALL_PODS] % Total    % Received % Xferd  Average Speed   Time    Time     Time  Current
Build iOS and Submit to TestFlight	UNKNOWN STEP	2026-09-28T19:56:24.6651930Z [INSTALL_PODS]                                  Dload  Upload   Total   Spent    Left  Speed
Build iOS and Submit to TestFlight	UNKNOWN STEP	2026-09-28T19:56:24.6653720Z [INSTALL_PODS] 
Build iOS and Submit to TestFlight	UNKNOWN STEP	2026-09-28T19:56:24.6654190Z   0     0
Build iOS and Submit to TestFlight	UNKNOWN STEP	2026-09-28T19:56:24.6655420Z [INSTALL_PODS] 0     0    0     0      0      0 --:--:-- --:--:-- --:--:--     0
Build iOS and Submit to TestFlight	UNKNOWN STEP	2026-09-28T19:56:24.7054690Z [INSTALL_PODS] 100   167    0   167    0
Build iOS and Submit to TestFlight	UNKNOWN STEP	2026-09-28T19:56:24.7056890Z [INSTALL_PODS] 0   4093      0 --:--:-- --:--:-- --:--:--  4175
Build iOS and Submit to TestFlight	UNKNOWN STEP	2026-09-28T19:56:25.2527840Z [INSTALL_PODS] 100 29.5M  100 29.5M    0     0  50.4M      0 --:--:-- --:--:-- --:--:-- 50.4M
Build iOS and Submit to TestFlight	UNKNOWN STEP	2026-09-28T19:56:25.2651150Z [INSTALL_PODS] [ReactNativeCore] Verifying checksum for downloaded reactnative-core-0.86.3-release.tar.gz...
Build iOS and Submit to TestFlight	UNKNOWN STEP	2026-09-28T19:56:25.3873900Z [INSTALL_PODS] [Cache] SHA1 verified for reactnative-core-0.86.3-release.tar.gz
Build iOS and Submit to TestFlight	UNKNOWN STEP	2026-09-28T19:56:25.4236490Z [INSTALL_PODS] [ReactNativeCore] Saved reactnative-core-0.86.3-release.tar.gz to shared cache (/Users/runner/Library/Caches/ReactNative)
Build iOS and Submit to TestFlight	UNKNOWN STEP	2026-09-28T19:56:25.4250920Z [INSTALL_PODS] [ReactNativeCore] Resolved stable ReactNativeCore-prebuilt version:
Build iOS and Submit to TestFlight	UNKNOWN STEP	2026-09-28T19:56:25.4252100Z [INSTALL_PODS] [ReactNativeCore]   ../../ios/Pods/ReactNativeCore-artifacts/reactnative-core-0.86.3-debug.tar.gz
Build iOS and Submit to TestFlight	UNKNOWN STEP	2026-09-28T19:56:25.4253040Z [INSTALL_PODS] [ReactNativeCore]   ../../ios/Pods/ReactNativeCore-artifacts/reactnative-core-0.86.3-release.tar.gz
Build iOS and Submit to TestFlight	UNKNOWN STEP	2026-09-28T19:56:25.5949060Z [INSTALL_PODS] Fetching podspec for `ReactNativeDependencies` from `../node_modules/react-native/third-party-podspecs/ReactNativeDependencies.podspec`
Build iOS and Submit to TestFlight	UNKNOWN STEP	2026-09-28T19:56:25.7108310Z [INSTALL_PODS] [ReactNativeDependencies] Using tarball from URL: https://repo1.maven.org/maven2/com/facebook/react/react-native-artifacts/0.86.3/react-native-artifacts-0.86.3-reactnative-dependencies-debug.tar.gz
Build iOS and Submit to TestFlight	UNKNOWN STEP	2026-09-28T19:56:25.7116040Z [INSTALL_PODS] [ReactNativeDependencies] Tarball reactnative-dependencies-0.86.3-debug.tar.gz already exists in Pods. Skipping download.
Build iOS and Submit to TestFlight	UNKNOWN STEP	2026-09-28T19:56:25.7119500Z [INSTALL_PODS] [ReactNativeDependencies] Tarball reactnative-dependencies-0.86.3-release.tar.gz already exists in Pods. Skipping download.
Build iOS and Submit to TestFlight	UNKNOWN STEP	2026-09-28T19:56:25.7151080Z [INSTALL_PODS] Fetching podspec for `hermes-engine` from `../node_modules/react-native/sdks/hermes-engine/hermes-engine.podspec`
Build iOS and Submit to TestFlight	UNKNOWN STEP	2026-09-28T19:56:25.9750390Z [INSTALL_PODS] [Hermes] Using release tarball from URL: https://repo1.maven.org/maven2/com/facebook/hermes/hermes-ios/250829098.0.17/hermes-ios-250829098.0.17-hermes-ios-debug.tar.gz
Build iOS and Submit to TestFlight	UNKNOWN STEP	2026-09-28T19:56:25.9826370Z [INSTALL_PODS] [Hermes] Cache miss: downloading hermes-ios-250829098.0.17-debug.tar.gz from https://repo1.maven.org/maven2/com/facebook/hermes/hermes-ios/250829098.0.17/hermes-ios-250829098.0.17-hermes-ios-debug.tar.gz
Build iOS and Submit to TestFlight	UNKNOWN STEP	2026-09-28T19:56:26.0021550Z [INSTALL_PODS] % Total    % Received % Xferd  Average Speed   Time    Time     Time  Current
Build iOS and Submit to TestFlight	UNKNOWN STEP	2026-09-28T19:56:26.0023220Z [INSTALL_PODS]                                  Dload  Upload   Total   Spent    Left  Speed
Build iOS and Submit to TestFlight	UNKNOWN STEP	2026-09-28T19:56:26.0024250Z [INSTALL_PODS] 
Build iOS and Submit to TestFlight	UNKNOWN STEP	2026-09-28T19:56:26.0025100Z   0     0    0     0    0     0      0      0 --:--:-- --:--:
Build iOS and Submit to TestFlight	UNKNOWN STEP	2026-09-28T19:56:26.0026030Z [INSTALL_PODS] -- --:--:--     0
Build iOS and Submit to TestFlight	UNKNOWN STEP	2026-09-28T19:56:26.0496690Z [INSTALL_PODS] 100   167    0   167    0     0   3508      0 --:--:-- --:--:-- --:--:--  3553
Build iOS and Submit to TestFlight	UNKNOWN STEP	2026-09-28T19:56:26.3999310Z [INSTALL_PODS] 100 31.2M  100 31.2M    0     0  78.4M      0
Build iOS and Submit to TestFlight	UNKNOWN STEP	2026-09-28T19:56:26.4064950Z [INSTALL_PODS] --:--:-- --:--:-- --:--:-- 78.4M
Build iOS and Submit to TestFlight	UNKNOWN STEP	2026-09-28T19:56:26.4113880Z [INSTALL_PODS] [Hermes] Verifying checksum for downloaded hermes-ios-250829098.0.17-debug.tar.gz...
Build iOS and Submit to TestFlight	UNKNOWN STEP	2026-09-28T19:56:26.5540370Z [INSTALL_PODS] [Hermes] SHA1 verified for hermes-ios-250829098.0.17-debug.tar.gz
Build iOS and Submit to TestFlight	UNKNOWN STEP	2026-09-28T19:56:26.5797090Z [INSTALL_PODS] [Hermes] Saved hermes-ios-250829098.0.17-debug.tar.gz to shared cache (/Users/runner/Library/Caches/ReactNative)
Build iOS and Submit to TestFlight	UNKNOWN STEP	2026-09-28T19:56:26.5926760Z [INSTALL_PODS] [Hermes] Cache miss: downloading hermes-ios-250829098.0.17-release.tar.gz from https://repo1.maven.org/maven2/com/facebook/hermes/hermes-ios/250829098.0.17/hermes-ios-250829098.0.17-hermes-ios-release.tar.gz
Build iOS and Submit to TestFlight	UNKNOWN STEP	2026-09-28T19:56:26.6129290Z [INSTALL_PODS] % Total    % Received % Xferd  Average Speed   Time    Time     Time  Current
Build iOS and Submit to TestFlight	UNKNOWN STEP	2026-09-28T19:56:26.6131720Z [INSTALL_PODS]                                  Dload  Upload   Total   Spent    Left  Speed
Build iOS and Submit to TestFlight	UNKNOWN STEP	2026-09-28T19:56:26.6132190Z [INSTALL_PODS] 
Build iOS and Submit to TestFlight	UNKNOWN STEP	2026-09-28T19:56:26.6132480Z   0     0    0     0    0     0      0
Build iOS and Submit to TestFlight	UNKNOWN STEP	2026-09-28T19:56:26.6133580Z [INSTALL_PODS] 0 --:--:-- --:--:-- --:--:--     0
Build iOS and Submit to TestFlight	UNKNOWN STEP	2026-09-28T19:56:26.6619870Z [INSTALL_PODS] 100   167    0   167    0     0   3380      0 --:--:-- --:--:-- --:--:--  3408
Build iOS and Submit to TestFlight	UNKNOWN STEP	2026-09-28T19:56:27.1014970Z [INSTALL_PODS] 100 24.3M  100 24.3M    0     0  49.8M      0 --:--:-- --:--:-- --:--:-- 49.8M
Build iOS and Submit to TestFlight	UNKNOWN STEP	2026-09-28T19:56:27.1194600Z [INSTALL_PODS] [Hermes] Verifying checksum for downloaded hermes-ios-250829098.0.17-release.tar.gz...
Build iOS and Submit to TestFlight	UNKNOWN STEP	2026-09-28T19:56:27.2137920Z [INSTALL_PODS] [Hermes] SHA1 verified for hermes-ios-250829098.0.17-release.tar.gz
Build iOS and Submit to TestFlight	UNKNOWN STEP	2026-09-28T19:56:27.2440020Z [INSTALL_PODS] [Hermes] Saved hermes-ios-250829098.0.17-release.tar.gz to shared cache (/Users/runner/Library/Caches/ReactNative)
Build iOS and Submit to TestFlight	UNKNOWN STEP	2026-09-28T19:56:28.0804370Z [INSTALL_PODS] Adding spec repo `trunk` with CDN `https://cdn.cocoapods.org/`
Build iOS and Submit to TestFlight	UNKNOWN STEP	2026-09-28T19:56:28.0806370Z [INSTALL_PODS] Downloading dependencies
Build iOS and Submit to TestFlight	UNKNOWN STEP	2026-09-28T19:56:28.0807750Z [INSTALL_PODS] Installing EXApplication (57.0.3)
Build iOS and Submit to TestFlight	UNKNOWN STEP	2026-09-28T19:56:28.0809700Z [INSTALL_PODS] Installing EXConstants (57.0.19)
Build iOS and Submit to TestFlight	UNKNOWN STEP	2026-09-28T19:56:28.0811020Z [INSTALL_PODS] Installing Expo (57.0.25)
Build iOS and Submit to TestFlight	UNKNOWN STEP	2026-09-28T19:56:28.0812390Z [INSTALL_PODS] Installing ExpoAsset (57.0.18)
Build iOS and Submit to TestFlight	UNKNOWN STEP	2026-09-28T19:56:28.0813600Z [INSTALL_PODS] Installing ExpoClipboard (57.0.2)
Build iOS and Submit to TestFlight	UNKNOWN STEP	2026-09-28T19:56:28.0814630Z [INSTALL_PODS] Installing ExpoDevice (57.0.2)
Build iOS and Submit to TestFlight	UNKNOWN STEP	2026-09-28T19:56:28.0815810Z [INSTALL_PODS] Installing ExpoDomWebView (57.0.1)
Build iOS and Submit to TestFlight	UNKNOWN STEP	2026-09-28T19:56:28.0816850Z [INSTALL_PODS] Installing ExpoFileSystem (57.0.7)
Build iOS and Submit to TestFlight	UNKNOWN STEP	2026-09-28T19:56:28.0818010Z [INSTALL_PODS] Installing ExpoFont (57.0.4)
Build iOS and Submit to TestFlight	UNKNOWN STEP	2026-09-28T19:56:28.0819160Z [INSTALL_PODS] Installing ExpoKeepAwake (57.0.2)
Build iOS and Submit to TestFlight	UNKNOWN STEP	2026-09-28T19:56:28.0820360Z [INSTALL_PODS] Installing ExpoLogBox (57.0.4)
Build iOS and Submit to TestFlight	UNKNOWN STEP	2026-09-28T19:56:28.0821390Z [INSTALL_PODS] Installing ExpoModulesCore (57.0.19)
Build iOS and Submit to TestFlight	UNKNOWN STEP	2026-09-28T19:56:28.0822580Z [INSTALL_PODS] Installing ExpoModulesJSI (57.1.1)
Build iOS and Submit to TestFlight	UNKNOWN STEP	2026-09-28T19:56:31.4499540Z [INSTALL_PODS] Installing ExpoModulesWorklets (57.0.19)
Build iOS and Submit to TestFlight	UNKNOWN STEP	2026-09-28T19:56:31.4501800Z [INSTALL_PODS] Installing ExpoModulesWorkletsAdapter (57.0.19)
Build iOS and Submit to TestFlight	UNKNOWN STEP	2026-09-28T19:56:31.4503780Z [INSTALL_PODS] Installing ExpoNotifications (57.0.21)
Build iOS and Submit to TestFlight	UNKNOWN STEP	2026-09-28T19:56:31.4505370Z [INSTALL_PODS] Installing ExpoSecureStore (57.0.4)
Build iOS and Submit to TestFlight	UNKNOWN STEP	2026-09-28T19:56:31.4506840Z [INSTALL_PODS] Installing FBLazyVector (0.86.3)
Build iOS and Submit to TestFlight	UNKNOWN STEP	2026-09-28T19:56:31.4508050Z [INSTALL_PODS] Installing RCTDeprecation (0.86.3)
Build iOS and Submit to TestFlight	UNKNOWN STEP	2026-09-28T19:56:31.4509970Z [INSTALL_PODS] Installing RCTRequired (0.86.3)
Build iOS and Submit to TestFlight	UNKNOWN STEP	2026-09-28T19:56:31.4511200Z [INSTALL_PODS] Installing RCTSwiftUI (0.86.3)
Build iOS and Submit to TestFlight	UNKNOWN STEP	2026-09-28T19:56:31.4512190Z [INSTALL_PODS] Installing RCTSwiftUIWrapper (0.86.3)
Build iOS and Submit to TestFlight	UNKNOWN STEP	2026-09-28T19:56:31.4513280Z [INSTALL_PODS] Installing RCTTypeSafety (0.86.3)
Build iOS and Submit to TestFlight	UNKNOWN STEP	2026-09-28T19:56:31.4514310Z [INSTALL_PODS] Installing RNCAsyncStorage (2.2.0)
Build iOS and Submit to TestFlight	UNKNOWN STEP	2026-09-28T19:56:31.4515310Z [INSTALL_PODS] Installing RNReanimated (4.5.1)
Build iOS and Submit to TestFlight	UNKNOWN STEP	2026-09-28T19:56:31.4516260Z [INSTALL_PODS] Installing RNSVG (15.15.4)
Build iOS and Submit to TestFlight	UNKNOWN STEP	2026-09-28T19:56:31.4517220Z [INSTALL_PODS] Installing RNScreens (4.26.2)
Build iOS and Submit to TestFlight	UNKNOWN STEP	2026-09-28T19:56:31.4518270Z [INSTALL_PODS] Installing RNWorklets (0.10.1)
Build iOS and Submit to TestFlight	UNKNOWN STEP	2026-09-28T19:56:31.4519220Z [INSTALL_PODS] Installing React (0.86.3)
Build iOS and Submit to TestFlight	UNKNOWN STEP	2026-09-28T19:56:31.4520100Z [INSTALL_PODS] Installing React-Core (0.86.3)
Build iOS and Submit to TestFlight	UNKNOWN STEP	2026-09-28T19:56:31.4521180Z [INSTALL_PODS] Installing React-Core-prebuilt (0.86.3)
Build iOS and Submit to TestFlight	UNKNOWN STEP	2026-09-28T19:56:50.4044440Z [INSTALL_PODS] Installing React-CoreModules (0.86.3)
Build iOS and Submit to TestFlight	UNKNOWN STEP	2026-09-28T19:56:50.4048980Z [INSTALL_PODS] Installing React-Fabric (0.86.3)
Build iOS and Submit to TestFlight	UNKNOWN STEP	2026-09-28T19:56:50.4049800Z [INSTALL_PODS] Installing React-FabricComponents (0.86.3)
Build iOS and Submit to TestFlight	UNKNOWN STEP	2026-09-28T19:56:50.4050500Z [INSTALL_PODS] Installing React-FabricImage (0.86.3)
Build iOS and Submit to TestFlight	UNKNOWN STEP	2026-09-28T19:56:50.4051280Z [INSTALL_PODS] Installing React-ImageManager (0.86.3)
Build iOS and Submit to TestFlight	UNKNOWN STEP	2026-09-28T19:56:50.4051930Z [INSTALL_PODS] Installing React-Mapbuffer (0.86.3)
Build iOS and Submit to TestFlight	UNKNOWN STEP	2026-09-28T19:56:50.4093780Z [INSTALL_PODS] Installing React-NativeModulesApple (0.86.3)
Build iOS and Submit to TestFlight	UNKNOWN STEP	2026-09-28T19:56:50.4094620Z [INSTALL_PODS] Installing React-RCTActionSheet (0.86.3)
Build iOS and Submit to TestFlight	UNKNOWN STEP	2026-09-28T19:56:50.4095240Z [INSTALL_PODS] Installing React-RCTAnimation (0.86.3)
Build iOS and Submit to TestFlight	UNKNOWN STEP	2026-09-28T19:56:50.4096100Z [INSTALL_PODS] Installing React-RCTAppDelegate (0.86.3)
Build iOS and Submit to TestFlight	UNKNOWN STEP	2026-09-28T19:56:50.4112960Z [INSTALL_PODS] Installing React-RCTBlob (0.86.3)
Build iOS and Submit to TestFlight	UNKNOWN STEP	2026-09-28T19:56:50.4114310Z [INSTALL_PODS] Installing React-RCTFBReactNativeSpec (0.86.3)
Build iOS and Submit to TestFlight	UNKNOWN STEP	2026-09-28T19:56:50.4114880Z [INSTALL_PODS] Installing React-RCTFabric (0.86.3)
Build iOS and Submit to TestFlight	UNKNOWN STEP	2026-09-28T19:56:50.4115370Z [INSTALL_PODS] Installing React-RCTImage (0.86.3)
Build iOS and Submit to TestFlight	UNKNOWN STEP	2026-09-28T19:56:50.4115780Z [INSTALL_PODS] Installing React-RCTLinking (0.86.3)
Build iOS and Submit to TestFlight	UNKNOWN STEP	2026-09-28T19:56:50.4116290Z [INSTALL_PODS] Installing React-RCTNetwork (0.86.3)
Build iOS and Submit to TestFlight	UNKNOWN STEP	2026-09-28T19:56:50.4116770Z [INSTALL_PODS] Installing React-RCTRuntime (0.86.3)
Build iOS and Submit to TestFlight	UNKNOWN STEP	2026-09-28T19:56:50.4117240Z [INSTALL_PODS] Installing React-RCTSettings (0.86.3)
Build iOS and Submit to TestFlight	UNKNOWN STEP	2026-09-28T19:56:50.4117710Z [INSTALL_PODS] Installing React-RCTText (0.86.3)
Build iOS and Submit to TestFlight	UNKNOWN STEP	2026-09-28T19:56:50.4118310Z [INSTALL_PODS] Installing React-RCTVibration (0.86.3)
Build iOS and Submit to TestFlight	UNKNOWN STEP	2026-09-28T19:56:50.4118870Z [INSTALL_PODS] Installing React-RuntimeApple (0.86.3)
Build iOS and Submit to TestFlight	UNKNOWN STEP	2026-09-28T19:56:50.4120140Z [INSTALL_PODS] Installing React-RuntimeCore (0.86.3)
Build iOS and Submit to TestFlight	UNKNOWN STEP	2026-09-28T19:56:50.4120610Z [INSTALL_PODS] Installing React-RuntimeHermes (0.86.3)
Build iOS and Submit to TestFlight	UNKNOWN STEP	2026-09-28T19:56:50.4121070Z [INSTALL_PODS] Installing React-callinvoker (0.86.3)
Build iOS and Submit to TestFlight	UNKNOWN STEP	2026-09-28T19:56:50.4121520Z [INSTALL_PODS] Installing React-cxxreact (0.86.3)
Build iOS and Submit to TestFlight	UNKNOWN STEP	2026-09-28T19:56:50.4122040Z [INSTALL_PODS] Installing React-debug (0.86.3)
Build iOS and Submit to TestFlight	UNKNOWN STEP	2026-09-28T19:56:50.4122550Z [INSTALL_PODS] Installing React-defaultsnativemodule (0.86.3)
Build iOS and Submit to TestFlight	UNKNOWN STEP	2026-09-28T19:56:50.4123040Z [INSTALL_PODS] Installing React-domnativemodule (0.86.3)
Build iOS and Submit to TestFlight	UNKNOWN STEP	2026-09-28T19:56:50.4123560Z [INSTALL_PODS] Installing React-featureflags (0.86.3)
Build iOS and Submit to TestFlight	UNKNOWN STEP	2026-09-28T19:56:50.4124110Z [INSTALL_PODS] Installing React-featureflagsnativemodule (0.86.3)
Build iOS and Submit to TestFlight	UNKNOWN STEP	2026-09-28T19:56:50.4124540Z [INSTALL_PODS] Installing React-graphics (0.86.3)
Build iOS and Submit to TestFlight	UNKNOWN STEP	2026-09-28T19:56:50.4125000Z [INSTALL_PODS] Installing React-hermes (0.86.3)
Build iOS and Submit to TestFlight	UNKNOWN STEP	2026-09-28T19:56:50.4125530Z [INSTALL_PODS] Installing React-idlecallbacksnativemodule (0.86.3)
Build iOS and Submit to TestFlight	UNKNOWN STEP	2026-09-28T19:56:50.4126200Z [INSTALL_PODS] Installing React-intersectionobservernativemodule (0.86.3)
Build iOS and Submit to TestFlight	UNKNOWN STEP	2026-09-28T19:56:50.4126750Z [INSTALL_PODS] Installing React-jserrorhandler (0.86.3)
Build iOS and Submit to TestFlight	UNKNOWN STEP	2026-09-28T19:56:50.4127280Z [INSTALL_PODS] Installing React-jsi (0.86.3)
Build iOS and Submit to TestFlight	UNKNOWN STEP	2026-09-28T19:56:50.4127840Z [INSTALL_PODS] Installing React-jsiexecutor (0.86.3)
Build iOS and Submit to TestFlight	UNKNOWN STEP	2026-09-28T19:56:50.4128270Z [INSTALL_PODS] Installing React-jsinspector (0.86.3)
Build iOS and Submit to TestFlight	UNKNOWN STEP	2026-09-28T19:56:50.4128810Z [INSTALL_PODS] Installing React-jsinspectorcdp (0.86.3)
Build iOS and Submit to TestFlight	UNKNOWN STEP	2026-09-28T19:56:50.4129340Z [INSTALL_PODS] Installing React-jsinspectornetwork (0.86.3)
Build iOS and Submit to TestFlight	UNKNOWN STEP	2026-09-28T19:56:50.4129940Z [INSTALL_PODS] Installing React-jsinspectortracing (0.86.3)
Build iOS and Submit to TestFlight	UNKNOWN STEP	2026-09-28T19:56:50.4130510Z [INSTALL_PODS] Installing React-jsitooling (0.86.3)
Build iOS and Submit to TestFlight	UNKNOWN STEP	2026-09-28T19:56:50.4131010Z [INSTALL_PODS] Installing React-jsitracing (0.86.3)
Build iOS and Submit to TestFlight	UNKNOWN STEP	2026-09-28T19:56:50.4131450Z [INSTALL_PODS] Installing React-logger (0.86.3)
Build iOS and Submit to TestFlight	UNKNOWN STEP	2026-09-28T19:56:50.4131990Z [INSTALL_PODS] Installing React-microtasksnativemodule (0.86.3)
Build iOS and Submit to TestFlight	UNKNOWN STEP	2026-09-28T19:56:50.4132630Z [INSTALL_PODS] Installing React-mutationobservernativemodule (0.86.3)
Build iOS and Submit to TestFlight	UNKNOWN STEP	2026-09-28T19:56:50.4133240Z [INSTALL_PODS] Installing React-networking (0.86.3)
Build iOS and Submit to TestFlight	UNKNOWN STEP	2026-09-28T19:56:50.4133670Z [INSTALL_PODS] Installing React-oscompat (0.86.3)
Build iOS and Submit to TestFlight	UNKNOWN STEP	2026-09-28T19:56:50.4134160Z [INSTALL_PODS] Installing React-perflogger (0.86.3)
Build iOS and Submit to TestFlight	UNKNOWN STEP	2026-09-28T19:56:50.4134690Z [INSTALL_PODS] Installing React-performancecdpmetrics (0.86.3)
Build iOS and Submit to TestFlight	UNKNOWN STEP	2026-09-28T19:56:50.4135200Z [INSTALL_PODS] Installing React-performancetimeline (0.86.3)
Build iOS and Submit to TestFlight	UNKNOWN STEP	2026-09-28T19:56:50.4135720Z [INSTALL_PODS] Installing React-rendererconsistency (0.86.3)
Build iOS and Submit to TestFlight	UNKNOWN STEP	2026-09-28T19:56:50.4136410Z [INSTALL_PODS] Installing React-renderercss (0.86.3)
Build iOS and Submit to TestFlight	UNKNOWN STEP	2026-09-28T19:56:50.4136840Z [INSTALL_PODS] Installing React-rendererdebug (0.86.3)
Build iOS and Submit to TestFlight	UNKNOWN STEP	2026-09-28T19:56:50.4137380Z [INSTALL_PODS] Installing React-runtimeexecutor (0.86.3)
Build iOS and Submit to TestFlight	UNKNOWN STEP	2026-09-28T19:56:50.4137960Z [INSTALL_PODS] Installing React-runtimescheduler (0.86.3)
Build iOS and Submit to TestFlight	UNKNOWN STEP	2026-09-28T19:56:50.4138380Z [INSTALL_PODS] Installing React-timing (0.86.3)
Build iOS and Submit to TestFlight	UNKNOWN STEP	2026-09-28T19:56:50.4138850Z [INSTALL_PODS] Installing React-utils (0.86.3)
Build iOS and Submit to TestFlight	UNKNOWN STEP	2026-09-28T19:56:50.4139890Z [INSTALL_PODS] Installing React-viewtransitionnativemodule (0.86.3)
Build iOS and Submit to TestFlight	UNKNOWN STEP	2026-09-28T19:56:50.4140620Z [INSTALL_PODS] Installing React-webperformancenativemodule (0.86.3)
Build iOS and Submit to TestFlight	UNKNOWN STEP	2026-09-28T19:56:50.4141220Z [INSTALL_PODS] Installing ReactAppDependencyProvider (0.86.3)
Build iOS and Submit to TestFlight	UNKNOWN STEP	2026-09-28T19:56:50.4141840Z [INSTALL_PODS] Installing ReactCodegen (0.86.3)
Build iOS and Submit to TestFlight	UNKNOWN STEP	2026-09-28T19:56:50.4142360Z [INSTALL_PODS] Installing ReactCommon (0.86.3)
Build iOS and Submit to TestFlight	UNKNOWN STEP	2026-09-28T19:56:50.4142880Z [INSTALL_PODS] Installing ReactNativeDependencies (0.86.3)
Build iOS and Submit to TestFlight	UNKNOWN STEP	2026-09-28T19:56:58.2115230Z [INSTALL_PODS] Installing Yoga (0.0.0)
Build iOS and Submit to TestFlight	UNKNOWN STEP	2026-09-28T19:56:58.2118550Z [INSTALL_PODS] Installing hermes-engine (250829098.0.17)
Build iOS and Submit to TestFlight	UNKNOWN STEP	2026-09-28T19:57:00.2122530Z [INSTALL_PODS] Installing react-native-safe-area-context (5.7.0)
Build iOS and Submit to TestFlight	UNKNOWN STEP	2026-09-28T19:57:00.2414910Z [INSTALL_PODS] [Expo] Ensuring required slices in ExpoModulesJSI.xcframework
Build iOS and Submit to TestFlight	UNKNOWN STEP	2026-09-28T19:57:16.6781290Z [INSTALL_PODS] Generating Pods project
Build iOS and Submit to TestFlight	UNKNOWN STEP	2026-09-28T19:57:16.6796030Z [INSTALL_PODS] Setting USE_HERMES build settings
Build iOS and Submit to TestFlight	UNKNOWN STEP	2026-09-28T19:57:16.6796560Z [INSTALL_PODS] Setting REACT_NATIVE_PATH build settings
Build iOS and Submit to TestFlight	UNKNOWN STEP	2026-09-28T19:57:16.6797190Z [INSTALL_PODS] Setting SWIFT_ACTIVE_COMPILATION_CONDITIONS build settings
Build iOS and Submit to TestFlight	UNKNOWN STEP	2026-09-28T19:57:18.0309160Z [INSTALL_PODS] [Ccache]: Removing Ccache from CC, LD, CXX & LDPLUSPLUS build settings
Build iOS and Submit to TestFlight	UNKNOWN STEP	2026-09-28T19:57:18.0311470Z [INSTALL_PODS] Setting SWIFT_ENABLE_EXPLICIT_MODULES build settings
Build iOS and Submit to TestFlight	UNKNOWN STEP	2026-09-28T19:57:18.0313200Z [INSTALL_PODS] [ReactNativeCore] Processing VFS overlay file...
Build iOS and Submit to TestFlight	UNKNOWN STEP	2026-09-28T19:57:18.0318050Z [INSTALL_PODS] [ReactNativeCore]   Created VFS overlay at /private/var/folders/nj/vtw8zd2j31d1gdrtntc5y4600000gn/T/eas-build-local-nodejs/82a724e3-2a52-4f73-8bcd-0bb33776effe/build/ios/Pods/React-Core-prebuilt/React-VFS.yaml
Build iOS and Submit to TestFlight	UNKNOWN STEP	2026-09-28T19:57:18.0321100Z [INSTALL_PODS] [ReactNativeCore] VFS overlay setup complete
Build iOS and Submit to TestFlight	UNKNOWN STEP	2026-09-28T19:57:18.0322610Z [INSTALL_PODS] [ReactNativeCore] Configuring xcconfig for prebuilt React Native Core...
Build iOS and Submit to TestFlight	UNKNOWN STEP	2026-09-28T19:57:18.0324340Z [INSTALL_PODS] [ReactNativeCore] Prebuilt xcconfig configuration complete
Build iOS and Submit to TestFlight	UNKNOWN STEP	2026-09-28T19:57:18.0326370Z [INSTALL_PODS] [SPM] Cleaning old SPM dependencies from Pods project
Build iOS and Submit to TestFlight	UNKNOWN STEP	2026-09-28T19:57:18.0368880Z [INSTALL_PODS] [SPM] Adding SPM dependencies to Pods project
Build iOS and Submit to TestFlight	UNKNOWN STEP	2026-09-28T19:57:18.0370080Z [INSTALL_PODS] [Privacy Manifest Aggregation] No existing PrivacyInfo.xcprivacy file found, creating a new one.
Build iOS and Submit to TestFlight	UNKNOWN STEP	2026-09-28T19:57:18.0371390Z [INSTALL_PODS] [Privacy Manifest Aggregation] Reading .xcprivacy files to aggregate all used Required Reason APIs.
Build iOS and Submit to TestFlight	UNKNOWN STEP	2026-09-28T19:57:18.0374180Z [INSTALL_PODS] file_root: NGNflow
Build iOS and Submit to TestFlight	UNKNOWN STEP	2026-09-28T19:57:18.0377140Z [INSTALL_PODS] Setting CLANG_CXX_LANGUAGE_STANDARD to c++20 on /private/var/folders/nj/vtw8zd2j31d1gdrtntc5y4600000gn/T/eas-build-local-nodejs/82a724e3-2a52-4f73-8bcd-0bb33776effe/build/ios/NGNflow.xcodeproj
Build iOS and Submit to TestFlight	UNKNOWN STEP	2026-09-28T19:57:20.0953450Z [INSTALL_PODS] ==================== DEPRECATION NOTICE =====================
Build iOS and Submit to TestFlight	UNKNOWN STEP	2026-09-28T19:57:20.0956370Z [INSTALL_PODS] Calling `pod install` directly is deprecated in React Native
Build iOS and Submit to TestFlight	UNKNOWN STEP	2026-09-28T19:57:20.0958490Z [INSTALL_PODS] because we are moving away from Cocoapods toward alternative
Build iOS and Submit to TestFlight	UNKNOWN STEP	2026-09-28T19:57:20.0960830Z [INSTALL_PODS] solutions to build the project.
Build iOS and Submit to TestFlight	UNKNOWN STEP	2026-09-28T19:57:20.0962810Z [INSTALL_PODS] * If you are using Expo, please run:
Build iOS and Submit to TestFlight	UNKNOWN STEP	2026-09-28T19:57:20.0963340Z [INSTALL_PODS] `npx expo run:ios`
Build iOS and Submit to TestFlight	UNKNOWN STEP	2026-09-28T19:57:20.0963890Z [INSTALL_PODS] * If you are using the Community CLI, please run:
Build iOS and Submit to TestFlight	UNKNOWN STEP	2026-09-28T19:57:20.0964350Z [INSTALL_PODS] `yarn ios`
Build iOS and Submit to TestFlight	UNKNOWN STEP	2026-09-28T19:57:20.0964800Z [INSTALL_PODS] =============================================================
Build iOS and Submit to TestFlight	UNKNOWN STEP	2026-09-28T19:57:20.0965370Z [INSTALL_PODS] Pod install took 60 [s] to run
Build iOS and Submit to TestFlight	UNKNOWN STEP	2026-09-28T19:57:20.0968580Z [INSTALL_PODS] ✅ Fixed React-GeneratedCode path to absolute: /private/var/folders/nj/vtw8zd2j31d1gdrtntc5y4600000gn/T/eas-build-local-nodejs/82a724e3-2a52-4f73-8bcd-0bb33776effe/build/node_modules/react-native
Build iOS and Submit to TestFlight	UNKNOWN STEP	2026-09-28T19:57:20.0969520Z [INSTALL_PODS] Integrating client project
Build iOS and Submit to TestFlight	UNKNOWN STEP	2026-09-28T19:57:20.0984290Z [INSTALL_PODS] [!] Please close any current Xcode sessions and use `NGNflow.xcworkspace` for this project from now on.
Build iOS and Submit to TestFlight	UNKNOWN STEP	2026-09-28T19:57:20.3683430Z [INSTALL_PODS] [Expo] Installing the build script for target NGNflow
Build iOS and Submit to TestFlight	UNKNOWN STEP	2026-09-28T19:57:21.2285640Z [INSTALL_PODS] Pod installation complete! There are 99 dependencies from the Podfile and 98 total pods installed.
Build iOS and Submit to TestFlight	UNKNOWN STEP	2026-09-28T19:57:21.2291460Z [INSTALL_PODS] [Expo] Disabling SWIFT_EMIT_MODULE_INTERFACE for pod targets (prebuilt React compatibility)
Build iOS and Submit to TestFlight	UNKNOWN STEP	2026-09-28T19:57:21.2296770Z [INSTALL_PODS] [!] React-Core-prebuilt has added 1 script phase. Please inspect before executing a build. See `https://guides.cocoapods.org/syntax/podspec.html#script_phases` for more information.
Build iOS and Submit to TestFlight	UNKNOWN STEP	2026-09-28T19:57:21.2300380Z [INSTALL_PODS] [Expo] Raised resource bundle deployment targets to match their pods: RNCAsyncStorage-RNCAsyncStorage_resources, RNSVG-RNSVGFilters
Build iOS and Submit to TestFlight	UNKNOWN STEP	2026-09-28T19:57:21.2304110Z [INSTALL_PODS] [!] ReactNativeDependencies has added 1 script phase. Please inspect before executing a build. See `https://guides.cocoapods.org/syntax/podspec.html#script_phases` for more information.
Build iOS and Submit to TestFlight	UNKNOWN STEP	2026-09-28T19:57:21.2309400Z [INSTALL_PODS] [!] hermes-engine has added 1 script phase. Please inspect before executing a build. See `https://guides.cocoapods.org/syntax/podspec.html#script_phases` for more information.
Build iOS and Submit to TestFlight	UNKNOWN STEP	2026-09-28T19:57:21.2514380Z [CONFIGURE_XCODE_PROJECT] Configuring Xcode project
Build iOS and Submit to TestFlight	UNKNOWN STEP	2026-09-28T19:57:21.2517080Z [CONFIGURE_XCODE_PROJECT] Assigning provisioning profile '*[expo] com.olamicreas.ngnflow AppStore 2026-09-26T22:22:28.954Z' (Apple Team ID: 2R4679C9P5) to target 'NGNflow'
Build iOS and Submit to TestFlight	UNKNOWN STEP	2026-09-28T19:57:21.3567930Z [CONFIGURE_XCODE_PROJECT] Updating versions in /var/folders/nj/vtw8zd2j31d1gdrtntc5y4600000gn/T/eas-build-local-nodejs/82a724e3-2a52-4f73-8bcd-0bb33776effe/build/ios/NGNflow/Info.plist
Build iOS and Submit to TestFlight	UNKNOWN STEP	2026-09-28T19:57:22.9799970Z [EAGER_BUNDLE] Starting Metro Bundler
Build iOS and Submit to TestFlight	UNKNOWN STEP	2026-09-28T19:57:40.8684410Z [EAGER_BUNDLE] iOS Bundled 16944ms index.js (3080 modules)
Build iOS and Submit to TestFlight	UNKNOWN STEP	2026-09-28T19:57:40.8708810Z [EAGER_BUNDLE] Writing bundle output to: /var/folders/nj/vtw8zd2j31d1gdrtntc5y4600000gn/T/5of0lwe69fc/main.jsbundle
Build iOS and Submit to TestFlight	UNKNOWN STEP	2026-09-28T19:57:40.8867070Z [EAGER_BUNDLE] Copying 15 asset files
Build iOS and Submit to TestFlight	UNKNOWN STEP	2026-09-28T19:57:40.9419040Z [EAGER_BUNDLE] Done writing bundle output
Build iOS and Submit to TestFlight	UNKNOWN STEP	2026-09-28T19:57:41.0652060Z [RUN_FASTLANE] Creating Gymfile
Build iOS and Submit to TestFlight	UNKNOWN STEP	2026-09-28T19:57:41.0683110Z [RUN_FASTLANE] Gymfile created
Build iOS and Submit to TestFlight	UNKNOWN STEP	2026-09-28T19:57:43.4249640Z [RUN_FASTLANE] Successfully loaded '/private/var/folders/nj/vtw8zd2j31d1gdrtntc5y4600000gn/T/eas-build-local-nodejs/82a724e3-2a52-4f73-8bcd-0bb33776effe/build/ios/Gymfile' 📄
Build iOS and Submit to TestFlight	UNKNOWN STEP	2026-09-28T19:57:43.4250990Z [RUN_FASTLANE] 
Build iOS and Submit to TestFlight	UNKNOWN STEP	2026-09-28T19:57:43.4265340Z [RUN_FASTLANE] +---------------------------------------------------------------------------------------------------------------------------------------------------------------------+
Build iOS and Submit to TestFlight	UNKNOWN STEP	2026-09-28T19:57:43.4274710Z [RUN_FASTLANE] |                                                                  Detected Values from './Gymfile'                                                                   |
Build iOS and Submit to TestFlight	UNKNOWN STEP	2026-09-28T19:57:43.4276110Z [RUN_FASTLANE] +-----------------------+---------------------------------------------------------------------------------------------------------------------------------------------+
Build iOS and Submit to TestFlight	UNKNOWN STEP	2026-09-28T19:57:43.4277390Z [RUN_FASTLANE] | suppress_xcode_output | true                                                                                                                                        |
Build iOS and Submit to TestFlight	UNKNOWN STEP	2026-09-28T19:57:43.4278570Z [RUN_FASTLANE] | clean                 | false                                                                                                                                       |
Build iOS and Submit to TestFlight	UNKNOWN STEP	2026-09-28T19:57:43.4279720Z [RUN_FASTLANE] | scheme                | NGNflow                                                                                                                                     |
Build iOS and Submit to TestFlight	UNKNOWN STEP	2026-09-28T19:57:43.4280960Z [RUN_FASTLANE] | configuration         | Release                                                                                                                                     |
Build iOS and Submit to TestFlight	UNKNOWN STEP	2026-09-28T19:57:43.4289430Z [RUN_FASTLANE] | export_options        |                                                                                                                                             |
Build iOS and Submit to TestFlight	UNKNOWN STEP	2026-09-28T19:57:43.4291400Z [RUN_FASTLANE] | export_xcargs         | OTHER_CODE_SIGN_FLAGS="--keychain /var/folders/nj/vtw8zd2j31d1gdrtntc5y4600000gn/T/eas-build-d046d706-7927-423b-b5c5-2b27f9a01d93.keychain" |
Build iOS and Submit to TestFlight	UNKNOWN STEP	2026-09-28T19:57:43.4292620Z [RUN_FASTLANE] | disable_xcpretty      | true                                                                                                                                        |
Build iOS and Submit to TestFlight	UNKNOWN STEP	2026-09-28T19:57:43.4293850Z [RUN_FASTLANE] | buildlog_path         | /var/folders/nj/vtw8zd2j31d1gdrtntc5y4600000gn/T/eas-build-local-nodejs/82a724e3-2a52-4f73-8bcd-0bb33776effe/logs                           |
Build iOS and Submit to TestFlight	UNKNOWN STEP	2026-09-28T19:57:43.4295130Z [RUN_FASTLANE] | derived_data_path     | ./build                                                                                                                                     |
Build iOS and Submit to TestFlight	UNKNOWN STEP	2026-09-28T19:57:43.4305000Z [RUN_FASTLANE] | result_bundle         | true                                                                                                                                        |
Build iOS and Submit to TestFlight	UNKNOWN STEP	2026-09-28T19:57:43.4306550Z [RUN_FASTLANE] | result_bundle_path    | /var/folders/nj/vtw8zd2j31d1gdrtntc5y4600000gn/T/result-bundle-1790625461064.xcresult                                                       |
Build iOS and Submit to TestFlight	UNKNOWN STEP	2026-09-28T19:57:43.4310270Z [RUN_FASTLANE] | output_directory      | ./build                                                                                                                                     |
Build iOS and Submit to TestFlight	UNKNOWN STEP	2026-09-28T19:57:43.4311820Z [RUN_FASTLANE] +-----------------------+---------------------------------------------------------------------------------------------------------------------------------------------+
Build iOS and Submit to TestFlight	UNKNOWN STEP	2026-09-28T19:57:43.4992270Z [RUN_FASTLANE] Resolving Swift Package Manager dependencies...
Build iOS and Submit to TestFlight	UNKNOWN STEP	2026-09-28T19:57:43.4993700Z [RUN_FASTLANE] $ xcodebuild -resolvePackageDependencies -workspace ./NGNflow.xcworkspace -scheme NGNflow -configuration Release -derivedDataPath ./build
Build iOS and Submit to TestFlight	UNKNOWN STEP	2026-09-28T19:57:45.9716480Z [RUN_FASTLANE] ▸ Command line invocation:
Build iOS and Submit to TestFlight	UNKNOWN STEP	2026-09-28T19:57:45.9719670Z [RUN_FASTLANE] ▸     /Applications/Xcode_16.4.app/Contents/Developer/usr/bin/xcodebuild -resolvePackageDependencies -workspace ./NGNflow.xcworkspace -scheme NGNflow -configuration Release -derivedDataPath ./build
Build iOS and Submit to TestFlight	UNKNOWN STEP	2026-09-28T19:57:54.9754080Z [RUN_FASTLANE] ▸ resolved source packages:
Build iOS and Submit to TestFlight	UNKNOWN STEP	2026-09-28T19:57:55.1208840Z [RUN_FASTLANE] $ xcodebuild -showBuildSettings -workspace ./NGNflow.xcworkspace -scheme NGNflow -configuration Release -derivedDataPath ./build 2>&1
Build iOS and Submit to TestFlight	UNKNOWN STEP	2026-09-28T19:57:58.1772260Z [RUN_FASTLANE] Command timed out after 3 seconds on try 1 of 4, trying again with a 6 second timeout...
Build iOS and Submit to TestFlight	UNKNOWN STEP	2026-09-28T19:58:04.2468720Z [RUN_FASTLANE] Command timed out after 6 seconds on try 2 of 4, trying again with a 12 second timeout...
Build iOS and Submit to TestFlight	UNKNOWN STEP	2026-09-28T19:58:10.5825900Z [RUN_FASTLANE] Detected provisioning profile mapping: {:"com.olamicreas.ngnflow"=>"58d9281e-4bc0-4d8c-b03a-424f1e87b755"}
Build iOS and Submit to TestFlight	UNKNOWN STEP	2026-09-28T19:58:10.6024500Z [RUN_FASTLANE] 
Build iOS and Submit to TestFlight	UNKNOWN STEP	2026-09-28T19:58:10.6044380Z [RUN_FASTLANE] +----------------------------------------------------------------------------------------------------------------------------------------------------------------------------------------------------------+
Build iOS and Submit to TestFlight	UNKNOWN STEP	2026-09-28T19:58:10.6075610Z [RUN_FASTLANE] |                                                                                         Summary for gym 2.239.0                                                                                          |
Build iOS and Submit to TestFlight	UNKNOWN STEP	2026-09-28T19:58:10.6077860Z [RUN_FASTLANE] +------------------------------------------------------------+---------------------------------------------------------------------------------------------------------------------------------------------+
Build iOS and Submit to TestFlight	UNKNOWN STEP	2026-09-28T19:58:10.6080380Z [RUN_FASTLANE] | workspace                                                  | ./NGNflow.xcworkspace                                                                                                                       |
Build iOS and Submit to TestFlight	UNKNOWN STEP	2026-09-28T19:58:10.6081910Z [RUN_FASTLANE] | scheme                                                     | NGNflow                                                                                                                                     |
Build iOS and Submit to TestFlight	UNKNOWN STEP	2026-09-28T19:58:10.6083210Z [RUN_FASTLANE] | clean                                                      | false                                                                                                                                       |
Build iOS and Submit to TestFlight	UNKNOWN STEP	2026-09-28T19:58:10.6084980Z [RUN_FASTLANE] | output_directory                                           | ./build                                                                                                                                     |
Build iOS and Submit to TestFlight	UNKNOWN STEP	2026-09-28T19:58:10.6088060Z [RUN_FASTLANE] | output_name                                                | NGNflow                                                                                                                                     |
Build iOS and Submit to TestFlight	UNKNOWN STEP	2026-09-28T19:58:10.6090270Z [RUN_FASTLANE] | configuration                                              | Release                                                                                                                                     |
Build iOS and Submit to TestFlight	UNKNOWN STEP	2026-09-28T19:58:10.6091870Z [RUN_FASTLANE] | silent                                                     | false                                                                                                                                       |
Build iOS and Submit to TestFlight	UNKNOWN STEP	2026-09-28T19:58:10.6093160Z [RUN_FASTLANE] | skip_package_ipa                                           | false                                                                                                                                       |
Build iOS and Submit to TestFlight	UNKNOWN STEP	2026-09-28T19:58:10.6094670Z [RUN_FASTLANE] | skip_package_pkg                                           | false                                                                                                                                       |
Build iOS and Submit to TestFlight	UNKNOWN STEP	2026-09-28T19:58:10.6095920Z [RUN_FASTLANE] | export_options.method                                      | app-store                                                                                                                                   |
Build iOS and Submit to TestFlight	UNKNOWN STEP	2026-09-28T19:58:10.6097310Z [RUN_FASTLANE] | export_options.provisioningProfiles.com.olamicreas.ngnflow | 58d9281e-4bc0-4d8c-b03a-424f1e87b755                                                                                                        |
Build iOS and Submit to TestFlight	UNKNOWN STEP	2026-09-28T19:58:10.6098780Z [RUN_FASTLANE] | export_xcargs                                              | OTHER_CODE_SIGN_FLAGS="--keychain /var/folders/nj/vtw8zd2j31d1gdrtntc5y4600000gn/T/eas-build-d046d706-7927-423b-b5c5-2b27f9a01d93.keychain" |
Build iOS and Submit to TestFlight	UNKNOWN STEP	2026-09-28T19:58:10.6100200Z [RUN_FASTLANE] | build_path                                                 | /Users/runner/Library/Developer/Xcode/Archives/2026-09-28                                                                                   |
Build iOS and Submit to TestFlight	UNKNOWN STEP	2026-09-28T19:58:10.6101460Z [RUN_FASTLANE] | derived_data_path                                          | ./build                                                                                                                                     |
Build iOS and Submit to TestFlight	UNKNOWN STEP	2026-09-28T19:58:10.6102630Z [RUN_FASTLANE] | result_bundle                                              | true                                                                                                                                        |
Build iOS and Submit to TestFlight	UNKNOWN STEP	2026-09-28T19:58:10.6104260Z [RUN_FASTLANE] | result_bundle_path                                         | /var/folders/nj/vtw8zd2j31d1gdrtntc5y4600000gn/T/result-bundle-1790625461064.xcresult                                                       |
Build iOS and Submit to TestFlight	UNKNOWN STEP	2026-09-28T19:58:10.6105730Z [RUN_FASTLANE] | buildlog_path                                              | /var/folders/nj/vtw8zd2j31d1gdrtntc5y4600000gn/T/eas-build-local-nodejs/82a724e3-2a52-4f73-8bcd-0bb33776effe/logs                           |
Build iOS and Submit to TestFlight	UNKNOWN STEP	2026-09-28T19:58:10.6107760Z [RUN_FASTLANE] | destination                                                | generic/platform=iOS                                                                                                                        |
Build iOS and Submit to TestFlight	UNKNOWN STEP	2026-09-28T19:58:10.6109110Z [RUN_FASTLANE] | suppress_xcode_output                                      | true                                                                                                                                        |
Build iOS and Submit to TestFlight	UNKNOWN STEP	2026-09-28T19:58:10.6110470Z [RUN_FASTLANE] | xcodebuild_formatter                                       | xcbeautify                                                                                                                                  |
Build iOS and Submit to TestFlight	UNKNOWN STEP	2026-09-28T19:58:10.6111700Z [RUN_FASTLANE] | build_timing_summary                                       | false                                                                                                                                       |
Build iOS and Submit to TestFlight	UNKNOWN STEP	2026-09-28T19:58:10.6112990Z [RUN_FASTLANE] | disable_xcpretty                                           | true                                                                                                                                        |
Build iOS and Submit to TestFlight	UNKNOWN STEP	2026-09-28T19:58:10.6114240Z [RUN_FASTLANE] | skip_profile_detection                                     | false                                                                                                                                       |
Build iOS and Submit to TestFlight	UNKNOWN STEP	2026-09-28T19:58:10.6115390Z [RUN_FASTLANE] | xcodebuild_command                                         | xcodebuild                                                                                                                                  |
Build iOS and Submit to TestFlight	UNKNOWN STEP	2026-09-28T19:58:10.6116630Z [RUN_FASTLANE] | skip_package_dependencies_resolution                       | false                                                                                                                                       |
Build iOS and Submit to TestFlight	UNKNOWN STEP	2026-09-28T19:58:10.6117870Z [RUN_FASTLANE] | disable_package_automatic_updates                          | false                                                                                                                                       |
Build iOS and Submit to TestFlight	UNKNOWN STEP	2026-09-28T19:58:10.6119100Z [RUN_FASTLANE] | skip_package_repository_fetches                            | false                                                                                                                                       |
Build iOS and Submit to TestFlight	UNKNOWN STEP	2026-09-28T19:58:10.6120220Z [RUN_FASTLANE] | use_system_scm                                             | false                                                                                                                                       |
Build iOS and Submit to TestFlight	UNKNOWN STEP	2026-09-28T19:58:10.6121360Z [RUN_FASTLANE] | generate_appstore_info                                     | false                                                                                                                                       |
Build iOS and Submit to TestFlight	UNKNOWN STEP	2026-09-28T19:58:10.6122640Z [RUN_FASTLANE] | xcode_path                                                 | /Applications/Xcode_16.4.app                                                                                                                |
Build iOS and Submit to TestFlight	UNKNOWN STEP	2026-09-28T19:58:10.6124020Z [RUN_FASTLANE] +------------------------------------------------------------+---------------------------------------------------------------------------------------------------------------------------------------------+
Build iOS and Submit to TestFlight	UNKNOWN STEP	2026-09-28T19:58:10.6127450Z [RUN_FASTLANE] $ set -o pipefail && xcodebuild -workspace ./NGNflow.xcworkspace -scheme NGNflow -configuration Release -derivedDataPath ./build -destination 'generic/platform=iOS' -archivePath /Users/runner/Library/Developer/Xcode/Archives/2026-09-28/NGNflow\ 2026-09-28\ 19.58.10.xcarchive -resultBundlePath '/var/folders/nj/vtw8zd2j31d1gdrtntc5y4600000gn/T/result-bundle-1790625461064.xcresult' archive | tee /var/folders/nj/vtw8zd2j31d1gdrtntc5y4600000gn/T/eas-build-local-nodejs/82a724e3-2a52-4f73-8bcd-0bb33776effe/logs/NGNflow-NGNflow.log > /dev/null
Build iOS and Submit to TestFlight	UNKNOWN STEP	2026-09-28T19:58:31.1307130Z [RUN_FASTLANE] › Executing react-native Pods/hermes-engine » [CP-User] [Hermes] Replace Hermes for the right configuration, if needed
Build iOS and Submit to TestFlight	UNKNOWN STEP	2026-09-28T19:58:31.1413310Z [RUN_FASTLANE] › Executing react-native Pods/ReactNativeDependencies » [CP-User] [RNDeps] Replace React Native Dependencies for the right configuration, if needed
Build iOS and Submit to TestFlight	UNKNOWN STEP	2026-09-28T19:58:31.1618630Z [RUN_FASTLANE] › Executing react-native Pods/hermes-engine » [CP] Copy XCFrameworks
Build iOS and Submit to TestFlight	UNKNOWN STEP	2026-09-28T19:58:31.4205640Z [RUN_FASTLANE] › Executing react-native Pods/ReactNativeDependencies » [CP] Copy XCFrameworks
Build iOS and Submit to TestFlight	UNKNOWN STEP	2026-09-28T19:58:31.4308800Z [RUN_FASTLANE] › Preparing Pods/React-timing-React-timing_privacy » ResourceBundle-React-timing_privacy-React-timing-Info.plist
Build iOS and Submit to TestFlight	UNKNOWN STEP	2026-09-28T19:58:31.4416630Z [RUN_FASTLANE] › Copying   ios/build/Build/Intermediates.noindex/ArchiveIntermediates/NGNflow/IntermediateBuildFilesPath/UninstalledProducts/iphoneos/React-timing_privacy.bundle/PrivacyInfo.xcprivacy ➜ ../../../../../var/folders/nj/vtw8zd2j31d1gdrtntc5y4600000gn/T/eas-build-local-nodejs/82a724e3-2a52-4f73-8bcd-0bb33776effe/build/node_modules/react-native/ReactCommon/react/timing/PrivacyInfo.xcprivacy
Build iOS and Submit to TestFlight	UNKNOWN STEP	2026-09-28T19:58:31.4565180Z [RUN_FASTLANE] › Preparing Pods/React-cxxreact-React-cxxreact_privacy » ResourceBundle-React-cxxreact_privacy-React-cxxreact-Info.plist
Build iOS and Submit to TestFlight	UNKNOWN STEP	2026-09-28T19:58:31.4675930Z [RUN_FASTLANE] › Copying   ios/build/Build/Intermediates.noindex/ArchiveIntermediates/NGNflow/IntermediateBuildFilesPath/UninstalledProducts/iphoneos/React-cxxreact_privacy.bundle/PrivacyInfo.xcprivacy ➜ ../../../../../var/folders/nj/vtw8zd2j31d1gdrtntc5y4600000gn/T/eas-build-local-nodejs/82a724e3-2a52-4f73-8bcd-0bb33776effe/build/node_modules/react-native/ReactCommon/cxxreact/PrivacyInfo.xcprivacy
Build iOS and Submit to TestFlight	UNKNOWN STEP	2026-09-28T19:58:31.4777470Z [RUN_FASTLANE] › Preparing Pods/React-Core-React-Core_privacy » ResourceBundle-React-Core_privacy-React-Core-Info.plist
Build iOS and Submit to TestFlight	UNKNOWN STEP	2026-09-28T19:58:31.4883300Z [RUN_FASTLANE] › Copying   ios/build/Build/Intermediates.noindex/ArchiveIntermediates/NGNflow/IntermediateBuildFilesPath/UninstalledProducts/iphoneos/React-Core_privacy.bundle/PrivacyInfo.xcprivacy ➜ ../../../../../var/folders/nj/vtw8zd2j31d1gdrtntc5y4600000gn/T/eas-build-local-nodejs/82a724e3-2a52-4f73-8bcd-0bb33776effe/build/node_modules/react-native/React/Resources/PrivacyInfo.xcprivacy
Build iOS and Submit to TestFlight	UNKNOWN STEP	2026-09-28T19:58:31.4986450Z [RUN_FASTLANE] › Preparing Pods/RNSVG-RNSVGFilters » ResourceBundle-RNSVGFilters-RNSVG-Info.plist
Build iOS and Submit to TestFlight	UNKNOWN STEP	2026-09-28T19:58:31.5092420Z [RUN_FASTLANE] › Copying   ios/build/Build/Intermediates.noindex/ArchiveIntermediates/NGNflow/IntermediateBuildFilesPath/UninstalledProducts/iphoneos/RNSVGFilters.bundle/RNSVGCompositeXor.iphoneos.metallib ➜ ../../../../../var/folders/nj/vtw8zd2j31d1gdrtntc5y4600000gn/T/eas-build-local-nodejs/82a724e3-2a52-4f73-8bcd-0bb33776effe/build/node_modules/react-native-svg/apple/Filters/MetalCI/RNSVGCompositeXor.iphoneos.metallib
Build iOS and Submit to TestFlight	UNKNOWN STEP	2026-09-28T19:58:31.5216080Z [RUN_FASTLANE] › Copying   ios/build/Build/Intermediates.noindex/ArchiveIntermediates/NGNflow/IntermediateBuildFilesPath/UninstalledProducts/iphoneos/RNSVGFilters.bundle/RNSVGArithmeticFilter.iphoneos.metallib ➜ ../../../../../var/folders/nj/vtw8zd2j31d1gdrtntc5y4600000gn/T/eas-build-local-nodejs/82a724e3-2a52-4f73-8bcd-0bb33776effe/build/node_modules/react-native-svg/apple/Filters/MetalCI/RNSVGArithmeticFilter.iphoneos.metallib
Build iOS and Submit to TestFlight	UNKNOWN STEP	2026-09-28T19:58:31.5378310Z [RUN_FASTLANE] › Preparing Pods/RNCAsyncStorage-RNCAsyncStorage_resources » ResourceBundle-RNCAsyncStorage_resources-RNCAsyncStorage-Info.plist
Build iOS and Submit to TestFlight	UNKNOWN STEP	2026-09-28T19:58:31.5497370Z [RUN_FASTLANE] › Copying   ios/build/Build/Intermediates.noindex/ArchiveIntermediates/NGNflow/IntermediateBuildFilesPath/UninstalledProducts/iphoneos/RNCAsyncStorage_resources.bundle/PrivacyInfo.xcprivacy ➜ ../../../../../var/folders/nj/vtw8zd2j31d1gdrtntc5y4600000gn/T/eas-build-local-nodejs/82a724e3-2a52-4f73-8bcd-0bb33776effe/build/node_modules/@react-native-async-storage/async-storage/ios/PrivacyInfo.xcprivacy
Build iOS and Submit to TestFlight	UNKNOWN STEP	2026-09-28T19:58:31.5639870Z [RUN_FASTLANE] › Preparing Pods/ExpoNotifications-ExpoNotifications_privacy » ResourceBundle-ExpoNotifications_privacy-ExpoNotifications-Info.plist
Build iOS and Submit to TestFlight	UNKNOWN STEP	2026-09-28T19:58:31.5669830Z [RUN_FASTLANE] › Copying   ios/build/Build/Intermediates.noindex/ArchiveIntermediates/NGNflow/IntermediateBuildFilesPath/UninstalledProducts/iphoneos/ExpoNotifications_privacy.bundle/PrivacyInfo.xcprivacy ➜ ../../../../../var/folders/nj/vtw8zd2j31d1gdrtntc5y4600000gn/T/eas-build-local-nodejs/82a724e3-2a52-4f73-8bcd-0bb33776effe/build/node_modules/expo-notifications/ios/PrivacyInfo.xcprivacy
Build iOS and Submit to TestFlight	UNKNOWN STEP	2026-09-28T19:58:31.5783520Z [RUN_FASTLANE] › Preparing Pods/ExpoFileSystem-ExpoFileSystem_privacy » ResourceBundle-ExpoFileSystem_privacy-ExpoFileSystem-Info.plist
Build iOS and Submit to TestFlight	UNKNOWN STEP	2026-09-28T19:58:31.5996860Z [RUN_FASTLANE] › Copying   ios/build/Build/Intermediates.noindex/ArchiveIntermediates/NGNflow/IntermediateBuildFilesPath/UninstalledProducts/iphoneos/ExpoFileSystem_privacy.bundle/PrivacyInfo.xcprivacy ➜ ../../../../../var/folders/nj/vtw8zd2j31d1gdrtntc5y4600000gn/T/eas-build-local-nodejs/82a724e3-2a52-4f73-8bcd-0bb33776effe/build/node_modules/expo/node_modules/expo-file-system/ios/PrivacyInfo.xcprivacy
Build iOS and Submit to TestFlight	UNKNOWN STEP	2026-09-28T19:58:31.6121120Z [RUN_FASTLANE] › Preparing Pods/ExpoDevice-ExpoDevice_privacy » ResourceBundle-ExpoDevice_privacy-ExpoDevice-Info.plist
Build iOS and Submit to TestFlight	UNKNOWN STEP	2026-09-28T19:58:31.6226910Z [RUN_FASTLANE] › Copying   ios/build/Build/Intermediates.noindex/ArchiveIntermediates/NGNflow/IntermediateBuildFilesPath/UninstalledProducts/iphoneos/ExpoDevice_privacy.bundle/PrivacyInfo.xcprivacy ➜ ../../../../../var/folders/nj/vtw8zd2j31d1gdrtntc5y4600000gn/T/eas-build-local-nodejs/82a724e3-2a52-4f73-8bcd-0bb33776effe/build/node_modules/expo-device/ios/PrivacyInfo.xcprivacy
Build iOS and Submit to TestFlight	UNKNOWN STEP	2026-09-28T19:58:31.6352000Z [RUN_FASTLANE] › Preparing Pods/EXConstants-ExpoConstants_privacy » ResourceBundle-ExpoConstants_privacy-EXConstants-Info.plist
Build iOS and Submit to TestFlight	UNKNOWN STEP	2026-09-28T19:58:31.6464490Z [RUN_FASTLANE] › Copying   ios/build/Build/Intermediates.noindex/ArchiveIntermediates/NGNflow/IntermediateBuildFilesPath/UninstalledProducts/iphoneos/ExpoConstants_privacy.bundle/PrivacyInfo.xcprivacy ➜ ../../../../../var/folders/nj/vtw8zd2j31d1gdrtntc5y4600000gn/T/eas-build-local-nodejs/82a724e3-2a52-4f73-8bcd-0bb33776effe/build/node_modules/expo-constants/ios/PrivacyInfo.xcprivacy
Build iOS and Submit to TestFlight	UNKNOWN STEP	2026-09-28T19:58:31.6571850Z [RUN_FASTLANE] › Preparing expo-constants Pods/EXConstants-EXConstants » ResourceBundle-EXConstants-EXConstants-Info.plist
Build iOS and Submit to TestFlight	UNKNOWN STEP	2026-09-28T19:58:31.6678990Z [RUN_FASTLANE] › Preparing Pods/EXApplication-ExpoApplication_privacy » ResourceBundle-ExpoApplication_privacy-EXApplication-Info.plist
Build iOS and Submit to TestFlight	UNKNOWN STEP	2026-09-28T19:58:31.6827920Z [RUN_FASTLANE] › Copying   ios/build/Build/Intermediates.noindex/ArchiveIntermediates/NGNflow/IntermediateBuildFilesPath/UninstalledProducts/iphoneos/ExpoApplication_privacy.bundle/PrivacyInfo.xcprivacy ➜ ../../../../../var/folders/nj/vtw8zd2j31d1gdrtntc5y4600000gn/T/eas-build-local-nodejs/82a724e3-2a52-4f73-8bcd-0bb33776effe/build/node_modules/expo-application/ios/PrivacyInfo.xcprivacy
Build iOS and Submit to TestFlight	UNKNOWN STEP	2026-09-28T19:58:31.6830410Z [RUN_FASTLANE] › Executing react-native Pods/React-Core-prebuilt » [CP-User] [RNCore] Replace React Native Core for the right configuration, if needed
Build iOS and Submit to TestFlight	UNKNOWN STEP	2026-09-28T19:58:32.7218360Z [RUN_FASTLANE] › Creating  Pods/React-timing-React-timing_privacy » React-timing_privacy.bundle
Build iOS and Submit to TestFlight	UNKNOWN STEP	2026-09-28T19:58:32.7318280Z [RUN_FASTLANE] › Creating  Pods/React-cxxreact-React-cxxreact_privacy » React-cxxreact_privacy.bundle
Build iOS and Submit to TestFlight	UNKNOWN STEP	2026-09-28T19:58:32.7420690Z [RUN_FASTLANE] › Creating  Pods/React-Core-React-Core_privacy » React-Core_privacy.bundle
Build iOS and Submit to TestFlight	UNKNOWN STEP	2026-09-28T19:58:32.7524380Z [RUN_FASTLANE] › Creating  Pods/RNSVG-RNSVGFilters » RNSVGFilters.bundle
Build iOS and Submit to TestFlight	UNKNOWN STEP	2026-09-28T19:58:32.7634970Z [RUN_FASTLANE] › Creating  Pods/RNCAsyncStorage-RNCAsyncStorage_resources » RNCAsyncStorage_resources.bundle
Build iOS and Submit to TestFlight	UNKNOWN STEP	2026-09-28T19:58:32.7735510Z [RUN_FASTLANE] › Creating  Pods/ExpoNotifications-ExpoNotifications_privacy » ExpoNotifications_privacy.bundle
Build iOS and Submit to TestFlight	UNKNOWN STEP	2026-09-28T19:58:32.7837460Z [RUN_FASTLANE] › Creating  Pods/ExpoFileSystem-ExpoFileSystem_privacy » ExpoFileSystem_privacy.bundle
Build iOS and Submit to TestFlight	UNKNOWN STEP	2026-09-28T19:58:32.7940850Z [RUN_FASTLANE] › Creating  Pods/ExpoDevice-ExpoDevice_privacy » ExpoDevice_privacy.bundle
Build iOS and Submit to TestFlight	UNKNOWN STEP	2026-09-28T19:58:32.8038810Z [RUN_FASTLANE] › Creating  Pods/EXConstants-ExpoConstants_privacy » ExpoConstants_privacy.bundle
Build iOS and Submit to TestFlight	UNKNOWN STEP	2026-09-28T19:58:32.8141460Z [RUN_FASTLANE] › Creating  expo-constants Pods/EXConstants-EXConstants » EXConstants.bundle
Build iOS and Submit to TestFlight	UNKNOWN STEP	2026-09-28T19:58:32.8244680Z [RUN_FASTLANE] › Creating  Pods/EXApplication-ExpoApplication_privacy » ExpoApplication_privacy.bundle
Build iOS and Submit to TestFlight	UNKNOWN STEP	2026-09-28T19:58:32.8346840Z [RUN_FASTLANE] › Executing react-native Pods/React-Core-prebuilt » [CP] Copy XCFrameworks
Build iOS and Submit to TestFlight	UNKNOWN STEP	2026-09-28T19:58:33.5967630Z [RUN_FASTLANE] › Executing expo-modules-jsi Pods/ExpoModulesJSI » [CP-User] Build ExpoModulesJSI xcframework
Build iOS and Submit to TestFlight	UNKNOWN STEP	2026-09-28T20:00:12.3926770Z [RUN_FASTLANE] ⚠️  ld: -undefined dynamic_lookup is deprecated on iOS
Build iOS and Submit to TestFlight	UNKNOWN STEP	2026-09-28T20:00:12.4392420Z [RUN_FASTLANE] › Executing react-native Pods/React-RCTFBReactNativeSpec » [CP-User] [RN]Check FBReactNativeSpec
Build iOS and Submit to TestFlight	UNKNOWN STEP	2026-09-28T20:00:12.4593620Z [RUN_FASTLANE] › Executing NGNflow Pods/ReactCodegen » [CP-User] Generate Specs
Build iOS and Submit to TestFlight	UNKNOWN STEP	2026-09-28T20:00:12.4898370Z [RUN_FASTLANE] › Compiling NGNflow Pods/ReactCodegen » safeareacontext-generated.mm
Build iOS and Submit to TestFlight	UNKNOWN STEP	2026-09-28T20:00:12.5000080Z [RUN_FASTLANE] › Compiling NGNflow Pods/ReactCodegen » rnworklets-generated.mm
Build iOS and Submit to TestFlight	UNKNOWN STEP	2026-09-28T20:00:12.5103000Z [RUN_FASTLANE] › Compiling NGNflow Pods/ReactCodegen » rnsvg-generated.mm
Build iOS and Submit to TestFlight	UNKNOWN STEP	2026-09-28T20:00:12.5205120Z [RUN_FASTLANE] › Compiling NGNflow Pods/ReactCodegen » rnscreens-generated.mm
Build iOS and Submit to TestFlight	UNKNOWN STEP	2026-09-28T20:00:12.5307160Z [RUN_FASTLANE] › Compiling NGNflow Pods/ReactCodegen » rnasyncstorage-generated.mm
Build iOS and Submit to TestFlight	UNKNOWN STEP	2026-09-28T20:00:12.5409100Z [RUN_FASTLANE] › Compiling NGNflow Pods/ReactCodegen » States.cpp
Build iOS and Submit to TestFlight	UNKNOWN STEP	2026-09-28T20:00:12.5511210Z [RUN_FASTLANE] › Compiling NGNflow Pods/ReactCodegen » States.cpp
Build iOS and Submit to TestFlight	UNKNOWN STEP	2026-09-28T20:00:12.5613130Z [RUN_FASTLANE] › Compiling NGNflow Pods/ReactCodegen » States.cpp
Build iOS and Submit to TestFlight	UNKNOWN STEP	2026-09-28T20:00:12.5716560Z [RUN_FASTLANE] › Compiling NGNflow Pods/ReactCodegen » States.cpp
Build iOS and Submit to TestFlight	UNKNOWN STEP	2026-09-28T20:00:12.5821290Z [RUN_FASTLANE] › Compiling NGNflow Pods/ReactCodegen » ShadowNodes.cpp
Build iOS and Submit to TestFlight	UNKNOWN STEP	2026-09-28T20:00:12.5903210Z [RUN_FASTLANE] › Compiling NGNflow Pods/ReactCodegen » ShadowNodes.cpp
Build iOS and Submit to TestFlight	UNKNOWN STEP	2026-09-28T20:00:12.6005040Z [RUN_FASTLANE] › Compiling NGNflow Pods/ReactCodegen » ShadowNodes.cpp
Build iOS and Submit to TestFlight	UNKNOWN STEP	2026-09-28T20:00:12.6105880Z [RUN_FASTLANE] › Compiling NGNflow Pods/ReactCodegen » ShadowNodes.cpp
Build iOS and Submit to TestFlight	UNKNOWN STEP	2026-09-28T20:00:12.6206610Z [RUN_FASTLANE] › Compiling NGNflow Pods/ReactCodegen » RCTUnstableModulesRequiringMainQueueSetupProvider.mm
Build iOS and Submit to TestFlight	UNKNOWN STEP	2026-09-28T20:00:12.6308400Z [RUN_FASTLANE] › Compiling NGNflow Pods/ReactCodegen » RCTThirdPartyComponentsProvider.mm
Build iOS and Submit to TestFlight	UNKNOWN STEP	2026-09-28T20:00:12.6411430Z [RUN_FASTLANE] › Compiling NGNflow Pods/ReactCodegen » RCTModulesConformingToProtocolsProvider.mm
Build iOS and Submit to TestFlight	UNKNOWN STEP	2026-09-28T20:00:12.6515770Z [RUN_FASTLANE] › Compiling NGNflow Pods/ReactCodegen » RCTModuleProviders.mm
Build iOS and Submit to TestFlight	UNKNOWN STEP	2026-09-28T20:00:12.6619840Z [RUN_FASTLANE] › Compiling NGNflow Pods/ReactCodegen » Props.cpp
Build iOS and Submit to TestFlight	UNKNOWN STEP	2026-09-28T20:00:12.7073320Z [RUN_FASTLANE] › Compiling NGNflow Pods/ReactCodegen » Props.cpp
Build iOS and Submit to TestFlight	UNKNOWN STEP	2026-09-28T20:00:12.7182920Z [RUN_FASTLANE] › Compiling NGNflow Pods/ReactCodegen » Props.cpp
Build iOS and Submit to TestFlight	UNKNOWN STEP	2026-09-28T20:00:12.7283530Z [RUN_FASTLANE] › Compiling NGNflow Pods/ReactCodegen » Props.cpp
Build iOS and Submit to TestFlight	UNKNOWN STEP	2026-09-28T20:00:12.7385680Z [RUN_FASTLANE] › Compiling NGNflow Pods/ReactCodegen » EventEmitters.cpp
Build iOS and Submit to TestFlight	UNKNOWN STEP	2026-09-28T20:00:12.7486210Z [RUN_FASTLANE] › Compiling NGNflow Pods/ReactCodegen » EventEmitters.cpp
Build iOS and Submit to TestFlight	UNKNOWN STEP	2026-09-28T20:00:12.7587740Z [RUN_FASTLANE] › Compiling NGNflow Pods/ReactCodegen » EventEmitters.cpp
Build iOS and Submit to TestFlight	UNKNOWN STEP	2026-09-28T20:00:12.7691640Z [RUN_FASTLANE] › Compiling NGNflow Pods/ReactCodegen » EventEmitters.cpp
Build iOS and Submit to TestFlight	UNKNOWN STEP	2026-09-28T20:00:12.7789880Z [RUN_FASTLANE] › Compiling NGNflow Pods/ReactCodegen » ComponentDescriptors.cpp
Build iOS and Submit to TestFlight	UNKNOWN STEP	2026-09-28T20:00:12.7890170Z [RUN_FASTLANE] › Compiling NGNflow Pods/ReactCodegen » ComponentDescriptors.cpp
Build iOS and Submit to TestFlight	UNKNOWN STEP	2026-09-28T20:00:12.7990700Z [RUN_FASTLANE] › Compiling NGNflow Pods/ReactCodegen » ComponentDescriptors.cpp
Build iOS and Submit to TestFlight	UNKNOWN STEP	2026-09-28T20:00:12.8092800Z [RUN_FASTLANE] › Compiling NGNflow Pods/ReactCodegen » ComponentDescriptors.cpp
Build iOS and Submit to TestFlight	UNKNOWN STEP	2026-09-28T20:00:12.8193070Z [RUN_FASTLANE] › Compiling expo Pods/ExpoLogBox » ExpoRedBoxSwap.mm
Build iOS and Submit to TestFlight	UNKNOWN STEP	2026-09-28T20:00:12.8342100Z [RUN_FASTLANE] › Compiling react-native-safe-area-context Pods/react-native-safe-area-context » RNCSafeAreaViewState.cpp
Build iOS and Submit to TestFlight	UNKNOWN STEP	2026-09-28T20:00:12.8427720Z [RUN_FASTLANE] › Compiling react-native-safe-area-context Pods/react-native-safe-area-context » RNCSafeAreaViewShadowNode.cpp
Build iOS and Submit to TestFlight	UNKNOWN STEP	2026-09-28T20:00:12.8533010Z [RUN_FASTLANE] › Compiling react-native-safe-area-context Pods/react-native-safe-area-context » RNCSafeAreaViewComponentView.mm
Build iOS and Submit to TestFlight	UNKNOWN STEP	2026-09-28T20:00:12.8673820Z [RUN_FASTLANE] › Compiling react-native-safe-area-context Pods/react-native-safe-area-context » RNCSafeAreaProviderComponentView.mm
Build iOS and Submit to TestFlight	UNKNOWN STEP	2026-09-28T20:00:12.8775530Z [RUN_FASTLANE] › Compiling react-native-safe-area-context Pods/react-native-safe-area-context » RNCSafeAreaContext.mm
Build iOS and Submit to TestFlight	UNKNOWN STEP	2026-09-28T20:00:12.8874810Z [RUN_FASTLANE] › Compiling NGNflow Pods/ReactCodegen » ReactCodegen-dummy.m
Build iOS and Submit to TestFlight	UNKNOWN STEP	2026-09-28T20:00:12.8976940Z [RUN_FASTLANE] › Packaging NGNflow Pods/ReactCodegen » libReactCodegen.a
Build iOS and Submit to TestFlight	UNKNOWN STEP	2026-09-28T20:00:12.9084640Z [RUN_FASTLANE] › Compiling react-native-safe-area-context Pods/react-native-safe-area-context » react-native-safe-area-context-dummy.m
Build iOS and Submit to TestFlight	UNKNOWN STEP	2026-09-28T20:00:12.9187000Z [RUN_FASTLANE] › Compiling @expo/log-box Pods/ExpoLogBox » ExpoLogBox-dummy.m
Build iOS and Submit to TestFlight	UNKNOWN STEP	2026-09-28T20:00:12.9311040Z [RUN_FASTLANE] › Packaging @expo/log-box Pods/ExpoLogBox » libExpoLogBox.a
Build iOS and Submit to TestFlight	UNKNOWN STEP	2026-09-28T20:00:12.9421510Z [RUN_FASTLANE] › Executing @expo/log-box Pods/ExpoLogBox » Copy generated compatibility header
Build iOS and Submit to TestFlight	UNKNOWN STEP	2026-09-28T20:00:12.9443930Z [RUN_FASTLANE] › Compiling NGNflow Pods/ReactAppDependencyProvider » RCTAppDependencyProvider.mm
Build iOS and Submit to TestFlight	UNKNOWN STEP	2026-09-28T20:00:12.9546550Z [RUN_FASTLANE] › Compiling react-native-worklets Pods/RNWorklets » WorkletsVersion.cpp
Build iOS and Submit to TestFlight	UNKNOWN STEP	2026-09-28T20:00:12.9651060Z [RUN_FASTLANE] › Compiling react-native-worklets Pods/RNWorklets » WorkletsNetworking.mm
Build iOS and Submit to TestFlight	UNKNOWN STEP	2026-09-28T20:00:12.9753730Z [RUN_FASTLANE] › Compiling react-native-worklets Pods/RNWorklets » WorkletsModuleProxy.cpp
Build iOS and Submit to TestFlight	UNKNOWN STEP	2026-09-28T20:00:12.9856110Z [RUN_FASTLANE] › Compiling react-native-worklets Pods/RNWorklets » WorkletsModule.mm
Build iOS and Submit to TestFlight	UNKNOWN STEP	2026-09-28T20:00:12.9959800Z [RUN_FASTLANE] › Compiling react-native-worklets Pods/RNWorklets » WorkletsJSIUtils.cpp
Build iOS and Submit to TestFlight	UNKNOWN STEP	2026-09-28T20:00:13.0064400Z [RUN_FASTLANE] › Compiling react-native-worklets Pods/RNWorklets » WorkletRuntimeRegistry.cpp
Build iOS and Submit to TestFlight	UNKNOWN STEP	2026-09-28T20:00:13.0176160Z [RUN_FASTLANE] › Compiling react-native-worklets Pods/RNWorklets » WorkletRuntimeDecorator.cpp
Build iOS and Submit to TestFlight	UNKNOWN STEP	2026-09-28T20:00:13.0279580Z [RUN_FASTLANE] › Compiling react-native-worklets Pods/RNWorklets » WorkletRuntime.cpp
Build iOS and Submit to TestFlight	UNKNOWN STEP	2026-09-28T20:00:13.0383320Z [RUN_FASTLANE] › Compiling react-native-worklets Pods/RNWorklets » WorkletHermesRuntime.cpp
Build iOS and Submit to TestFlight	UNKNOWN STEP	2026-09-28T20:00:13.0487270Z [RUN_FASTLANE] › Compiling react-native-worklets Pods/RNWorklets » WorkletEventHandler.cpp
Build iOS and Submit to TestFlight	UNKNOWN STEP	2026-09-28T20:00:13.0595470Z [RUN_FASTLANE] › Compiling react-native-worklets Pods/RNWorklets » VersionUtils.cpp
Build iOS and Submit to TestFlight	UNKNOWN STEP	2026-09-28T20:00:13.0700570Z [RUN_FASTLANE] › Compiling react-native-worklets Pods/RNWorklets » UIScheduler.cpp
Build iOS and Submit to TestFlight	UNKNOWN STEP	2026-09-28T20:00:13.0839620Z [RUN_FASTLANE] › Compiling react-native-worklets Pods/RNWorklets » UIRuntimeDecorator.cpp
Build iOS and Submit to TestFlight	UNKNOWN STEP	2026-09-28T20:00:13.0942140Z [RUN_FASTLANE] › Compiling react-native-worklets Pods/RNWorklets » SynchronizableAccess.cpp
Build iOS and Submit to TestFlight	UNKNOWN STEP	2026-09-28T20:00:13.1046530Z [RUN_FASTLANE] › Compiling react-native-worklets Pods/RNWorklets » Synchronizable.cpp
Build iOS and Submit to TestFlight	UNKNOWN STEP	2026-09-28T20:00:13.1172290Z [RUN_FASTLANE] › Compiling react-native-worklets Pods/RNWorklets » StableApi.cpp
Build iOS and Submit to TestFlight	UNKNOWN STEP	2026-09-28T20:00:13.1277140Z [RUN_FASTLANE] › Compiling react-native-worklets Pods/RNWorklets » SlowAnimations.mm
Build iOS and Submit to TestFlight	UNKNOWN STEP	2026-09-28T20:00:13.2025230Z [RUN_FASTLANE] › Compiling react-native-worklets Pods/RNWorklets » Shareable.cpp
Build iOS and Submit to TestFlight	UNKNOWN STEP	2026-09-28T20:00:13.2028430Z [RUN_FASTLANE] › Compiling react-native-worklets Pods/RNWorklets » SerializableRemoteFunction.cpp
Build iOS and Submit to TestFlight	UNKNOWN STEP	2026-09-28T20:00:13.2030570Z [RUN_FASTLANE] › Compiling react-native-worklets Pods/RNWorklets » SerializableFactory.cpp
Build iOS and Submit to TestFlight	UNKNOWN STEP	2026-09-28T20:00:13.2032970Z [RUN_FASTLANE] › Compiling react-native-worklets Pods/RNWorklets » Serializable.cpp
Build iOS and Submit to TestFlight	UNKNOWN STEP	2026-09-28T20:00:13.2036590Z [RUN_FASTLANE] › Compiling react-native-worklets Pods/RNWorklets » RuntimeManager.cpp
Build iOS and Submit to TestFlight	UNKNOWN STEP	2026-09-28T20:00:13.2039010Z [RUN_FASTLANE] › Compiling react-native-worklets Pods/RNWorklets » RNRuntimeWorkletDecorator.cpp
Build iOS and Submit to TestFlight	UNKNOWN STEP	2026-09-28T20:00:13.4913350Z [RUN_FASTLANE] › Compiling react-native-worklets Pods/RNWorklets » PlatformLogger.mm
Build iOS and Submit to TestFlight	UNKNOWN STEP	2026-09-28T20:00:13.7517190Z [RUN_FASTLANE] › Compiling react-native-worklets Pods/RNWorklets » MemoryManager.cpp
Build iOS and Submit to TestFlight	UNKNOWN STEP	2026-09-28T20:00:14.1192100Z [RUN_FASTLANE] › Compiling react-native-worklets Pods/RNWorklets » JSScheduler.cpp
Build iOS and Submit to TestFlight	UNKNOWN STEP	2026-09-28T20:00:14.6852670Z [RUN_FASTLANE] › Compiling react-native-worklets Pods/RNWorklets » JSLogger.cpp
Build iOS and Submit to TestFlight	UNKNOWN STEP	2026-09-28T20:00:14.9416490Z [RUN_FASTLANE] › Compiling react-native-worklets Pods/RNWorklets » JSIWorkletsModuleProxy.cpp
Build iOS and Submit to TestFlight	UNKNOWN STEP	2026-09-28T20:00:20.2660660Z [RUN_FASTLANE] › Compiling react-native-worklets Pods/RNWorklets » JSISerializer.cpp
Build iOS and Submit to TestFlight	UNKNOWN STEP	2026-09-28T20:00:20.2667760Z [RUN_FASTLANE] › Compiling react-native-worklets Pods/RNWorklets » IOSUIScheduler.mm
Build iOS and Submit to TestFlight	UNKNOWN STEP	2026-09-28T20:00:20.2770770Z [RUN_FASTLANE] › Compiling react-native-worklets Pods/RNWorklets » HermesProfiling.cpp
Build iOS and Submit to TestFlight	UNKNOWN STEP	2026-09-28T20:00:20.2875280Z [RUN_FASTLANE] › Compiling react-native-worklets Pods/RNWorklets » FeatureFlags.cpp
Build iOS and Submit to TestFlight	UNKNOWN STEP	2026-09-28T20:00:20.2978230Z [RUN_FASTLANE] › Compiling react-native-worklets Pods/RNWorklets » EventLoop.cpp
Build iOS and Submit to TestFlight	UNKNOWN STEP	2026-09-28T20:00:20.3015730Z [RUN_FASTLANE] › Compiling react-native-worklets Pods/RNWorklets » EventHandlerRegistry.cpp
Build iOS and Submit to TestFlight	UNKNOWN STEP	2026-09-28T20:00:20.3123540Z [RUN_FASTLANE] › Compiling react-native-worklets Pods/RNWorklets » AsyncQueueImpl.cpp
Build iOS and Submit to TestFlight	UNKNOWN STEP	2026-09-28T20:00:20.9669600Z [RUN_FASTLANE] › Compiling react-native-worklets Pods/RNWorklets » AnimationFrameQueue.mm
Build iOS and Submit to TestFlight	UNKNOWN STEP	2026-09-28T20:00:21.7645700Z [RUN_FASTLANE] › Compiling react-native-worklets Pods/RNWorklets » AnimationFrameBatchinator.cpp
Build iOS and Submit to TestFlight	UNKNOWN STEP	2026-09-28T20:00:22.2481880Z [RUN_FASTLANE] › Compiling react-native-svg Pods/RNSVG » RNSVGViewBox.mm
Build iOS and Submit to TestFlight	UNKNOWN STEP	2026-09-28T20:00:24.9193660Z [RUN_FASTLANE] › Compiling react-native-svg Pods/RNSVG » RNSVGUseManager.mm
Build iOS and Submit to TestFlight	UNKNOWN STEP	2026-09-28T20:00:25.4707160Z [RUN_FASTLANE] › Compiling react-native-svg Pods/RNSVG » RNSVGUse.mm
Build iOS and Submit to TestFlight	UNKNOWN STEP	2026-09-28T20:00:28.4158340Z [RUN_FASTLANE] › Compiling react-native-svg Pods/RNSVG » RNSVGTopAlignedLabel.ios.mm
Build iOS and Submit to TestFlight	UNKNOWN STEP	2026-09-28T20:00:28.4286250Z [RUN_FASTLANE] › Compiling react-native-svg Pods/RNSVG » RNSVGTextProperties.mm
Build iOS and Submit to TestFlight	UNKNOWN STEP	2026-09-28T20:00:28.4388810Z [RUN_FASTLANE] › Compiling react-native-svg Pods/RNSVG » RNSVGTextPathManager.mm
Build iOS and Submit to TestFlight	UNKNOWN STEP	2026-09-28T20:00:29.6906300Z [RUN_FASTLANE] › Compiling react-native-svg Pods/RNSVG » RNSVGTextPath.mm
Build iOS and Submit to TestFlight	UNKNOWN STEP	2026-09-28T20:00:32.6824980Z [RUN_FASTLANE] › Compiling react-native-svg Pods/RNSVG » RNSVGTextManager.mm
Build iOS and Submit to TestFlight	UNKNOWN STEP	2026-09-28T20:00:32.6930160Z [RUN_FASTLANE] › Compiling react-native-svg Pods/RNSVG » RNSVGText.mm
Build iOS and Submit to TestFlight	UNKNOWN STEP	2026-09-28T20:00:36.6462800Z [RUN_FASTLANE] › Compiling react-native-svg Pods/RNSVG » RNSVGTSpanManager.mm
Build iOS and Submit to TestFlight	UNKNOWN STEP	2026-09-28T20:00:36.6567560Z [RUN_FASTLANE] › Compiling react-native-svg Pods/RNSVG » RNSVGTSpan.mm
Build iOS and Submit to TestFlight	UNKNOWN STEP	2026-09-28T20:00:39.8770500Z [RUN_FASTLANE] › Compiling react-native-svg Pods/RNSVG » RNSVGSymbolManager.mm
Build iOS and Submit to TestFlight	UNKNOWN STEP	2026-09-28T20:00:40.2570040Z [RUN_FASTLANE] › Compiling react-native-svg Pods/RNSVG » RNSVGSymbol.mm
Build iOS and Submit to TestFlight	UNKNOWN STEP	2026-09-28T20:00:42.3135740Z [RUN_FASTLANE] › Compiling react-native-svg Pods/RNSVG » RNSVGSvgViewModule.mm
Build iOS and Submit to TestFlight	UNKNOWN STEP	2026-09-28T20:00:42.6996710Z [RUN_FASTLANE] › Compiling react-native-svg Pods/RNSVG » RNSVGSvgViewManager.mm
Build iOS and Submit to TestFlight	UNKNOWN STEP	2026-09-28T20:00:42.7106120Z [RUN_FASTLANE] › Compiling react-native-svg Pods/RNSVG » RNSVGSvgView.mm
Build iOS and Submit to TestFlight	UNKNOWN STEP	2026-09-28T20:00:46.4304430Z [RUN_FASTLANE] › Compiling react-native-svg Pods/RNSVG » RNSVGSolidColorBrush.mm
Build iOS and Submit to TestFlight	UNKNOWN STEP	2026-09-28T20:00:46.4305950Z [RUN_FASTLANE] › Compiling react-native-svg Pods/RNSVG » RNSVGShadowNodes.cpp
Build iOS and Submit to TestFlight	UNKNOWN STEP	2026-09-28T20:00:46.4408050Z [RUN_FASTLANE] › Compiling react-native-svg Pods/RNSVG » RNSVGRenderableModule.mm
Build iOS and Submit to TestFlight	UNKNOWN STEP	2026-09-28T20:00:47.9201470Z [RUN_FASTLANE] › Compiling react-native-svg Pods/RNSVG » RNSVGRenderableManager.mm
Build iOS and Submit to TestFlight	UNKNOWN STEP	2026-09-28T20:00:47.9305650Z [RUN_FASTLANE] › Compiling react-native-svg Pods/RNSVG » RNSVGRenderable.mm
Build iOS and Submit to TestFlight	UNKNOWN STEP	2026-09-28T20:00:51.9646910Z [RUN_FASTLANE] › Compiling react-native-svg Pods/RNSVG » RNSVGRenderUtils.mm
Build iOS and Submit to TestFlight	UNKNOWN STEP	2026-09-28T20:00:53.2845120Z [RUN_FASTLANE] › Compiling react-native-svg Pods/RNSVG » RNSVGRectManager.mm
Build iOS and Submit to TestFlight	UNKNOWN STEP	2026-09-28T20:00:53.9020940Z [RUN_FASTLANE] › Compiling react-native-svg Pods/RNSVG » RNSVGRect.mm
Build iOS and Submit to TestFlight	UNKNOWN STEP	2026-09-28T20:00:59.6755710Z [RUN_FASTLANE] › Compiling react-native-svg Pods/RNSVG » RNSVGRadialGradientManager.mm
Build iOS and Submit to TestFlight	UNKNOWN STEP	2026-09-28T20:00:59.6873040Z [RUN_FASTLANE] › Compiling react-native-svg Pods/RNSVG » RNSVGRadialGradient.mm
Build iOS and Submit to TestFlight	UNKNOWN STEP	2026-09-28T20:01:01.2548920Z [RUN_FASTLANE] › Compiling react-native-svg Pods/RNSVG » RNSVGPropHelper.mm
Build iOS and Submit to TestFlight	UNKNOWN STEP	2026-09-28T20:01:01.2652030Z [RUN_FASTLANE] › Compiling react-native-svg Pods/RNSVG » RNSVGPatternManager.mm
Build iOS and Submit to TestFlight	UNKNOWN STEP	2026-09-28T20:01:03.4367010Z [RUN_FASTLANE] › Compiling react-native-svg Pods/RNSVG » RNSVGPattern.mm
Build iOS and Submit to TestFlight	UNKNOWN STEP	2026-09-28T20:01:05.8709450Z [RUN_FASTLANE] › Compiling react-native-svg Pods/RNSVG » RNSVGPathParser.mm
Build iOS and Submit to TestFlight	UNKNOWN STEP	2026-09-28T20:01:05.8910490Z [RUN_FASTLANE] › Compiling react-native-svg Pods/RNSVG » RNSVGPathMeasure.mm
Build iOS and Submit to TestFlight	UNKNOWN STEP	2026-09-28T20:01:05.9013360Z [RUN_FASTLANE] › Compiling react-native-svg Pods/RNSVG » RNSVGPathManager.mm
Build iOS and Submit to TestFlight	UNKNOWN STEP	2026-09-28T20:01:06.1129930Z [RUN_FASTLANE] › Compiling react-native-svg Pods/RNSVG » RNSVGPath.mm
Build iOS and Submit to TestFlight	UNKNOWN STEP	2026-09-28T20:01:09.4722560Z [RUN_FASTLANE] › Compiling react-native-svg Pods/RNSVG » RNSVGPainterBrush.mm
Build iOS and Submit to TestFlight	UNKNOWN STEP	2026-09-28T20:01:09.4843240Z [RUN_FASTLANE] › Compiling react-native-svg Pods/RNSVG » RNSVGPainter.mm
Build iOS and Submit to TestFlight	UNKNOWN STEP	2026-09-28T20:01:09.4945270Z [RUN_FASTLANE] › Compiling react-native-svg Pods/RNSVG » RNSVGNodeManager.mm
Build iOS and Submit to TestFlight	UNKNOWN STEP	2026-09-28T20:01:09.9661870Z [RUN_FASTLANE] › Compiling react-native-svg Pods/RNSVG » RNSVGNode.mm
Build iOS and Submit to TestFlight	UNKNOWN STEP	2026-09-28T20:01:10.7995910Z [RUN_FASTLANE] › Compiling react-native-svg Pods/RNSVG » RNSVGMaskManager.mm
Build iOS and Submit to TestFlight	UNKNOWN STEP	2026-09-28T20:01:11.4451010Z [RUN_FASTLANE] › Compiling react-native-svg Pods/RNSVG » RNSVGMask.mm
Build iOS and Submit to TestFlight	UNKNOWN STEP	2026-09-28T20:01:14.9246330Z [RUN_FASTLANE] › Compiling react-native-svg Pods/RNSVG » RNSVGMarkerPosition.mm
Build iOS and Submit to TestFlight	UNKNOWN STEP	2026-09-28T20:01:14.9368560Z [RUN_FASTLANE] › Compiling react-native-svg Pods/RNSVG » RNSVGMarkerManager.mm
Build iOS and Submit to TestFlight	UNKNOWN STEP	2026-09-28T20:01:14.9482340Z [RUN_FASTLANE] › Compiling react-native-svg Pods/RNSVG » RNSVGMarker.mm
Build iOS and Submit to TestFlight	UNKNOWN STEP	2026-09-28T20:01:19.0918470Z [RUN_FASTLANE] › Compiling react-native-svg Pods/RNSVG » RNSVGLinearGradientManager.mm
Build iOS and Submit to TestFlight	UNKNOWN STEP	2026-09-28T20:01:19.1007790Z [RUN_FASTLANE] › Compiling react-native-svg Pods/RNSVG » RNSVGLinearGradient.mm
Build iOS and Submit to TestFlight	UNKNOWN STEP	2026-09-28T20:01:20.4675270Z [RUN_FASTLANE] › Compiling react-native-svg Pods/RNSVG » RNSVGLineManager.mm
Build iOS and Submit to TestFlight	UNKNOWN STEP	2026-09-28T20:01:20.8504010Z [RUN_FASTLANE] › Compiling react-native-svg Pods/RNSVG » RNSVGLine.mm
Build iOS and Submit to TestFlight	UNKNOWN STEP	2026-09-28T20:01:23.9914930Z [RUN_FASTLANE] › Compiling react-native-svg Pods/RNSVG » RNSVGLength.mm
Build iOS and Submit to TestFlight	UNKNOWN STEP	2026-09-28T20:01:24.0019930Z [RUN_FASTLANE] › Compiling react-native-svg Pods/RNSVG » RNSVGLayoutableShadowNode.cpp
Build iOS and Submit to TestFlight	UNKNOWN STEP	2026-09-28T20:01:24.0122100Z [RUN_FASTLANE] › Compiling react-native-svg Pods/RNSVG » RNSVGImageState.cpp
Build iOS and Submit to TestFlight	UNKNOWN STEP	2026-09-28T20:01:25.4291830Z [RUN_FASTLANE] › Compiling react-native-svg Pods/RNSVG » RNSVGImageShadowNode.cpp
Build iOS and Submit to TestFlight	UNKNOWN STEP	2026-09-28T20:01:26.1965930Z [RUN_FASTLANE] › Compiling react-native-svg Pods/RNSVG » RNSVGImageManager.mm
Build iOS and Submit to TestFlight	UNKNOWN STEP	2026-09-28T20:01:26.8355540Z [RUN_FASTLANE] › Compiling react-native-svg Pods/RNSVG » RNSVGImage.mm
Build iOS and Submit to TestFlight	UNKNOWN STEP	2026-09-28T20:01:29.1772410Z [RUN_FASTLANE] › Compiling react-native-svg Pods/RNSVG » RNSVGGroupManager.mm
Build iOS and Submit to TestFlight	UNKNOWN STEP	2026-09-28T20:01:29.1906630Z [RUN_FASTLANE] › Compiling react-native-svg Pods/RNSVG » RNSVGGroup.mm
Build iOS and Submit to TestFlight	UNKNOWN STEP	2026-09-28T20:01:32.7099880Z [RUN_FASTLANE] › Compiling react-native-svg Pods/RNSVG » RNSVGGlyphContext.mm
Build iOS and Submit to TestFlight	UNKNOWN STEP	2026-09-28T20:01:32.7194310Z [RUN_FASTLANE] › Compiling react-native-svg Pods/RNSVG » RNSVGForeignObjectManager.mm
Build iOS and Submit to TestFlight	UNKNOWN STEP	2026-09-28T20:01:33.2549190Z [RUN_FASTLANE] › Compiling react-native-svg Pods/RNSVG » RNSVGForeignObject.mm
Build iOS and Submit to TestFlight	UNKNOWN STEP	2026-09-28T20:01:39.4636990Z [RUN_FASTLANE] › Compiling react-native-svg Pods/RNSVG » RNSVGFontData.mm
Build iOS and Submit to TestFlight	UNKNOWN STEP	2026-09-28T20:01:39.4743330Z [RUN_FASTLANE] › Compiling react-native-svg Pods/RNSVG » RNSVGFilterRegion.mm
Build iOS and Submit to TestFlight	UNKNOWN STEP	2026-09-28T20:01:39.4845670Z [RUN_FASTLANE] › Compiling react-native-svg Pods/RNSVG » RNSVGFilterPrimitiveManager.mm
Build iOS and Submit to TestFlight	UNKNOWN STEP	2026-09-28T20:01:39.9328970Z [RUN_FASTLANE] › Compiling react-native-svg Pods/RNSVG » RNSVGFilterPrimitive.mm
Build iOS and Submit to TestFlight	UNKNOWN STEP	2026-09-28T20:01:41.8324830Z [RUN_FASTLANE] › Compiling react-native-svg Pods/RNSVG » RNSVGFilterManager.mm
Build iOS and Submit to TestFlight	UNKNOWN STEP	2026-09-28T20:01:43.3845370Z [RUN_FASTLANE] › Compiling react-native-svg Pods/RNSVG » RNSVGFilter.mm
Build iOS and Submit to TestFlight	UNKNOWN STEP	2026-09-28T20:01:45.9733170Z [RUN_FASTLANE] › Compiling react-native-svg Pods/RNSVG » RNSVGFeOffsetManager.mm
Build iOS and Submit to TestFlight	UNKNOWN STEP	2026-09-28T20:01:45.9836490Z [RUN_FASTLANE] › Compiling react-native-svg Pods/RNSVG » RNSVGFeOffset.mm
Build iOS and Submit to TestFlight	UNKNOWN STEP	2026-09-28T20:01:49.3020210Z [RUN_FASTLANE] › Compiling react-native-svg Pods/RNSVG » RNSVGFeMergeManager.mm
Build iOS and Submit to TestFlight	UNKNOWN STEP	2026-09-28T20:01:49.3124820Z [RUN_FASTLANE] › Compiling react-native-svg Pods/RNSVG » RNSVGFeMerge.mm
Build iOS and Submit to TestFlight	UNKNOWN STEP	2026-09-28T20:01:53.3608800Z [RUN_FASTLANE] › Compiling react-native-svg Pods/RNSVG » RNSVGFeGaussianBlurManager.mm
Build iOS and Submit to TestFlight	UNKNOWN STEP	2026-09-28T20:01:53.7387280Z [RUN_FASTLANE] › Compiling react-native-svg Pods/RNSVG » RNSVGFeGaussianBlur.mm
Build iOS and Submit to TestFlight	UNKNOWN STEP	2026-09-28T20:01:56.7629110Z [RUN_FASTLANE] › Compiling react-native-svg Pods/RNSVG » RNSVGFeFloodManager.mm
Build iOS and Submit to TestFlight	UNKNOWN STEP	2026-09-28T20:01:57.0969010Z [RUN_FASTLANE] › Compiling react-native-svg Pods/RNSVG » RNSVGFeFlood.mm
Build iOS and Submit to TestFlight	UNKNOWN STEP	2026-09-28T20:02:00.1986710Z [RUN_FASTLANE] › Compiling react-native-svg Pods/RNSVG » RNSVGFeCompositeManager.mm
Build iOS and Submit to TestFlight	UNKNOWN STEP	2026-09-28T20:02:00.4609240Z [RUN_FASTLANE] › Compiling react-native-svg Pods/RNSVG » RNSVGFeComposite.mm
Build iOS and Submit to TestFlight	UNKNOWN STEP	2026-09-28T20:02:07.1087680Z [RUN_FASTLANE] › Compiling react-native-svg Pods/RNSVG » RNSVGFeColorMatrixManager.mm
Build iOS and Submit to TestFlight	UNKNOWN STEP	2026-09-28T20:02:07.5399790Z [RUN_FASTLANE] › Compiling react-native-svg Pods/RNSVG » RNSVGFeColorMatrix.mm
Build iOS and Submit to TestFlight	UNKNOWN STEP	2026-09-28T20:02:11.7126000Z [RUN_FASTLANE] › Compiling react-native-svg Pods/RNSVG » RNSVGFeBlendManager.mm
Build iOS and Submit to TestFlight	UNKNOWN STEP	2026-09-28T20:02:12.1386410Z [RUN_FASTLANE] › Compiling react-native-svg Pods/RNSVG » RNSVGFeBlend.mm
Build iOS and Submit to TestFlight	UNKNOWN STEP	2026-09-28T20:02:15.2398540Z [RUN_FASTLANE] › Compiling react-native-svg Pods/RNSVG » RNSVGEllipseManager.mm
Build iOS and Submit to TestFlight	UNKNOWN STEP	2026-09-28T20:02:15.2499250Z [RUN_FASTLANE] › Compiling react-native-svg Pods/RNSVG » RNSVGEllipse.mm
Build iOS and Submit to TestFlight	UNKNOWN STEP	2026-09-28T20:02:17.9071840Z [RUN_FASTLANE] › Compiling react-native-svg Pods/RNSVG » RNSVGDefsManager.mm
Build iOS and Submit to TestFlight	UNKNOWN STEP	2026-09-28T20:02:18.3799530Z [RUN_FASTLANE] › Compiling react-native-svg Pods/RNSVG » RNSVGDefs.mm
Build iOS and Submit to TestFlight	UNKNOWN STEP	2026-09-28T20:02:20.3420010Z [RUN_FASTLANE] › Compiling react-native-svg Pods/RNSVG » RNSVGCustomFilter.mm
Build iOS and Submit to TestFlight	UNKNOWN STEP	2026-09-28T20:02:20.3532900Z [RUN_FASTLANE] › Compiling react-native-svg Pods/RNSVG » RNSVGConvert.mm
Build iOS and Submit to TestFlight	UNKNOWN STEP	2026-09-28T20:02:21.2595850Z [RUN_FASTLANE] › Compiling react-native-svg Pods/RNSVG » RNSVGContextBrush.mm
Build iOS and Submit to TestFlight	UNKNOWN STEP	2026-09-28T20:02:21.2726530Z [RUN_FASTLANE] › Compiling react-native-svg Pods/RNSVG » RNSVGCompositeXor.mm
Build iOS and Submit to TestFlight	UNKNOWN STEP	2026-09-28T20:02:21.2830520Z [RUN_FASTLANE] › Compiling react-native-svg Pods/RNSVG » RNSVGClipPathManager.mm
Build iOS and Submit to TestFlight	UNKNOWN STEP	2026-09-28T20:02:24.1788720Z [RUN_FASTLANE] › Compiling react-native-svg Pods/RNSVG » RNSVGClipPath.mm
Build iOS and Submit to TestFlight	UNKNOWN STEP	2026-09-28T20:02:27.1812890Z [RUN_FASTLANE] › Compiling react-native-svg Pods/RNSVG » RNSVGCircleManager.mm
Build iOS and Submit to TestFlight	UNKNOWN STEP	2026-09-28T20:02:27.1817660Z [RUN_FASTLANE] › Compiling react-native-svg Pods/RNSVG » RNSVGCircle.mm
Build iOS and Submit to TestFlight	UNKNOWN STEP	2026-09-28T20:02:30.7418170Z [RUN_FASTLANE] › Compiling react-native-svg Pods/RNSVG » RNSVGBrush.mm
Build iOS and Submit to TestFlight	UNKNOWN STEP	2026-09-28T20:02:30.7513760Z [RUN_FASTLANE] › Compiling react-native-svg Pods/RNSVG » RNSVGBezierElement.mm
Build iOS and Submit to TestFlight	UNKNOWN STEP	2026-09-28T20:02:30.7618280Z [RUN_FASTLANE] › Compiling react-native-svg Pods/RNSVG » RNSVGArithmeticFilter.mm
Build iOS and Submit to TestFlight	UNKNOWN STEP	2026-09-28T20:02:30.7726750Z [RUN_FASTLANE] › Compiling react-native-svg Pods/RNSVG » RCTConvert+RNSVG.mm
Build iOS and Submit to TestFlight	UNKNOWN STEP	2026-09-28T20:02:32.3174230Z [RUN_FASTLANE] › Compiling @react-native-async-storage/async-storage Pods/RNCAsyncStorage » RNCAsyncStorage.mm
Build iOS and Submit to TestFlight	UNKNOWN STEP	2026-09-28T20:02:33.6752980Z [RUN_FASTLANE] › Compiling NGNflow Pods/ReactAppDependencyProvider » ReactAppDependencyProvider-dummy.m
Build iOS and Submit to TestFlight	UNKNOWN STEP	2026-09-28T20:02:34.8515870Z [RUN_FASTLANE] › Executing expo-modules-jsi Pods/ExpoModulesJSI » [CP] Copy XCFrameworks
Build iOS and Submit to TestFlight	UNKNOWN STEP	2026-09-28T20:02:34.8592440Z [RUN_FASTLANE] › Compiling react-native-screens Pods/RNScreens » UIWindow+RNScreens.mm
Build iOS and Submit to TestFlight	UNKNOWN STEP	2026-09-28T20:02:38.7296970Z [RUN_FASTLANE] › Compiling react-native-screens Pods/RNScreens » UIViewController+RNScreens.mm
Build iOS and Submit to TestFlight	UNKNOWN STEP	2026-09-28T20:02:40.1504630Z [RUN_FASTLANE] › Compiling react-native-screens Pods/RNScreens » UIView+RNSUtility.mm
Build iOS and Submit to TestFlight	UNKNOWN STEP	2026-09-28T20:02:40.1609850Z [RUN_FASTLANE] › Compiling react-native-safe-area-context Pods/react-native-safe-area-context » RNCSafeAreaViewMode.m
Build iOS and Submit to TestFlight	UNKNOWN STEP	2026-09-28T20:02:40.1708210Z [RUN_FASTLANE] › Compiling react-native-safe-area-context Pods/react-native-safe-area-context » RNCSafeAreaViewManager.m
Build iOS and Submit to TestFlight	UNKNOWN STEP	2026-09-28T20:02:40.1824430Z [RUN_FASTLANE] › Compiling react-native-safe-area-context Pods/react-native-safe-area-context » RNCSafeAreaViewLocalData.m
Build iOS and Submit to TestFlight	UNKNOWN STEP	2026-09-28T20:02:40.1917420Z [RUN_FASTLANE] › Compiling react-native-safe-area-context Pods/react-native-safe-area-context » RNCSafeAreaViewEdges.m
Build iOS and Submit to TestFlight	UNKNOWN STEP	2026-09-28T20:02:40.2023300Z [RUN_FASTLANE] › Compiling react-native-safe-area-context Pods/react-native-safe-area-context » RNCSafeAreaViewEdgeMode.m
Build iOS and Submit to TestFlight	UNKNOWN STEP	2026-09-28T20:02:40.2131000Z [RUN_FASTLANE] › Compiling react-native-safe-area-context Pods/react-native-safe-area-context » RNCSafeAreaView.m
Build iOS and Submit to TestFlight	UNKNOWN STEP	2026-09-28T20:02:40.2233340Z [RUN_FASTLANE] › Compiling react-native-safe-area-context Pods/react-native-safe-area-context » RNCSafeAreaUtils.m
Build iOS and Submit to TestFlight	UNKNOWN STEP	2026-09-28T20:02:40.2335430Z [RUN_FASTLANE] › Compiling react-native-safe-area-context Pods/react-native-safe-area-context » RNCSafeAreaShadowView.m
Build iOS and Submit to TestFlight	UNKNOWN STEP	2026-09-28T20:02:40.2439100Z [RUN_FASTLANE] › Compiling react-native-safe-area-context Pods/react-native-safe-area-context » RNCSafeAreaProviderManager.m
Build iOS and Submit to TestFlight	UNKNOWN STEP	2026-09-28T20:02:40.2558110Z [RUN_FASTLANE] › Compiling react-native-safe-area-context Pods/react-native-safe-area-context » RNCSafeAreaProvider.m
Build iOS and Submit to TestFlight	UNKNOWN STEP	2026-09-28T20:02:40.2658860Z [RUN_FASTLANE] › Compiling react-native-safe-area-context Pods/react-native-safe-area-context » RNCOnInsetsChangeEvent.m
Build iOS and Submit to TestFlight	UNKNOWN STEP	2026-09-28T20:02:40.2760620Z [RUN_FASTLANE] › Compiling react-native-screens Pods/RNScreens » UIScrollView+RNScreens.mm
Build iOS and Submit to TestFlight	UNKNOWN STEP	2026-09-28T20:02:41.9879540Z [RUN_FASTLANE] › Compiling react-native-screens Pods/RNScreens » UINavigationBar+RNSUtility.mm
Build iOS and Submit to TestFlight	UNKNOWN STEP	2026-09-28T20:02:42.0312420Z [RUN_FASTLANE] › Compiling react-native-screens Pods/RNScreens » RNScreensTurboModule.cpp
Build iOS and Submit to TestFlight	UNKNOWN STEP	2026-09-28T20:02:42.8913340Z [RUN_FASTLANE] › Compiling react-native-screens Pods/RNScreens » RNSTabsScreenViewController.mm
Build iOS and Submit to TestFlight	UNKNOWN STEP	2026-09-28T20:02:46.2615270Z [RUN_FASTLANE] › Compiling react-native-screens Pods/RNScreens » RNSTabsScreenEventEmitter.mm
Build iOS and Submit to TestFlight	UNKNOWN STEP	2026-09-28T20:02:46.2616550Z [RUN_FASTLANE] › Compiling react-native-screens Pods/RNScreens » RNSTabsScreenComponentView.mm
Build iOS and Submit to TestFlight	UNKNOWN STEP	2026-09-28T20:02:48.5206550Z [RUN_FASTLANE] › Compiling react-native-screens Pods/RNScreens » RNSTabsNavigationStateObserverRegistry.mm
Build iOS and Submit to TestFlight	UNKNOWN STEP	2026-09-28T20:02:50.1568770Z [RUN_FASTLANE] › Compiling react-native-screens Pods/RNScreens » RNSTabsNavigationState.mm
Build iOS and Submit to TestFlight	UNKNOWN STEP	2026-09-28T20:02:50.1675800Z [RUN_FASTLANE] › Compiling react-native-screens Pods/RNScreens » RNSTabsHostState.cpp
Build iOS and Submit to TestFlight	UNKNOWN STEP	2026-09-28T20:02:50.4738850Z [RUN_FASTLANE] › Compiling react-native-screens Pods/RNScreens » RNSTabsHostShadowNode.cpp
Build iOS and Submit to TestFlight	UNKNOWN STEP	2026-09-28T20:02:52.1482740Z [RUN_FASTLANE] › Compiling react-native-screens Pods/RNScreens » RNSTabsHostEventEmitter.mm
Build iOS and Submit to TestFlight	UNKNOWN STEP	2026-09-28T20:02:55.3023840Z [RUN_FASTLANE] › Compiling react-native-screens Pods/RNScreens » RNSTabsHostComponentView.mm
Build iOS and Submit to TestFlight	UNKNOWN STEP	2026-09-28T20:02:56.3275800Z [RUN_FASTLANE] › Compiling react-native-screens Pods/RNScreens » RNSTabsHostComponentView+RNSImageLoader.mm
Build iOS and Submit to TestFlight	UNKNOWN STEP	2026-09-28T20:02:56.6943010Z [RUN_FASTLANE] › Compiling react-native-screens Pods/RNScreens » RNSTabsBottomAccessoryShadowStateProxy.mm
Build iOS and Submit to TestFlight	UNKNOWN STEP	2026-09-28T20:02:57.4247250Z [RUN_FASTLANE] › Compiling react-native-screens Pods/RNScreens » RNSTabsBottomAccessoryShadowNode.cpp
Build iOS and Submit to TestFlight	UNKNOWN STEP	2026-09-28T20:03:00.4845790Z [RUN_FASTLANE] › Compiling react-native-screens Pods/RNScreens » RNSTabsBottomAccessoryHelper.mm
Build iOS and Submit to TestFlight	UNKNOWN STEP	2026-09-28T20:03:00.4947690Z [RUN_FASTLANE] › Compiling react-native-screens Pods/RNScreens » RNSTabsBottomAccessoryEventEmitter.mm
Build iOS and Submit to TestFlight	UNKNOWN STEP	2026-09-28T20:03:00.5050880Z [RUN_FASTLANE] › Compiling react-native-screens Pods/RNScreens » RNSTabsBottomAccessoryContentComponentView.mm
Build iOS and Submit to TestFlight	UNKNOWN STEP	2026-09-28T20:03:01.7270190Z [RUN_FASTLANE] › Compiling react-native-screens Pods/RNScreens » RNSTabsBottomAccessoryComponentView.mm
Build iOS and Submit to TestFlight	UNKNOWN STEP	2026-09-28T20:03:01.9503170Z [RUN_FASTLANE] › Compiling react-native-screens Pods/RNScreens » RNSTabBarController.mm
Build iOS and Submit to TestFlight	UNKNOWN STEP	2026-09-28T20:03:03.9834640Z [RUN_FASTLANE] › Compiling react-native-screens Pods/RNScreens » RNSTabBarAppearanceCoordinator.mm
Build iOS and Submit to TestFlight	UNKNOWN STEP	2026-09-28T20:03:06.3833090Z [RUN_FASTLANE] › Compiling react-native-screens Pods/RNScreens » RNSStackScreenState.cpp
Build iOS and Submit to TestFlight	UNKNOWN STEP	2026-09-28T20:03:06.3939270Z [RUN_FASTLANE] › Compiling react-native-screens Pods/RNScreens » RNSStackScreenShadowNode.cpp
Build iOS and Submit to TestFlight	UNKNOWN STEP	2026-09-28T20:03:07.2544520Z [RUN_FASTLANE] › Compiling react-native-screens Pods/RNScreens » RNSStackHeaderSubviewState.cpp
Build iOS and Submit to TestFlight	UNKNOWN STEP	2026-09-28T20:03:07.2648750Z [RUN_FASTLANE] › Compiling react-native-screens Pods/RNScreens » RNSStackHeaderSubviewShadowNode.cpp
Build iOS and Submit to TestFlight	UNKNOWN STEP	2026-09-28T20:03:08.6716400Z [RUN_FASTLANE] › Compiling react-native-screens Pods/RNScreens » RNSStackHeaderItemState.cpp
Build iOS and Submit to TestFlight	UNKNOWN STEP	2026-09-28T20:03:08.9139050Z [RUN_FASTLANE] › Compiling react-native-screens Pods/RNScreens » RNSStackHeaderItemShadowNode.cpp
Build iOS and Submit to TestFlight	UNKNOWN STEP	2026-09-28T20:03:10.4298740Z [RUN_FASTLANE] › Compiling react-native-screens Pods/RNScreens » RNSStackHeaderConfigState.cpp
Build iOS and Submit to TestFlight	UNKNOWN STEP	2026-09-28T20:03:11.2837970Z [RUN_FASTLANE] › Compiling react-native-screens Pods/RNScreens » RNSStackHeaderConfigShadowNode.cpp
Build iOS and Submit to TestFlight	UNKNOWN STEP	2026-09-28T20:03:12.6769560Z [RUN_FASTLANE] › Compiling react-native-screens Pods/RNScreens » RNSSplitScreenShadowNode.cpp
Build iOS and Submit to TestFlight	UNKNOWN STEP	2026-09-28T20:03:15.3809100Z [RUN_FASTLANE] › Compiling react-native-screens Pods/RNScreens » RNSSearchBar.mm
Build iOS and Submit to TestFlight	UNKNOWN STEP	2026-09-28T20:03:20.8279330Z [RUN_FASTLANE] › Compiling react-native-screens Pods/RNScreens » RNSScrollViewHelper.mm
Build iOS and Submit to TestFlight	UNKNOWN STEP	2026-09-28T20:03:20.8383290Z [RUN_FASTLANE] › Compiling react-native-screens Pods/RNScreens » RNSScrollViewFinder.mm
Build iOS and Submit to TestFlight	UNKNOWN STEP	2026-09-28T20:03:20.8486120Z [RUN_FASTLANE] › Compiling react-native-screens Pods/RNScreens » RNSScrollEdgeEffectApplicator.mm
Build iOS and Submit to TestFlight	UNKNOWN STEP	2026-09-28T20:03:20.8586470Z [RUN_FASTLANE] › Compiling react-native-screens Pods/RNScreens » RNSScreenWindowTraits.mm
Build iOS and Submit to TestFlight	UNKNOWN STEP	2026-09-28T20:03:21.5351250Z [RUN_FASTLANE] › Compiling react-native-screens Pods/RNScreens » RNSScreenViewEvent.mm
Build iOS and Submit to TestFlight	UNKNOWN STEP	2026-09-28T20:03:21.5481930Z [RUN_FASTLANE] › Compiling react-native-screens Pods/RNScreens » RNSScreenState.cpp
Build iOS and Submit to TestFlight	UNKNOWN STEP	2026-09-28T20:03:22.5757670Z [RUN_FASTLANE] › Compiling react-native-screens Pods/RNScreens » RNSScreenStackHeaderSubviewState.cpp
Build iOS and Submit to TestFlight	UNKNOWN STEP	2026-09-28T20:03:25.7289300Z [RUN_FASTLANE] › Compiling react-native-screens Pods/RNScreens » RNSScreenStackHeaderSubviewShadowNode.cpp
Build iOS and Submit to TestFlight	UNKNOWN STEP	2026-09-28T20:03:26.7504480Z [RUN_FASTLANE] › Compiling react-native-screens Pods/RNScreens » RNSScreenStackHeaderSubview.mm
Build iOS and Submit to TestFlight	UNKNOWN STEP	2026-09-28T20:03:28.7699070Z [RUN_FASTLANE] › Compiling react-native-screens Pods/RNScreens » RNSScreenStackHeaderConfigState.cpp
Build iOS and Submit to TestFlight	UNKNOWN STEP	2026-09-28T20:03:28.7802540Z [RUN_FASTLANE] › Compiling react-native-screens Pods/RNScreens » RNSScreenStackHeaderConfigShadowNode.cpp
Build iOS and Submit to TestFlight	UNKNOWN STEP	2026-09-28T20:03:29.6524950Z [RUN_FASTLANE] › Compiling react-native-screens Pods/RNScreens » RNSScreenStackHeaderConfig.mm
Build iOS and Submit to TestFlight	UNKNOWN STEP	2026-09-28T20:03:33.5853510Z [RUN_FASTLANE] › Compiling react-native-screens Pods/RNScreens » RNSScreenStackAnimator.mm
Build iOS and Submit to TestFlight	UNKNOWN STEP	2026-09-28T20:03:33.5959460Z [RUN_FASTLANE] › Compiling react-native-screens Pods/RNScreens » RNSScreenStack.mm
Build iOS and Submit to TestFlight	UNKNOWN STEP	2026-09-28T20:03:34.9006750Z [RUN_FASTLANE] › Compiling react-native-screens Pods/RNScreens » RNSScreenShadowNodeCommitHook.cpp
Build iOS and Submit to TestFlight	UNKNOWN STEP	2026-09-28T20:03:34.9102950Z [RUN_FASTLANE] › Compiling react-native-screens Pods/RNScreens » RNSScreenShadowNode.cpp
Build iOS and Submit to TestFlight	UNKNOWN STEP	2026-09-28T20:03:35.8674000Z [RUN_FASTLANE] › Compiling react-native-screens Pods/RNScreens » RNSScreenRemovalListener.cpp
Build iOS and Submit to TestFlight	UNKNOWN STEP	2026-09-28T20:03:36.0646620Z [RUN_FASTLANE] › Compiling react-native-screens Pods/RNScreens » RNSScreenNavigationContainer.mm
Build iOS and Submit to TestFlight	UNKNOWN STEP	2026-09-28T20:03:40.0905750Z [RUN_FASTLANE] › Compiling react-native-screens Pods/RNScreens » RNSScreenFooter.mm
Build iOS and Submit to TestFlight	UNKNOWN STEP	2026-09-28T20:03:40.4130030Z [RUN_FASTLANE] › Compiling react-native-screens Pods/RNScreens » RNSScreenContentWrapper.mm
Build iOS and Submit to TestFlight	UNKNOWN STEP	2026-09-28T20:03:40.5860090Z [RUN_FASTLANE] › Compiling react-native-screens Pods/RNScreens » RNSScreenContainer.mm
Build iOS and Submit to TestFlight	UNKNOWN STEP	2026-09-28T20:03:44.8826320Z [RUN_FASTLANE] › Compiling react-native-screens Pods/RNScreens » RNSScreen.mm
Build iOS and Submit to TestFlight	UNKNOWN STEP	2026-09-28T20:03:45.3993700Z [RUN_FASTLANE] › Compiling react-native-screens Pods/RNScreens » RNSSafeAreaViewState.cpp
Build iOS and Submit to TestFlight	UNKNOWN STEP	2026-09-28T20:03:45.4104300Z [RUN_FASTLANE] › Compiling react-native-screens Pods/RNScreens » RNSSafeAreaViewShadowNode.cpp
Build iOS and Submit to TestFlight	UNKNOWN STEP	2026-09-28T20:03:47.0337860Z [RUN_FASTLANE] › Compiling react-native-screens Pods/RNScreens » RNSSafeAreaViewComponentView.mm
Build iOS and Submit to TestFlight	UNKNOWN STEP	2026-09-28T20:03:48.1868210Z [RUN_FASTLANE] › Compiling react-native-screens Pods/RNScreens » RNSReactBaseView.mm
Build iOS and Submit to TestFlight	UNKNOWN STEP	2026-09-28T20:03:48.1991370Z [RUN_FASTLANE] › Compiling react-native-screens Pods/RNScreens » RNSPercentDrivenInteractiveTransition.mm
Build iOS and Submit to TestFlight	UNKNOWN STEP	2026-09-28T20:03:49.4597400Z [RUN_FASTLANE] › Compiling react-native-screens Pods/RNScreens » RNSParentContainerItemRegistry.mm
Build iOS and Submit to TestFlight	UNKNOWN STEP	2026-09-28T20:03:49.4714490Z [RUN_FASTLANE] › Compiling react-native-screens Pods/RNScreens » RNSModule.mm
Build iOS and Submit to TestFlight	UNKNOWN STEP	2026-09-28T20:03:50.4396990Z [RUN_FASTLANE] › Compiling react-native-screens Pods/RNScreens » RNSModalScreenShadowNode.cpp
Build iOS and Submit to TestFlight	UNKNOWN STEP	2026-09-28T20:03:50.4503660Z [RUN_FASTLANE] › Compiling react-native-screens Pods/RNScreens » RNSModalScreen.mm
Build iOS and Submit to TestFlight	UNKNOWN STEP	2026-09-28T20:03:53.3460120Z [RUN_FASTLANE] › Compiling react-native-screens Pods/RNScreens » RNSImageLoadingHelper.mm
Build iOS and Submit to TestFlight	UNKNOWN STEP	2026-09-28T20:03:53.3564060Z [RUN_FASTLANE] › Compiling react-native-screens Pods/RNScreens » RNSHeaderHeightChangeEvent.mm
Build iOS and Submit to TestFlight	UNKNOWN STEP	2026-09-28T20:03:53.3564920Z [RUN_FASTLANE] › Compiling react-native-screens Pods/RNScreens » RNSGammaStubs.mm
Build iOS and Submit to TestFlight	UNKNOWN STEP	2026-09-28T20:03:53.3673550Z [RUN_FASTLANE] › Compiling react-native-screens Pods/RNScreens » RNSFullWindowOverlayShadowNode.cpp
Build iOS and Submit to TestFlight	UNKNOWN STEP	2026-09-28T20:03:54.1156070Z [RUN_FASTLANE] › Compiling react-native-screens Pods/RNScreens » RNSFullWindowOverlay.mm
Build iOS and Submit to TestFlight	UNKNOWN STEP	2026-09-28T20:03:56.3906790Z [RUN_FASTLANE] › Compiling react-native-screens Pods/RNScreens » RNSFormSheetHostState.cpp
Build iOS and Submit to TestFlight	UNKNOWN STEP	2026-09-28T20:03:56.4013200Z [RUN_FASTLANE] › Compiling react-native-screens Pods/RNScreens » RNSFormSheetHostShadowNode.cpp
Build iOS and Submit to TestFlight	UNKNOWN STEP	2026-09-28T20:03:57.8016770Z [RUN_FASTLANE] › Compiling react-native-screens Pods/RNScreens » RNSConvert.mm
Build iOS and Submit to TestFlight	UNKNOWN STEP	2026-09-28T20:03:58.4252690Z [RUN_FASTLANE] › Compiling react-native-screens Pods/RNScreens » RNSConversions.mm
Build iOS and Submit to TestFlight	UNKNOWN STEP	2026-09-28T20:03:59.7990420Z [RUN_FASTLANE] › Compiling react-native-screens Pods/RNScreens » RNSConversions-Tabs.mm
Build iOS and Submit to TestFlight	UNKNOWN STEP	2026-09-28T20:04:00.9539950Z [RUN_FASTLANE] › Compiling react-native-screens Pods/RNScreens » RNSConversions-Stack.mm
Build iOS and Submit to TestFlight	UNKNOWN STEP	2026-09-28T20:04:00.9640660Z [RUN_FASTLANE] › Compiling react-native-screens Pods/RNScreens » RNSConversions-SplitView.mm
Build iOS and Submit to TestFlight	UNKNOWN STEP	2026-09-28T20:04:01.8939240Z [RUN_FASTLANE] › Compiling react-native-screens Pods/RNScreens » RNSConversions-ScrollViewMarker.mm
Build iOS and Submit to TestFlight	UNKNOWN STEP	2026-09-28T20:04:01.9040310Z [RUN_FASTLANE] › Compiling react-native-screens Pods/RNScreens » RNSConversions-Fabric.mm
Build iOS and Submit to TestFlight	UNKNOWN STEP	2026-09-28T20:04:03.3144940Z [RUN_FASTLANE] › Compiling react-native-screens Pods/RNScreens » RNSContainerItemSupport.mm
Build iOS and Submit to TestFlight	UNKNOWN STEP	2026-09-28T20:04:03.3248260Z [RUN_FASTLANE] › Compiling react-native-screens Pods/RNScreens » RNSContainerHelpers.mm
Build iOS and Submit to TestFlight	UNKNOWN STEP	2026-09-28T20:04:03.3353220Z [RUN_FASTLANE] › Compiling react-native-screens Pods/RNScreens » RNSBarButtonItem.mm
Build iOS and Submit to TestFlight	UNKNOWN STEP	2026-09-28T20:04:03.3456810Z [RUN_FASTLANE] › Compiling react-native-screens Pods/RNScreens » RNSBackBarButtonItem.mm
Build iOS and Submit to TestFlight	UNKNOWN STEP	2026-09-28T20:04:03.3570110Z [RUN_FASTLANE] › Compiling react-native-screens Pods/RNScreens » RCTSurfaceTouchHandler+RNSUtility.mm
Build iOS and Submit to TestFlight	UNKNOWN STEP	2026-09-28T20:04:03.3674650Z [RUN_FASTLANE] › Compiling react-native-screens Pods/RNScreens » RCTImageComponentView+RNSScreenStackHeaderConfig.mm
Build iOS and Submit to TestFlight	UNKNOWN STEP	2026-09-28T20:04:05.5967590Z [RUN_FASTLANE] › Compiling react-native-screens Pods/RNScreens » RCTConvert+RNSTabs.mm
Build iOS and Submit to TestFlight	UNKNOWN STEP	2026-09-28T20:04:05.6089250Z [RUN_FASTLANE] › Compiling react-native-screens Pods/RNScreens » NSString+RNSUtility.mm
Build iOS and Submit to TestFlight	UNKNOWN STEP	2026-09-28T20:04:05.6193700Z [RUN_FASTLANE] › Compiling react-native-reanimated Pods/RNReanimated » vectors.cpp
Build iOS and Submit to TestFlight	UNKNOWN STEP	2026-09-28T20:04:05.6299150Z [RUN_FASTLANE] › Compiling react-native-reanimated Pods/RNReanimated » translate.cpp
Build iOS and Submit to TestFlight	UNKNOWN STEP	2026-09-28T20:04:07.4272660Z [RUN_FASTLANE] › Compiling react-native-reanimated Pods/RNReanimated » steps.cpp
Build iOS and Submit to TestFlight	UNKNOWN STEP	2026-09-28T20:04:07.4371130Z [RUN_FASTLANE] › Compiling react-native-reanimated Pods/RNReanimated » skew.cpp
Build iOS and Submit to TestFlight	UNKNOWN STEP	2026-09-28T20:04:09.4569190Z [RUN_FASTLANE] › Compiling react-native-reanimated Pods/RNReanimated » scale.cpp
Build iOS and Submit to TestFlight	UNKNOWN STEP	2026-09-28T20:04:10.3378860Z [RUN_FASTLANE] › Compiling react-native-reanimated Pods/RNReanimated » rotate.cpp
Build iOS and Submit to TestFlight	UNKNOWN STEP	2026-09-28T20:04:11.3801540Z [RUN_FASTLANE] › Compiling react-native-reanimated Pods/RNReanimated » props.cpp
Build iOS and Submit to TestFlight	UNKNOWN STEP	2026-09-28T20:04:12.6241260Z [RUN_FASTLANE] › Compiling react-native-reanimated Pods/RNReanimated » platform.cpp
Build iOS and Submit to TestFlight	UNKNOWN STEP	2026-09-28T20:04:12.6344230Z [RUN_FASTLANE] › Compiling react-native-reanimated Pods/RNReanimated » perspective.cpp
Build iOS and Submit to TestFlight	UNKNOWN STEP	2026-09-28T20:04:14.0769470Z [RUN_FASTLANE] › Compiling react-native-reanimated Pods/RNReanimated » matrix.cpp
Build iOS and Submit to TestFlight	UNKNOWN STEP	2026-09-28T20:04:15.6767850Z [RUN_FASTLANE] › Compiling react-native-reanimated Pods/RNReanimated » linear.cpp
Build iOS and Submit to TestFlight	UNKNOWN STEP	2026-09-28T20:04:15.6873500Z [RUN_FASTLANE] › Compiling react-native-reanimated Pods/RNReanimated » interpolators.cpp
Build iOS and Submit to TestFlight	UNKNOWN STEP	2026-09-28T20:04:18.8159570Z [RUN_FASTLANE] › Compiling react-native-reanimated Pods/RNReanimated » cubicBezier.cpp
Build iOS and Submit to TestFlight	UNKNOWN STEP	2026-09-28T20:04:18.8164060Z [RUN_FASTLANE] › Compiling react-native-reanimated Pods/RNReanimated » common.cpp
Build iOS and Submit to TestFlight	UNKNOWN STEP	2026-09-28T20:04:19.5144370Z [RUN_FASTLANE] › Compiling react-native-reanimated Pods/RNReanimated » algorithms.cpp
Build iOS and Submit to TestFlight	UNKNOWN STEP	2026-09-28T20:04:19.5262850Z [RUN_FASTLANE] › Compiling react-native-reanimated Pods/RNReanimated » ViewStylesRepository.cpp
Build iOS and Submit to TestFlight	UNKNOWN STEP	2026-09-28T20:04:25.4296560Z [RUN_FASTLANE] › Compiling react-native-reanimated Pods/RNReanimated » ValueInterpolator.cpp
Build iOS and Submit to TestFlight	UNKNOWN STEP	2026-09-28T20:04:26.3506220Z [RUN_FASTLANE] › Compiling react-native-reanimated Pods/RNReanimated » UpdatesRegistryManager.cpp
Build iOS and Submit to TestFlight	UNKNOWN STEP	2026-09-28T20:04:26.8891400Z [RUN_FASTLANE] › Compiling react-native-reanimated Pods/RNReanimated » UpdatesRegistry.cpp
Build iOS and Submit to TestFlight	UNKNOWN STEP	2026-09-28T20:04:36.5481370Z [RUN_FASTLANE] › Compiling react-native-reanimated Pods/RNReanimated » UIRuntimeDecorator.cpp
Build iOS and Submit to TestFlight	UNKNOWN STEP	2026-09-28T20:04:37.3461070Z [RUN_FASTLANE] › Compiling react-native-reanimated Pods/RNReanimated » UIEventHandlerRegistry.cpp
Build iOS and Submit to TestFlight	UNKNOWN STEP	2026-09-28T20:04:37.3601840Z [RUN_FASTLANE] › Compiling react-native-reanimated Pods/RNReanimated » UIEventHandler.cpp
Build iOS and Submit to TestFlight	UNKNOWN STEP	2026-09-28T20:04:37.3684500Z [RUN_FASTLANE] › Compiling react-native-reanimated Pods/RNReanimated » TransitionStyleInterpolator.cpp
Build iOS and Submit to TestFlight	UNKNOWN STEP	2026-09-28T20:04:42.9605630Z [RUN_FASTLANE] › Compiling react-native-reanimated Pods/RNReanimated » TransitionProgressProvider.cpp
Build iOS and Submit to TestFlight	UNKNOWN STEP	2026-09-28T20:04:42.9717780Z [RUN_FASTLANE] › Compiling react-native-reanimated Pods/RNReanimated » TransformsStyleInterpolator.cpp
Build iOS and Submit to TestFlight	UNKNOWN STEP	2026-09-28T20:04:44.7996830Z [RUN_FASTLANE] › Compiling react-native-reanimated Pods/RNReanimated » TransformOperationInterpolator.cpp
Build iOS and Submit to TestFlight	UNKNOWN STEP	2026-09-28T20:04:48.6030990Z [RUN_FASTLANE] › Compiling react-native-reanimated Pods/RNReanimated » TransformOperation.cpp
Build iOS and Submit to TestFlight	UNKNOWN STEP	2026-09-28T20:04:48.6665070Z [RUN_FASTLANE] › Compiling react-native-reanimated Pods/RNReanimated » TransformOp.cpp
Build iOS and Submit to TestFlight	UNKNOWN STEP	2026-09-28T20:04:48.6770200Z [RUN_FASTLANE] › Compiling react-native-reanimated Pods/RNReanimated » TransformMatrix3D.cpp
Build iOS and Submit to TestFlight	UNKNOWN STEP	2026-09-28T20:04:52.7216860Z [RUN_FASTLANE] › Compiling react-native-reanimated Pods/RNReanimated » TransformMatrix2D.cpp
Build iOS and Submit to TestFlight	UNKNOWN STEP	2026-09-28T20:04:52.7328110Z [RUN_FASTLANE] › Compiling react-native-reanimated Pods/RNReanimated » TransformMatrix.cpp
Build iOS and Submit to TestFlight	UNKNOWN STEP	2026-09-28T20:04:52.7443490Z [RUN_FASTLANE] › Compiling react-native-reanimated Pods/RNReanimated » SynchronousPropsBufferSerializer.cpp
Build iOS and Submit to TestFlight	UNKNOWN STEP	2026-09-28T20:04:52.7569580Z [RUN_FASTLANE] › Compiling react-native-reanimated Pods/RNReanimated » StyleOperationInterpolator.cpp
Build iOS and Submit to TestFlight	UNKNOWN STEP	2026-09-28T20:04:56.9027910Z [RUN_FASTLANE] › Compiling react-native-reanimated Pods/RNReanimated » StyleOperation.cpp
Build iOS and Submit to TestFlight	UNKNOWN STEP	2026-09-28T20:04:56.9538130Z [RUN_FASTLANE] › Compiling react-native-reanimated Pods/RNReanimated » StaticPropsRegistry.cpp
Build iOS and Submit to TestFlight	UNKNOWN STEP	2026-09-28T20:04:57.1487620Z [RUN_FASTLANE] › Compiling react-native-reanimated Pods/RNReanimated » SimpleValueInterpolator.cpp
Build iOS and Submit to TestFlight	UNKNOWN STEP	2026-09-28T20:05:03.4236400Z [RUN_FASTLANE] › Compiling react-native-reanimated Pods/RNReanimated » SharedTransitions.cpp
Build iOS and Submit to TestFlight	UNKNOWN STEP	2026-09-28T20:05:04.6796850Z [RUN_FASTLANE] › Compiling react-native-reanimated Pods/RNReanimated » ShadowTreeCloner.cpp
Build iOS and Submit to TestFlight	UNKNOWN STEP	2026-09-28T20:05:04.6896300Z [RUN_FASTLANE] › Compiling react-native-reanimated Pods/RNReanimated » SetGestureState.mm
Build iOS and Submit to TestFlight	UNKNOWN STEP	2026-09-28T20:05:04.6998390Z [RUN_FASTLANE] › Compiling react-native-reanimated Pods/RNReanimated » SVGStrokeDashArray.cpp
Build iOS and Submit to TestFlight	UNKNOWN STEP	2026-09-28T20:05:06.8931860Z [RUN_FASTLANE] › Compiling react-native-reanimated Pods/RNReanimated » SVGStops.cpp
Build iOS and Submit to TestFlight	UNKNOWN STEP	2026-09-28T20:05:07.3264930Z [RUN_FASTLANE] › Compiling react-native-reanimated Pods/RNReanimated » SVGPath.cpp
Build iOS and Submit to TestFlight	UNKNOWN STEP	2026-09-28T20:05:09.9032780Z [RUN_FASTLANE] › Compiling react-native-reanimated Pods/RNReanimated » SVGBrush.cpp
Build iOS and Submit to TestFlight	UNKNOWN STEP	2026-09-28T20:05:10.2965830Z [RUN_FASTLANE] › Compiling react-native-reanimated Pods/RNReanimated » ResolvableValueInterpolator.cpp
Build iOS and Submit to TestFlight	UNKNOWN STEP	2026-09-28T20:05:10.9318310Z [RUN_FASTLANE] › Compiling react-native-reanimated Pods/RNReanimated » RecordPropertiesInterpolator.cpp
Build iOS and Submit to TestFlight	UNKNOWN STEP	2026-09-28T20:05:13.8956940Z [RUN_FASTLANE] › Compiling react-native-reanimated Pods/RNReanimated » ReanimatedVersion.cpp
Build iOS and Submit to TestFlight	UNKNOWN STEP	2026-09-28T20:05:13.8958600Z [RUN_FASTLANE] › Compiling react-native-reanimated Pods/RNReanimated » ReanimatedMountHook.cpp
Build iOS and Submit to TestFlight	UNKNOWN STEP	2026-09-28T20:05:14.3715460Z [RUN_FASTLANE] › Compiling react-native-reanimated Pods/RNReanimated » ReanimatedModuleProxy.cpp
Build iOS and Submit to TestFlight	UNKNOWN STEP	2026-09-28T20:05:25.2774710Z [RUN_FASTLANE] › Compiling react-native-reanimated Pods/RNReanimated » ReanimatedModule.mm
Build iOS and Submit to TestFlight	UNKNOWN STEP	2026-09-28T20:05:25.2873630Z [RUN_FASTLANE] › Compiling react-native-reanimated Pods/RNReanimated » ReanimatedCommitHook.cpp
Build iOS and Submit to TestFlight	UNKNOWN STEP	2026-09-28T20:05:25.2973090Z [RUN_FASTLANE] › Compiling react-native-reanimated Pods/RNReanimated » RawProgressProvider.cpp
Build iOS and Submit to TestFlight	UNKNOWN STEP	2026-09-28T20:05:25.3076950Z [RUN_FASTLANE] › Compiling react-native-reanimated Pods/RNReanimated » RNRuntimeDecorator.cpp
Build iOS and Submit to TestFlight	UNKNOWN STEP	2026-09-28T20:05:25.6656890Z [RUN_FASTLANE] › Compiling react-native-reanimated Pods/RNReanimated » REASlowAnimations.mm
Build iOS and Submit to TestFlight	UNKNOWN STEP	2026-09-28T20:05:25.6775890Z [RUN_FASTLANE] › Compiling react-native-reanimated Pods/RNReanimated » REASharedTransitionBoundaryView.mm
Build iOS and Submit to TestFlight	UNKNOWN STEP	2026-09-28T20:05:28.0285010Z [RUN_FASTLANE] › Compiling react-native-reanimated Pods/RNReanimated » REASharedTransitionBoundaryShadowNode.cpp
Build iOS and Submit to TestFlight	UNKNOWN STEP	2026-09-28T20:05:29.1594570Z [RUN_FASTLANE] › Compiling react-native-reanimated Pods/RNReanimated » REAPseudoSelectorObserver.mm
Build iOS and Submit to TestFlight	UNKNOWN STEP	2026-09-28T20:05:29.1723460Z [RUN_FASTLANE] › Compiling react-native-reanimated Pods/RNReanimated » REAPseudoSelectorAttachQueue.mm
Build iOS and Submit to TestFlight	UNKNOWN STEP	2026-09-28T20:05:31.4869760Z [RUN_FASTLANE] › Compiling react-native-reanimated Pods/RNReanimated » REANodesManager.mm
Build iOS and Submit to TestFlight	UNKNOWN STEP	2026-09-28T20:05:31.5387990Z [RUN_FASTLANE] › Compiling react-native-reanimated Pods/RNReanimated » REAKeyboardEventObserver.mm
Build iOS and Submit to TestFlight	UNKNOWN STEP	2026-09-28T20:05:31.5493660Z [RUN_FASTLANE] › Compiling react-native-reanimated Pods/RNReanimated » REACSSPlatformTransitions.mm
Build iOS and Submit to TestFlight	UNKNOWN STEP	2026-09-28T20:05:34.2906400Z [RUN_FASTLANE] › Compiling react-native-reanimated Pods/RNReanimated » REACSSPlatformProps.mm
Build iOS and Submit to TestFlight	UNKNOWN STEP	2026-09-28T20:05:34.5427060Z [RUN_FASTLANE] › Compiling react-native-reanimated Pods/RNReanimated » Quaternion.cpp
Build iOS and Submit to TestFlight	UNKNOWN STEP	2026-09-28T20:05:34.5529040Z [RUN_FASTLANE] › Compiling react-native-reanimated Pods/RNReanimated » PseudoStylesRegistry.cpp
Build iOS and Submit to TestFlight	UNKNOWN STEP	2026-09-28T20:05:36.4338420Z [RUN_FASTLANE] › Compiling react-native-reanimated Pods/RNReanimated » PropsDiffer.cpp
Build iOS and Submit to TestFlight	UNKNOWN STEP	2026-09-28T20:05:38.0551300Z [RUN_FASTLANE] › Compiling react-native-reanimated Pods/RNReanimated » PropertyInterpolator.cpp
Build iOS and Submit to TestFlight	UNKNOWN STEP	2026-09-28T20:05:38.0655620Z [RUN_FASTLANE] › Compiling react-native-reanimated Pods/RNReanimated » PropValueProcessor.cpp
Build iOS and Submit to TestFlight	UNKNOWN STEP	2026-09-28T20:05:39.8674200Z [RUN_FASTLANE] › Compiling react-native-reanimated Pods/RNReanimated » PlatformDepMethodsHolderImpl.mm
Build iOS and Submit to TestFlight	UNKNOWN STEP	2026-09-28T20:05:48.9281380Z [RUN_FASTLANE] › Compiling react-native-reanimated Pods/RNReanimated » OperationsStyleInterpolator.cpp
Build iOS and Submit to TestFlight	UNKNOWN STEP	2026-09-28T20:05:48.9358250Z [RUN_FASTLANE] › Compiling react-native-reanimated Pods/RNReanimated » OperationsLoop.cpp
Build iOS and Submit to TestFlight	UNKNOWN STEP	2026-09-28T20:05:48.9462600Z [RUN_FASTLANE] › Compiling react-native-reanimated Pods/RNReanimated » NativeProxy.mm
Build iOS and Submit to TestFlight	UNKNOWN STEP	2026-09-28T20:05:56.7449510Z [RUN_FASTLANE] › Compiling react-native-reanimated Pods/RNReanimated » LayoutAnimationsUtils.cpp
Build iOS and Submit to TestFlight	UNKNOWN STEP	2026-09-28T20:05:56.7552320Z [RUN_FASTLANE] › Compiling react-native-reanimated Pods/RNReanimated » LayoutAnimationsProxy_Legacy.cpp
Build iOS and Submit to TestFlight	UNKNOWN STEP	2026-09-28T20:06:00.2899080Z [RUN_FASTLANE] › Compiling react-native-reanimated Pods/RNReanimated » LayoutAnimationsProxy_Experimental.cpp
Build iOS and Submit to TestFlight	UNKNOWN STEP	2026-09-28T20:06:03.4999080Z [RUN_FASTLANE] › Compiling react-native-reanimated Pods/RNReanimated » LayoutAnimationsProxyCommon.cpp
Build iOS and Submit to TestFlight	UNKNOWN STEP	2026-09-28T20:06:03.5103970Z [RUN_FASTLANE] › Compiling react-native-reanimated Pods/RNReanimated » LayoutAnimationsManager.cpp
Build iOS and Submit to TestFlight	UNKNOWN STEP	2026-09-28T20:06:03.6077790Z [RUN_FASTLANE] › Compiling react-native-reanimated Pods/RNReanimated » InterpolatorRegistry.cpp
Build iOS and Submit to TestFlight	UNKNOWN STEP	2026-09-28T20:06:13.0870540Z [RUN_FASTLANE] › Compiling react-native-reanimated Pods/RNReanimated » InterpolatorFactory.cpp
Build iOS and Submit to TestFlight	UNKNOWN STEP	2026-09-28T20:06:13.0975280Z [RUN_FASTLANE] › Compiling react-native-reanimated Pods/RNReanimated » GroupPropertiesInterpolator.cpp
Build iOS and Submit to TestFlight	UNKNOWN STEP	2026-09-28T20:06:13.1080480Z [RUN_FASTLANE] › Compiling react-native-reanimated Pods/RNReanimated » FilterStyleInterpolator.cpp
Build iOS and Submit to TestFlight	UNKNOWN STEP	2026-09-28T20:06:14.3087480Z [RUN_FASTLANE] › Compiling react-native-reanimated Pods/RNReanimated » FilterOperationInterpolator.cpp
Build iOS and Submit to TestFlight	UNKNOWN STEP	2026-09-28T20:06:14.3191000Z [RUN_FASTLANE] › Compiling react-native-reanimated Pods/RNReanimated » FilterOperation.cpp
Build iOS and Submit to TestFlight	UNKNOWN STEP	2026-09-28T20:06:17.8304250Z [RUN_FASTLANE] › Compiling react-native-reanimated Pods/RNReanimated » FilterOp.cpp
Build iOS and Submit to TestFlight	UNKNOWN STEP	2026-09-28T20:06:17.8401810Z [RUN_FASTLANE] › Compiling react-native-reanimated Pods/RNReanimated » FeatureFlags.cpp
Build iOS and Submit to TestFlight	UNKNOWN STEP	2026-09-28T20:06:17.8505260Z [RUN_FASTLANE] › Compiling react-native-reanimated Pods/RNReanimated » EasingFunctions.cpp
Build iOS and Submit to TestFlight	UNKNOWN STEP	2026-09-28T20:06:18.4641100Z [RUN_FASTLANE] › Compiling react-native-reanimated Pods/RNReanimated » EasingConfigs.cpp
Build iOS and Submit to TestFlight	UNKNOWN STEP	2026-09-28T20:06:18.5026860Z [RUN_FASTLANE] › Compiling react-native-reanimated Pods/RNReanimated » CSSValueVariant.cpp
Build iOS and Submit to TestFlight	UNKNOWN STEP	2026-09-28T20:06:26.1912770Z [RUN_FASTLANE] › Compiling react-native-reanimated Pods/RNReanimated » CSSTransitionsRegistry.cpp
Build iOS and Submit to TestFlight	UNKNOWN STEP	2026-09-28T20:06:26.2015630Z [RUN_FASTLANE] › Compiling react-native-reanimated Pods/RNReanimated » CSSTransitionConfig.cpp
Build iOS and Submit to TestFlight	UNKNOWN STEP	2026-09-28T20:06:26.2117830Z [RUN_FASTLANE] › Compiling react-native-reanimated Pods/RNReanimated » CSSTransition.cpp
Build iOS and Submit to TestFlight	UNKNOWN STEP	2026-09-28T20:06:26.3817950Z [RUN_FASTLANE] › Compiling react-native-reanimated Pods/RNReanimated » CSSPlatformTransitionProxy.cpp
Build iOS and Submit to TestFlight	UNKNOWN STEP	2026-09-28T20:06:27.0830840Z [RUN_FASTLANE] › Compiling react-native-reanimated Pods/RNReanimated » CSSNumber.cpp
Build iOS and Submit to TestFlight	UNKNOWN STEP	2026-09-28T20:06:30.6112960Z [RUN_FASTLANE] › Compiling react-native-reanimated Pods/RNReanimated » CSSLoopTransition.cpp
Build iOS and Submit to TestFlight	UNKNOWN STEP	2026-09-28T20:06:31.4717330Z [RUN_FASTLANE] › Compiling react-native-reanimated Pods/RNReanimated » CSSLoopAnimation.cpp
Build iOS and Submit to TestFlight	UNKNOWN STEP	2026-09-28T20:06:32.6114330Z [RUN_FASTLANE] › Compiling react-native-reanimated Pods/RNReanimated » CSSLengthVector.cpp
Build iOS and Submit to TestFlight	UNKNOWN STEP	2026-09-28T20:06:37.1760180Z [RUN_FASTLANE] › Compiling react-native-reanimated Pods/RNReanimated » CSSLengthArray.cpp
Build iOS and Submit to TestFlight	UNKNOWN STEP	2026-09-28T20:06:37.2583570Z [RUN_FASTLANE] › Compiling react-native-reanimated Pods/RNReanimated » CSSLength.cpp
Build iOS and Submit to TestFlight	UNKNOWN STEP	2026-09-28T20:06:38.1366790Z [RUN_FASTLANE] › Compiling react-native-reanimated Pods/RNReanimated » CSSKeyword.cpp
Build iOS and Submit to TestFlight	UNKNOWN STEP	2026-09-28T20:06:41.0163150Z [RUN_FASTLANE] › Compiling react-native-reanimated Pods/RNReanimated » CSSKeyframesRegistry.cpp
Build iOS and Submit to TestFlight	UNKNOWN STEP	2026-09-28T20:06:41.5037980Z [RUN_FASTLANE] › Compiling react-native-reanimated Pods/RNReanimated » CSSKeyframesConfig.cpp
Build iOS and Submit to TestFlight	UNKNOWN STEP	2026-09-28T20:06:42.4008820Z [RUN_FASTLANE] › Compiling react-native-reanimated Pods/RNReanimated » CSSDropShadow.cpp
Build iOS and Submit to TestFlight	UNKNOWN STEP	2026-09-28T20:06:45.4722700Z [RUN_FASTLANE] › Compiling react-native-reanimated Pods/RNReanimated » CSSDiscreteArray.cpp
Build iOS and Submit to TestFlight	UNKNOWN STEP	2026-09-28T20:06:45.7460440Z [RUN_FASTLANE] › Compiling react-native-reanimated Pods/RNReanimated » CSSColor.cpp
Build iOS and Submit to TestFlight	UNKNOWN STEP	2026-09-28T20:06:46.6816420Z [RUN_FASTLANE] › Compiling react-native-reanimated Pods/RNReanimated » CSSBoxShadow.cpp
Build iOS and Submit to TestFlight	UNKNOWN STEP	2026-09-28T20:06:50.2501210Z [RUN_FASTLANE] › Compiling react-native-reanimated Pods/RNReanimated » CSSBoolean.cpp
Build iOS and Submit to TestFlight	UNKNOWN STEP	2026-09-28T20:06:50.2619370Z [RUN_FASTLANE] › Compiling react-native-reanimated Pods/RNReanimated » CSSAnimationsRegistry.cpp
Build iOS and Submit to TestFlight	UNKNOWN STEP	2026-09-28T20:06:51.3169270Z [RUN_FASTLANE] › Compiling react-native-reanimated Pods/RNReanimated » CSSAnimationsGroup.cpp
Build iOS and Submit to TestFlight	UNKNOWN STEP	2026-09-28T20:06:53.7308080Z [RUN_FASTLANE] › Compiling react-native-reanimated Pods/RNReanimated » CSSAnimationConfig.cpp
Build iOS and Submit to TestFlight	UNKNOWN STEP	2026-09-28T20:06:55.4626050Z [RUN_FASTLANE] › Compiling react-native-reanimated Pods/RNReanimated » CSSAnimation.cpp
Build iOS and Submit to TestFlight	UNKNOWN STEP	2026-09-28T20:06:55.7272880Z [RUN_FASTLANE] › Compiling react-native-reanimated Pods/RNReanimated » CSSAngle.cpp
Build iOS and Submit to TestFlight	UNKNOWN STEP	2026-09-28T20:07:02.3849310Z [RUN_FASTLANE] › Compiling react-native-reanimated Pods/RNReanimated » ArrayPropertiesInterpolator.cpp
Build iOS and Submit to TestFlight	UNKNOWN STEP	2026-09-28T20:07:02.3955040Z [RUN_FASTLANE] › Compiling react-native-reanimated Pods/RNReanimated » AnimationStyleInterpolatorFactory.cpp
Build iOS and Submit to TestFlight	UNKNOWN STEP	2026-09-28T20:07:03.0204290Z [RUN_FASTLANE] › Compiling react-native-reanimated Pods/RNReanimated » AnimationStyleInterpolator.cpp
Build iOS and Submit to TestFlight	UNKNOWN STEP	2026-09-28T20:07:11.7069540Z [RUN_FASTLANE] › Compiling react-native-reanimated Pods/RNReanimated » AnimationProgressProvider.cpp
Build iOS and Submit to TestFlight	UNKNOWN STEP	2026-09-28T20:07:11.7155610Z [RUN_FASTLANE] › Compiling react-native-reanimated Pods/RNReanimated » AnimatedSensorModule.cpp
Build iOS and Submit to TestFlight	UNKNOWN STEP	2026-09-28T20:07:13.9742120Z [RUN_FASTLANE] › Compiling react-native-reanimated Pods/RNReanimated » AnimatedPropsRegistry.cpp
Build iOS and Submit to TestFlight	UNKNOWN STEP	2026-09-28T20:07:18.3759790Z [RUN_FASTLANE] › Compiling @react-native-async-storage/async-storage Pods/RNCAsyncStorage » RNCAsyncStorage-dummy.m
Build iOS and Submit to TestFlight	UNKNOWN STEP	2026-09-28T20:07:18.4134270Z [RUN_FASTLANE] › Compiling react-native-screens Pods/RNScreens » RNScreens-dummy.m
Build iOS and Submit to TestFlight	UNKNOWN STEP	2026-09-28T20:07:20.2394480Z [RUN_FASTLANE] › Compiling react-native-svg Pods/RNSVG » RNSVG-dummy.m
Build iOS and Submit to TestFlight	UNKNOWN STEP	2026-09-28T20:07:21.9410240Z [RUN_FASTLANE] › Compiling react-native-worklets Pods/RNWorklets » RNWorklets-dummy.m
Build iOS and Submit to TestFlight	UNKNOWN STEP	2026-09-28T20:08:10.0129060Z [RUN_FASTLANE] › Compiling react-native-reanimated Pods/RNReanimated » RNReanimated-dummy.m
Build iOS and Submit to TestFlight	UNKNOWN STEP	2026-09-28T20:08:10.0323720Z [RUN_FASTLANE] › Compiling react-native-reanimated Pods/RNReanimated » ReanimatedSensorContainer.m
Build iOS and Submit to TestFlight	UNKNOWN STEP	2026-09-28T20:08:10.0439340Z [RUN_FASTLANE] › Compiling react-native-reanimated Pods/RNReanimated » ReanimatedSensor.m
Build iOS and Submit to TestFlight	UNKNOWN STEP	2026-09-28T20:08:10.0545750Z [RUN_FASTLANE] › Compiling react-native-reanimated Pods/RNReanimated » RCTUIView+Reanimated.m
Build iOS and Submit to TestFlight	UNKNOWN STEP	2026-09-28T20:08:10.0648480Z [RUN_FASTLANE] › Packaging react-native-safe-area-context Pods/react-native-safe-area-context » libreact-native-safe-area-context.a
Build iOS and Submit to TestFlight	UNKNOWN STEP	2026-09-28T20:08:10.0760540Z [RUN_FASTLANE] › Packaging NGNflow Pods/ReactAppDependencyProvider » libReactAppDependencyProvider.a
Build iOS and Submit to TestFlight	UNKNOWN STEP	2026-09-28T20:08:10.0909380Z [RUN_FASTLANE] › Packaging react-native-worklets Pods/RNWorklets » libRNWorklets.a
Build iOS and Submit to TestFlight	UNKNOWN STEP	2026-09-28T20:08:10.1020220Z [RUN_FASTLANE] › Packaging react-native-screens Pods/RNScreens » libRNScreens.a
Build iOS and Submit to TestFlight	UNKNOWN STEP	2026-09-28T20:08:10.1170710Z [RUN_FASTLANE] › Packaging react-native-svg Pods/RNSVG » libRNSVG.a
Build iOS and Submit to TestFlight	UNKNOWN STEP	2026-09-28T20:08:10.1172910Z [RUN_FASTLANE] › Packaging @react-native-async-storage/async-storage Pods/RNCAsyncStorage » libRNCAsyncStorage.a
Build iOS and Submit to TestFlight	UNKNOWN STEP	2026-09-28T20:08:10.1275320Z [RUN_FASTLANE] › Executing react-native-screens Pods/RNScreens » Copy generated compatibility header
Build iOS and Submit to TestFlight	UNKNOWN STEP	2026-09-28T20:08:10.1395830Z [RUN_FASTLANE] › Packaging react-native-reanimated Pods/RNReanimated » libRNReanimated.a
Build iOS and Submit to TestFlight	UNKNOWN STEP	2026-09-28T20:08:10.1536260Z [RUN_FASTLANE] › Compiling expo-modules-core Pods/ExpoModulesCore » TypedArray.cpp
Build iOS and Submit to TestFlight	UNKNOWN STEP	2026-09-28T20:08:13.0089980Z [RUN_FASTLANE] › Compiling expo-modules-core Pods/ExpoModulesCore » SwiftUIVirtualViewObjCDev.mm
Build iOS and Submit to TestFlight	UNKNOWN STEP	2026-09-28T20:08:21.2301950Z [RUN_FASTLANE] › Compiling expo-modules-core Pods/ExpoModulesCore » SwiftUIVirtualViewObjC.mm
Build iOS and Submit to TestFlight	UNKNOWN STEP	2026-09-28T20:08:21.2421830Z [RUN_FASTLANE] › Compiling expo-modules-core Pods/ExpoModulesCore » SharedRef.cpp
Build iOS and Submit to TestFlight	UNKNOWN STEP	2026-09-28T20:08:21.2611170Z [RUN_FASTLANE] › Compiling expo-modules-core Pods/ExpoModulesCore » SharedObject.cpp
Build iOS and Submit to TestFlight	UNKNOWN STEP	2026-09-28T20:08:21.2661050Z [RUN_FASTLANE] › Compiling expo-modules-core Pods/ExpoModulesCore » ObjectDeallocator.cpp
Build iOS and Submit to TestFlight	UNKNOWN STEP	2026-09-28T20:08:21.7275490Z [RUN_FASTLANE] › Compiling expo-modules-core Pods/ExpoModulesCore » NativeModule.cpp
Build iOS and Submit to TestFlight	UNKNOWN STEP	2026-09-28T20:08:23.3676550Z [RUN_FASTLANE] › Compiling expo-modules-core Pods/ExpoModulesCore » MemoryBuffer.cpp
Build iOS and Submit to TestFlight	UNKNOWN STEP	2026-09-28T20:08:23.3808990Z [RUN_FASTLANE] › Compiling expo-modules-core Pods/ExpoModulesCore » LazyObject.cpp
Build iOS and Submit to TestFlight	UNKNOWN STEP	2026-09-28T20:08:23.9045040Z [RUN_FASTLANE] › Compiling expo-modules-core Pods/ExpoModulesCore » JSIUtils.cpp
Build iOS and Submit to TestFlight	UNKNOWN STEP	2026-09-28T20:08:26.6158150Z [RUN_FASTLANE] › Compiling expo-modules-core Pods/ExpoModulesCore » ExpoViewState.cpp
Build iOS and Submit to TestFlight	UNKNOWN STEP	2026-09-28T20:08:26.6280250Z [RUN_FASTLANE] › Compiling expo-modules-core Pods/ExpoModulesCore » ExpoViewShadowNode.cpp
Build iOS and Submit to TestFlight	UNKNOWN STEP	2026-09-28T20:08:28.4795610Z [RUN_FASTLANE] › Compiling expo-modules-core Pods/ExpoModulesCore » ExpoViewProps.cpp
Build iOS and Submit to TestFlight	UNKNOWN STEP	2026-09-28T20:08:29.0549430Z [RUN_FASTLANE] › Compiling expo-modules-core Pods/ExpoModulesCore » ExpoViewEventEmitter.cpp
Build iOS and Submit to TestFlight	UNKNOWN STEP	2026-09-28T20:08:29.3021320Z [RUN_FASTLANE] › Compiling expo-modules-core Pods/ExpoModulesCore » ExpoFabricViewObjC.mm
Build iOS and Submit to TestFlight	UNKNOWN STEP	2026-09-28T20:08:34.3286380Z [RUN_FASTLANE] › Compiling expo-modules-core Pods/ExpoModulesCore » EventEmitter.cpp
Build iOS and Submit to TestFlight	UNKNOWN STEP	2026-09-28T20:08:34.3366190Z [RUN_FASTLANE] › Compiling expo-modules-core Pods/ExpoModulesCore » EXSharedObjectUtils.mm
Build iOS and Submit to TestFlight	UNKNOWN STEP	2026-09-28T20:08:34.3469450Z [RUN_FASTLANE] › Compiling expo-modules-core Pods/ExpoModulesCore » EXReactSchedulerDispatch.mm
Build iOS and Submit to TestFlight	UNKNOWN STEP	2026-09-28T20:08:35.2738420Z [RUN_FASTLANE] › Compiling expo-modules-core Pods/ExpoModulesCore » EXReactNativeAdapter.mm
Build iOS and Submit to TestFlight	UNKNOWN STEP	2026-09-28T20:08:35.6535580Z [RUN_FASTLANE] › Compiling expo-modules-core Pods/ExpoModulesCore » EXReactDelegateWrapper.mm
Build iOS and Submit to TestFlight	UNKNOWN STEP	2026-09-28T20:08:36.1582530Z [RUN_FASTLANE] › Compiling expo-modules-core Pods/ExpoModulesCore » EXOptimizedFunctionUtils.mm
Build iOS and Submit to TestFlight	UNKNOWN STEP	2026-09-28T20:08:41.7636300Z [RUN_FASTLANE] › Compiling expo-modules-core Pods/ExpoModulesCore » EXJSUtils.mm
Build iOS and Submit to TestFlight	UNKNOWN STEP	2026-09-28T20:08:41.7751490Z [RUN_FASTLANE] › Compiling expo-modules-core Pods/ExpoModulesCore » EXJSIInstaller.mm
Build iOS and Submit to TestFlight	UNKNOWN STEP	2026-09-28T20:08:41.7856340Z [RUN_FASTLANE] › Compiling expo-modules-core Pods/ExpoModulesCore » EXJSIConversions.mm
Build iOS and Submit to TestFlight	UNKNOWN STEP	2026-09-28T20:08:41.9484210Z [RUN_FASTLANE] › Compiling expo-modules-core Pods/ExpoModulesCore » EXHostWrapper.mm
Build iOS and Submit to TestFlight	UNKNOWN STEP	2026-09-28T20:08:47.9888100Z [RUN_FASTLANE] › Compiling expo-modules-core Pods/ExpoModulesCore » EXContentOriginRegistry.mm
Build iOS and Submit to TestFlight	UNKNOWN STEP	2026-09-28T20:08:49.5773650Z [RUN_FASTLANE] › Compiling expo-modules-core Pods/ExpoModulesCore » EXUtilities.m
Build iOS and Submit to TestFlight	UNKNOWN STEP	2026-09-28T20:08:49.7703700Z [RUN_FASTLANE] › Compiling expo-modules-core Pods/ExpoModulesCore » EXSingletonModule.m
Build iOS and Submit to TestFlight	UNKNOWN STEP	2026-09-28T20:08:49.7816950Z [RUN_FASTLANE] › Compiling expo-modules-core Pods/ExpoModulesCore » EXReactNativeUserNotificationCenterProxy.m
Build iOS and Submit to TestFlight	UNKNOWN STEP	2026-09-28T20:08:49.7926200Z [RUN_FASTLANE] › Compiling expo-modules-core Pods/ExpoModulesCore » ExpoModulesCore-dummy.m
Build iOS and Submit to TestFlight	UNKNOWN STEP	2026-09-28T20:08:49.8059580Z [RUN_FASTLANE] › Compiling expo-modules-core Pods/ExpoModulesCore » EXPermissionsService.m
Build iOS and Submit to TestFlight	UNKNOWN STEP	2026-09-28T20:08:49.8177870Z [RUN_FASTLANE] › Compiling expo-modules-core Pods/ExpoModulesCore » EXPermissionsMethodsDelegate.m
Build iOS and Submit to TestFlight	UNKNOWN STEP	2026-09-28T20:08:49.8283170Z [RUN_FASTLANE] › Compiling expo-modules-core Pods/ExpoModulesCore » EXModuleRegistryProvider.m
Build iOS and Submit to TestFlight	UNKNOWN STEP	2026-09-28T20:08:49.8741890Z [RUN_FASTLANE] › Compiling expo-modules-core Pods/ExpoModulesCore » EXModuleRegistryHolderReactModule.m
Build iOS and Submit to TestFlight	UNKNOWN STEP	2026-09-28T20:08:49.8845840Z [RUN_FASTLANE] › Compiling expo-modules-core Pods/ExpoModulesCore » EXModuleRegistryAdapter.m
Build iOS and Submit to TestFlight	UNKNOWN STEP	2026-09-28T20:08:49.8993830Z [RUN_FASTLANE] › Compiling expo-modules-core Pods/ExpoModulesCore » EXModuleRegistry.m
Build iOS and Submit to TestFlight	UNKNOWN STEP	2026-09-28T20:08:50.0138630Z [RUN_FASTLANE] › Compiling expo-modules-core Pods/ExpoModulesCore » EXImageLoader.m
Build iOS and Submit to TestFlight	UNKNOWN STEP	2026-09-28T20:08:50.0704030Z [RUN_FASTLANE] › Compiling expo-modules-core Pods/ExpoModulesCore » EXExportedModule.m
Build iOS and Submit to TestFlight	UNKNOWN STEP	2026-09-28T20:08:50.0815490Z [RUN_FASTLANE] › Compiling expo-modules-core Pods/ExpoModulesCore » EXAppDefines.m
Build iOS and Submit to TestFlight	UNKNOWN STEP	2026-09-28T20:08:50.1005270Z [RUN_FASTLANE] › Compiling expo-modules-core Pods/ExpoModulesCore » CoreModuleHelper.m
Build iOS and Submit to TestFlight	UNKNOWN STEP	2026-09-28T20:08:50.1107430Z [RUN_FASTLANE] › Packaging expo-modules-core Pods/ExpoModulesCore » libExpoModulesCore.a
Build iOS and Submit to TestFlight	UNKNOWN STEP	2026-09-28T20:08:50.6380150Z [RUN_FASTLANE] › Executing expo-modules-core Pods/ExpoModulesCore » Copy generated compatibility header
Build iOS and Submit to TestFlight	UNKNOWN STEP	2026-09-28T20:09:13.9401300Z [RUN_FASTLANE] › Compiling expo-modules-core Pods/ExpoModulesWorklets » WorkletRuntimeResolver.mm
Build iOS and Submit to TestFlight	UNKNOWN STEP	2026-09-28T20:09:13.9526070Z [RUN_FASTLANE] › Compiling expo-secure-store Pods/ExpoSecureStore » ExpoSecureStore-dummy.m
Build iOS and Submit to TestFlight	UNKNOWN STEP	2026-09-28T20:09:13.9643360Z [RUN_FASTLANE] › Compiling expo-modules-core Pods/ExpoModulesWorklets » WorkletRuntimeHandle.mm
Build iOS and Submit to TestFlight	UNKNOWN STEP	2026-09-28T20:09:13.9785680Z [RUN_FASTLANE] › Compiling expo-modules-core Pods/ExpoModulesWorklets » WorkletIntegrationLoader.mm
Build iOS and Submit to TestFlight	UNKNOWN STEP	2026-09-28T20:09:14.2759150Z [RUN_FASTLANE] › Compiling expo-modules-core Pods/ExpoModulesWorklets » SerializableExtractor.mm
Build iOS and Submit to TestFlight	UNKNOWN STEP	2026-09-28T20:09:14.4392810Z [RUN_FASTLANE] › Compiling expo-modules-core Pods/ExpoModulesWorklets » EXWorkletsProvider.mm
Build iOS and Submit to TestFlight	UNKNOWN STEP	2026-09-28T20:09:14.5423370Z [RUN_FASTLANE] › Compiling expo-modules-core Pods/ExpoModulesWorklets » EXJavaScriptSerializable.mm
Build iOS and Submit to TestFlight	UNKNOWN STEP	2026-09-28T20:09:15.9268010Z [RUN_FASTLANE] › Compiling expo-notifications Pods/ExpoNotifications » ExpoNotifications-dummy.m
Build iOS and Submit to TestFlight	UNKNOWN STEP	2026-09-28T20:09:15.9368640Z [RUN_FASTLANE] › Compiling expo-modules-core Pods/ExpoModulesWorklets » ExpoModulesWorklets-dummy.m
Build iOS and Submit to TestFlight	UNKNOWN STEP	2026-09-28T20:09:15.9470730Z [RUN_FASTLANE] › Compiling expo-keep-awake Pods/ExpoKeepAwake » ExpoKeepAwake-dummy.m
Build iOS and Submit to TestFlight	UNKNOWN STEP	2026-09-28T20:09:16.7237880Z [RUN_FASTLANE] › Compiling expo-font Pods/ExpoFont » ExpoFont-dummy.m
Build iOS and Submit to TestFlight	UNKNOWN STEP	2026-09-28T20:09:16.7722310Z [RUN_FASTLANE] › Compiling expo Pods/ExpoFileSystem » EXTaskHandlersManager.m
Build iOS and Submit to TestFlight	UNKNOWN STEP	2026-09-28T20:09:16.8424880Z [RUN_FASTLANE] › Compiling expo-file-system Pods/ExpoFileSystem » ExpoFileSystem-dummy.m
Build iOS and Submit to TestFlight	UNKNOWN STEP	2026-09-28T20:09:16.8467880Z [RUN_FASTLANE] › Compiling expo Pods/ExpoFileSystem » NSData+EXFileSystem.m
Build iOS and Submit to TestFlight	UNKNOWN STEP	2026-09-28T20:09:16.8806750Z [RUN_FASTLANE] › Compiling expo Pods/ExpoFileSystem » EXSessionUploadTaskDelegate.m
Build iOS and Submit to TestFlight	UNKNOWN STEP	2026-09-28T20:09:16.9134580Z [RUN_FASTLANE] › Compiling expo Pods/ExpoFileSystem » EXSessionTaskDelegate.m
Build iOS and Submit to TestFlight	UNKNOWN STEP	2026-09-28T20:09:16.9555580Z [RUN_FASTLANE] › Compiling expo Pods/ExpoFileSystem » EXSessionTaskDispatcher.m
Build iOS and Submit to TestFlight	UNKNOWN STEP	2026-09-28T20:09:16.9857040Z [RUN_FASTLANE] › Compiling expo Pods/ExpoFileSystem » EXSessionResumableDownloadTaskDelegate.m
Build iOS and Submit to TestFlight	UNKNOWN STEP	2026-09-28T20:09:17.0173630Z [RUN_FASTLANE] › Compiling expo Pods/ExpoFileSystem » EXSessionHandler.m
Build iOS and Submit to TestFlight	UNKNOWN STEP	2026-09-28T20:09:17.5962030Z [RUN_FASTLANE] › Compiling expo Pods/ExpoFileSystem » EXSessionDownloadTaskDelegate.m
Build iOS and Submit to TestFlight	UNKNOWN STEP	2026-09-28T20:09:17.6078600Z [RUN_FASTLANE] › Compiling expo Pods/ExpoFileSystem » EXSessionCancelableUploadTaskDelegate.m
Build iOS and Submit to TestFlight	UNKNOWN STEP	2026-09-28T20:09:18.7343580Z [RUN_FASTLANE] › Compiling @expo/dom-webview Pods/ExpoDomWebView » ExpoDomWebView-dummy.m
Build iOS and Submit to TestFlight	UNKNOWN STEP	2026-09-28T20:09:18.7446640Z [RUN_FASTLANE] › Compiling expo-device Pods/ExpoDevice » ExpoDevice-dummy.m
Build iOS and Submit to TestFlight	UNKNOWN STEP	2026-09-28T20:09:19.7029930Z [RUN_FASTLANE] › Compiling expo-clipboard Pods/ExpoClipboard » ExpoClipboard-dummy.m
Build iOS and Submit to TestFlight	UNKNOWN STEP	2026-09-28T20:09:19.7039040Z [RUN_FASTLANE] › Compiling expo Pods/Expo » ExpoReactNativeFactory.mm
Build iOS and Submit to TestFlight	UNKNOWN STEP	2026-09-28T20:09:26.8424370Z [RUN_FASTLANE] › Compiling expo Pods/Expo » EXReactRootViewFactory.mm
Build iOS and Submit to TestFlight	UNKNOWN STEP	2026-09-28T20:09:26.8443280Z [RUN_FASTLANE] › Compiling expo Pods/Expo » EXBundleConfiguration.mm
Build iOS and Submit to TestFlight	UNKNOWN STEP	2026-09-28T20:09:26.8462730Z [RUN_FASTLANE] › Compiling expo-asset Pods/ExpoAsset » ExpoAsset-dummy.m
Build iOS and Submit to TestFlight	UNKNOWN STEP	2026-09-28T20:09:26.9569920Z [RUN_FASTLANE] › Compiling expo Pods/Expo » Expo-dummy.m
Build iOS and Submit to TestFlight	UNKNOWN STEP	2026-09-28T20:09:26.9696640Z [RUN_FASTLANE] › Compiling expo Pods/ExpoFileSystem » EXFileSystemLocalFileHandler.m
Build iOS and Submit to TestFlight	UNKNOWN STEP	2026-09-28T20:09:27.2105120Z [RUN_FASTLANE] › Compiling expo Pods/ExpoFileSystem » EXFileSystemAssetLibraryHandler.m
Build iOS and Submit to TestFlight	UNKNOWN STEP	2026-09-28T20:09:28.7164080Z [RUN_FASTLANE] › Compiling expo-application Pods/EXApplication » EXApplication-dummy.m
Build iOS and Submit to TestFlight	UNKNOWN STEP	2026-09-28T20:09:29.5239450Z [RUN_FASTLANE] › Compiling expo-application Pods/EXApplication » EXProvisioningProfile.m
Build iOS and Submit to TestFlight	UNKNOWN STEP	2026-09-28T20:09:29.5241450Z [RUN_FASTLANE] › Packaging expo-secure-store Pods/ExpoSecureStore » libExpoSecureStore.a
Build iOS and Submit to TestFlight	UNKNOWN STEP	2026-09-28T20:09:29.5351330Z [RUN_FASTLANE] › Packaging expo-notifications Pods/ExpoNotifications » libExpoNotifications.a
Build iOS and Submit to TestFlight	UNKNOWN STEP	2026-09-28T20:09:29.5456230Z [RUN_FASTLANE] › Packaging expo-modules-core Pods/ExpoModulesWorklets » libExpoModulesWorklets.a
Build iOS and Submit to TestFlight	UNKNOWN STEP	2026-09-28T20:09:29.5583930Z [RUN_FASTLANE] › Packaging expo-keep-awake Pods/ExpoKeepAwake » libExpoKeepAwake.a
Build iOS and Submit to TestFlight	UNKNOWN STEP	2026-09-28T20:09:29.5725890Z [RUN_FASTLANE] › Packaging expo-font Pods/ExpoFont » libExpoFont.a
Build iOS and Submit to TestFlight	UNKNOWN STEP	2026-09-28T20:09:29.5774850Z [RUN_FASTLANE] › Packaging expo-file-system Pods/ExpoFileSystem » libExpoFileSystem.a
Build iOS and Submit to TestFlight	UNKNOWN STEP	2026-09-28T20:09:29.5906590Z [RUN_FASTLANE] › Packaging @expo/dom-webview Pods/ExpoDomWebView » libExpoDomWebView.a
Build iOS and Submit to TestFlight	UNKNOWN STEP	2026-09-28T20:09:29.6035620Z [RUN_FASTLANE] › Packaging expo-device Pods/ExpoDevice » libExpoDevice.a
Build iOS and Submit to TestFlight	UNKNOWN STEP	2026-09-28T20:09:29.6186800Z [RUN_FASTLANE] › Packaging expo-clipboard Pods/ExpoClipboard » libExpoClipboard.a
Build iOS and Submit to TestFlight	UNKNOWN STEP	2026-09-28T20:09:29.6337300Z [RUN_FASTLANE] › Packaging expo-asset Pods/ExpoAsset » libExpoAsset.a
Build iOS and Submit to TestFlight	UNKNOWN STEP	2026-09-28T20:09:29.6480980Z [RUN_FASTLANE] › Executing expo-constants Pods/EXConstants » [CP-User] Generate app.config for prebuilt Constants.manifest
Build iOS and Submit to TestFlight	UNKNOWN STEP	2026-09-28T20:09:30.6547670Z [RUN_FASTLANE] › Packaging expo-application Pods/EXApplication » libEXApplication.a
Build iOS and Submit to TestFlight	UNKNOWN STEP	2026-09-28T20:09:30.6675700Z [RUN_FASTLANE] › Executing expo-secure-store Pods/ExpoSecureStore » Copy generated compatibility header
Build iOS and Submit to TestFlight	UNKNOWN STEP	2026-09-28T20:09:30.6865530Z [RUN_FASTLANE] › Executing expo-notifications Pods/ExpoNotifications » Copy generated compatibility header
Build iOS and Submit to TestFlight	UNKNOWN STEP	2026-09-28T20:09:30.7193330Z [RUN_FASTLANE] › Executing expo-modules-core Pods/ExpoModulesWorklets » Copy generated compatibility header
Build iOS and Submit to TestFlight	UNKNOWN STEP	2026-09-28T20:09:30.7449510Z [RUN_FASTLANE] › Executing expo-keep-awake Pods/ExpoKeepAwake » Copy generated compatibility header
Build iOS and Submit to TestFlight	UNKNOWN STEP	2026-09-28T20:09:30.7781560Z [RUN_FASTLANE] › Executing expo-font Pods/ExpoFont » Copy generated compatibility header
Build iOS and Submit to TestFlight	UNKNOWN STEP	2026-09-28T20:09:30.7980500Z [RUN_FASTLANE] › Executing expo-file-system Pods/ExpoFileSystem » Copy generated compatibility header
Build iOS and Submit to TestFlight	UNKNOWN STEP	2026-09-28T20:09:30.8318620Z [RUN_FASTLANE] › Executing @expo/dom-webview Pods/ExpoDomWebView » Copy generated compatibility header
Build iOS and Submit to TestFlight	UNKNOWN STEP	2026-09-28T20:09:30.8431050Z [RUN_FASTLANE] › Executing expo-device Pods/ExpoDevice » Copy generated compatibility header
Build iOS and Submit to TestFlight	UNKNOWN STEP	2026-09-28T20:09:30.8653090Z [RUN_FASTLANE] › Executing expo-clipboard Pods/ExpoClipboard » Copy generated compatibility header
Build iOS and Submit to TestFlight	UNKNOWN STEP	2026-09-28T20:09:30.8690170Z [RUN_FASTLANE] › Executing expo-asset Pods/ExpoAsset » Copy generated compatibility header
Build iOS and Submit to TestFlight	UNKNOWN STEP	2026-09-28T20:09:30.8893210Z [RUN_FASTLANE] › Executing expo-application Pods/EXApplication » Copy generated compatibility header
Build iOS and Submit to TestFlight	UNKNOWN STEP	2026-09-28T20:09:33.2519160Z [RUN_FASTLANE] › Compiling expo-modules-core Pods/ExpoModulesWorkletsAdapter » ExpoWorkletsBridgeProvider.mm
Build iOS and Submit to TestFlight	UNKNOWN STEP	2026-09-28T20:09:37.1799520Z [RUN_FASTLANE] › Compiling expo-modules-core Pods/ExpoModulesWorkletsAdapter » ExpoModulesWorkletsAdapter-dummy.m
Build iOS and Submit to TestFlight	UNKNOWN STEP	2026-09-28T20:09:37.1870610Z [RUN_FASTLANE] › Compiling expo Pods/Expo » EXLegacyAppDelegateWrapper.m
Build iOS and Submit to TestFlight	UNKNOWN STEP	2026-09-28T20:09:37.2071380Z [RUN_FASTLANE] › Compiling expo Pods/Expo » EXAppDelegatesLoader.m
Build iOS and Submit to TestFlight	UNKNOWN STEP	2026-09-28T20:09:37.2076480Z [RUN_FASTLANE] › Compiling expo Pods/Expo » EXAppDefinesLoader.m
Build iOS and Submit to TestFlight	UNKNOWN STEP	2026-09-28T20:09:37.2077510Z [RUN_FASTLANE] › Compiling expo-constants Pods/EXConstants » EXConstantsService.m
Build iOS and Submit to TestFlight	UNKNOWN STEP	2026-09-28T20:09:37.3826710Z [RUN_FASTLANE] › Compiling expo-constants Pods/EXConstants » EXConstantsInstallationIdProvider.m
Build iOS and Submit to TestFlight	UNKNOWN STEP	2026-09-28T20:09:37.3947890Z [RUN_FASTLANE] › Packaging expo Pods/Expo » libExpo.a
Build iOS and Submit to TestFlight	UNKNOWN STEP	2026-09-28T20:09:37.4076370Z [RUN_FASTLANE] › Executing expo Pods/Expo » Copy generated compatibility header
Build iOS and Submit to TestFlight	UNKNOWN STEP	2026-09-28T20:09:37.4608680Z [RUN_FASTLANE] › Compiling expo-constants Pods/EXConstants » EXConstants-dummy.m
Build iOS and Submit to TestFlight	UNKNOWN STEP	2026-09-28T20:09:37.4661680Z [RUN_FASTLANE] › Packaging expo-constants Pods/EXConstants » libEXConstants.a
Build iOS and Submit to TestFlight	UNKNOWN STEP	2026-09-28T20:09:37.4670350Z [RUN_FASTLANE] › Packaging expo-modules-core Pods/ExpoModulesWorkletsAdapter » libExpoModulesWorkletsAdapter.a
Build iOS and Submit to TestFlight	UNKNOWN STEP	2026-09-28T20:09:37.4727430Z [RUN_FASTLANE] › Executing expo-constants Pods/EXConstants » Copy generated compatibility header
Build iOS and Submit to TestFlight	UNKNOWN STEP	2026-09-28T20:09:39.9287970Z [RUN_FASTLANE] › Compiling Pods/Pods-NGNflow » Pods-NGNflow-dummy.m
Build iOS and Submit to TestFlight	UNKNOWN STEP	2026-09-28T20:09:39.9818470Z [RUN_FASTLANE] › Packaging Pods/Pods-NGNflow » libPods-NGNflow.a
Build iOS and Submit to TestFlight	UNKNOWN STEP	2026-09-28T20:09:39.9944460Z [RUN_FASTLANE] › Executing NGNflow » [CP] Check Pods Manifest.lock
Build iOS and Submit to TestFlight	UNKNOWN STEP	2026-09-28T20:09:40.0912560Z [RUN_FASTLANE] › Executing NGNflow » [Expo] Configure project
Build iOS and Submit to TestFlight	UNKNOWN STEP	2026-09-28T20:09:44.3931980Z [RUN_FASTLANE] › Copying   ios/build/Build/Intermediates.noindex/ArchiveIntermediates/NGNflow/InstallationBuildProductsLocation/Applications/NGNflow.app/PrivacyInfo.xcprivacy ➜ ../../../../../var/folders/nj/vtw8zd2j31d1gdrtntc5y4600000gn/T/eas-build-local-nodejs/82a724e3-2a52-4f73-8bcd-0bb33776effe/build/ios/NGNflow/PrivacyInfo.xcprivacy
Build iOS and Submit to TestFlight	UNKNOWN STEP	2026-09-28T20:09:44.4038930Z [RUN_FASTLANE] › Copying   ios/NGNflow/Supporting/Expo.plist ➜ ./Expo.plist
Build iOS and Submit to TestFlight	UNKNOWN STEP	2026-09-28T20:09:44.4143800Z [RUN_FASTLANE] › Compiling NGNflow » SplashScreen.storyboard
Build iOS and Submit to TestFlight	UNKNOWN STEP	2026-09-28T20:10:02.8842120Z [RUN_FASTLANE] › Preparing NGNflow » Info.plist
Build iOS and Submit to TestFlight	UNKNOWN STEP	2026-09-28T20:10:03.3724310Z [RUN_FASTLANE] › Compiling NGNflow » NGNflow_vers.c
Build iOS and Submit to TestFlight	UNKNOWN STEP	2026-09-28T20:10:03.4348350Z [RUN_FASTLANE] › Linking   NGNflow » NGNflow
Build iOS and Submit to TestFlight	UNKNOWN STEP	2026-09-28T20:10:04.6460480Z [RUN_FASTLANE] ⚠️  ld: ignoring duplicate libraries: '-lc++'
Build iOS and Submit to TestFlight	UNKNOWN STEP	2026-09-28T20:10:04.7161770Z [RUN_FASTLANE] › Executing NGNflow » Bundle React Native code and images
Build iOS and Submit to TestFlight	UNKNOWN STEP	2026-09-28T20:10:23.6959290Z [RUN_FASTLANE] › Generating debug NGNflow » NGNflow.app.dSYM
Build iOS and Submit to TestFlight	UNKNOWN STEP	2026-09-28T20:10:23.6960900Z [RUN_FASTLANE] › Executing NGNflow » [CP] Copy Pods Resources
Build iOS and Submit to TestFlight	UNKNOWN STEP	2026-09-28T20:10:26.5385810Z [RUN_FASTLANE] › Executing NGNflow » [CP] Embed Pods Frameworks
Build iOS and Submit to TestFlight	UNKNOWN STEP	2026-09-28T20:10:28.2388590Z [RUN_FASTLANE] › Signing   NGNflow » NGNflow.app
Build iOS and Submit to TestFlight	UNKNOWN STEP	2026-09-28T20:10:28.4237740Z [RUN_FASTLANE] › Creating  NGNflow » NGNflow.app
Build iOS and Submit to TestFlight	UNKNOWN STEP	2026-09-28T20:10:29.4698140Z [RUN_FASTLANE] › Archive Succeeded
Build iOS and Submit to TestFlight	UNKNOWN STEP	2026-09-28T20:10:30.4728600Z [RUN_FASTLANE] Generated plist file with the following values:
Build iOS and Submit to TestFlight	UNKNOWN STEP	2026-09-28T20:10:30.4866630Z [RUN_FASTLANE] ▸ -----------------------------------------
Build iOS and Submit to TestFlight	UNKNOWN STEP	2026-09-28T20:10:30.4939660Z [RUN_FASTLANE] ▸ {
Build iOS and Submit to TestFlight	UNKNOWN STEP	2026-09-28T20:10:30.5043160Z [RUN_FASTLANE] ▸   "method": "app-store",
Build iOS and Submit to TestFlight	UNKNOWN STEP	2026-09-28T20:10:30.5145750Z [RUN_FASTLANE] ▸   "provisioningProfiles": {
Build iOS and Submit to TestFlight	UNKNOWN STEP	2026-09-28T20:10:30.5247420Z [RUN_FASTLANE] ▸     "com.olamicreas.ngnflow": "58d9281e-4bc0-4d8c-b03a-424f1e87b755"
Build iOS and Submit to TestFlight	UNKNOWN STEP	2026-09-28T20:10:30.5349060Z [RUN_FASTLANE] ▸   },
Build iOS and Submit to TestFlight	UNKNOWN STEP	2026-09-28T20:10:30.5451130Z [RUN_FASTLANE] ▸   "signingStyle": "manual"
Build iOS and Submit to TestFlight	UNKNOWN STEP	2026-09-28T20:10:30.5553160Z [RUN_FASTLANE] ▸ }
Build iOS and Submit to TestFlight	UNKNOWN STEP	2026-09-28T20:10:30.5657560Z [RUN_FASTLANE] ▸ -----------------------------------------
Build iOS and Submit to TestFlight	UNKNOWN STEP	2026-09-28T20:10:30.5740570Z [RUN_FASTLANE] $ /usr/bin/xcrun /opt/homebrew/lib/ruby/gems/3.3.0/gems/fastlane-2.239.0/gym/lib/assets/wrap_xcodebuild/xcbuild-safe.sh -exportArchive -exportOptionsPlist '/var/folders/nj/vtw8zd2j31d1gdrtntc5y4600000gn/T/gym_config20260928-16249-u7c5pm.plist' -archivePath /Users/runner/Library/Developer/Xcode/Archives/2026-09-28/NGNflow\ 2026-09-28\ 19.58.10.xcarchive -exportPath '/var/folders/nj/vtw8zd2j31d1gdrtntc5y4600000gn/T/gym_output20260928-16249-l85kpm' OTHER_CODE_SIGN_FLAGS="--keychain /var/folders/nj/vtw8zd2j31d1gdrtntc5y4600000gn/T/eas-build-d046d706-7927-423b-b5c5-2b27f9a01d93.keychain"
Build iOS and Submit to TestFlight	UNKNOWN STEP	2026-09-28T20:10:38.1128890Z [RUN_FASTLANE] Compressing 2 dSYM(s)
Build iOS and Submit to TestFlight	UNKNOWN STEP	2026-09-28T20:10:38.1133880Z [RUN_FASTLANE] $ cd '/Users/runner/Library/Developer/Xcode/Archives/2026-09-28/NGNflow 2026-09-28 19.58.10.xcarchive/dSYMs' && zip -r '/private/var/folders/nj/vtw8zd2j31d1gdrtntc5y4600000gn/T/eas-build-local-nodejs/82a724e3-2a52-4f73-8bcd-0bb33776effe/build/ios/build/NGNflow.app.dSYM.zip' *.dSYM
Build iOS and Submit to TestFlight	UNKNOWN STEP	2026-09-28T20:10:42.1888630Z [RUN_FASTLANE] ▸   adding: ExpoModulesJSI.framework.dSYM/ (stored 0%)
Build iOS and Submit to TestFlight	UNKNOWN STEP	2026-09-28T20:10:42.1915500Z [RUN_FASTLANE] ▸   adding: ExpoModulesJSI.framework.dSYM/Contents/ (stored 0%)
Build iOS and Submit to TestFlight	UNKNOWN STEP	2026-09-28T20:10:42.1916680Z [RUN_FASTLANE] ▸   adding: ExpoModulesJSI.framework.dSYM/Contents/Resources/ (stored 0%)
Build iOS and Submit to TestFlight	UNKNOWN STEP	2026-09-28T20:10:42.1917790Z [RUN_FASTLANE] ▸   adding: ExpoModulesJSI.framework.dSYM/Contents/Resources/Relocations/ (stored 0%)
Build iOS and Submit to TestFlight	UNKNOWN STEP	2026-09-28T20:10:42.1921080Z [RUN_FASTLANE] ▸   adding: ExpoModulesJSI.framework.dSYM/Contents/Resources/Relocations/aarch64/ (stored 0%)
Build iOS and Submit to TestFlight	UNKNOWN STEP	2026-09-28T20:10:42.1923280Z [RUN_FASTLANE] ▸   adding: ExpoModulesJSI.framework.dSYM/Contents/Resources/Relocations/aarch64/ExpoModulesJSI.yml (deflated 87%)
Build iOS and Submit to TestFlight	UNKNOWN STEP	2026-09-28T20:10:42.1924490Z [RUN_FASTLANE] ▸   adding: ExpoModulesJSI.framework.dSYM/Contents/Resources/DWARF/ (stored 0%)
Build iOS and Submit to TestFlight	UNKNOWN STEP	2026-09-28T20:10:42.1925890Z [RUN_FASTLANE] ▸   adding: ExpoModulesJSI.framework.dSYM/Contents/Resources/DWARF/ExpoModulesJSI (deflated 74%)
Build iOS and Submit to TestFlight	UNKNOWN STEP	2026-09-28T20:10:42.1926910Z [RUN_FASTLANE] ▸   adding: ExpoModulesJSI.framework.dSYM/Contents/Info.plist (deflated 52%)
Build iOS and Submit to TestFlight	UNKNOWN STEP	2026-09-28T20:10:42.1927900Z [RUN_FASTLANE] ▸   adding: NGNflow.app.dSYM/ (stored 0%)
Build iOS and Submit to TestFlight	UNKNOWN STEP	2026-09-28T20:10:42.1928900Z [RUN_FASTLANE] ▸   adding: NGNflow.app.dSYM/Contents/ (stored 0%)
Build iOS and Submit to TestFlight	UNKNOWN STEP	2026-09-28T20:10:42.1929860Z [RUN_FASTLANE] ▸   adding: NGNflow.app.dSYM/Contents/Resources/ (stored 0%)
Build iOS and Submit to TestFlight	UNKNOWN STEP	2026-09-28T20:10:42.1931390Z [RUN_FASTLANE] ▸   adding: NGNflow.app.dSYM/Contents/Resources/Relocations/ (stored 0%)
Build iOS and Submit to TestFlight	UNKNOWN STEP	2026-09-28T20:10:42.1933110Z [RUN_FASTLANE] ▸   adding: NGNflow.app.dSYM/Contents/Resources/Relocations/aarch64/ (stored 0%)
Build iOS and Submit to TestFlight	UNKNOWN STEP	2026-09-28T20:10:42.1934130Z [RUN_FASTLANE] ▸   adding: NGNflow.app.dSYM/Contents/Resources/Relocations/aarch64/NGNflow.yml (deflated 91%)
Build iOS and Submit to TestFlight	UNKNOWN STEP	2026-09-28T20:10:42.1935050Z [RUN_FASTLANE] ▸   adding: NGNflow.app.dSYM/Contents/Resources/DWARF/ (stored 0%)
Build iOS and Submit to TestFlight	UNKNOWN STEP	2026-09-28T20:10:42.1936750Z [RUN_FASTLANE] ▸   adding: NGNflow.app.dSYM/Contents/Resources/DWARF/NGNflow (deflated 74%)
Build iOS and Submit to TestFlight	UNKNOWN STEP	2026-09-28T20:10:42.1937930Z [RUN_FASTLANE] ▸   adding: NGNflow.app.dSYM/Contents/Info.plist (deflated 52%)
Build iOS and Submit to TestFlight	UNKNOWN STEP	2026-09-28T20:10:42.1938400Z [RUN_FASTLANE] 
Build iOS and Submit to TestFlight	UNKNOWN STEP	2026-09-28T20:10:42.1939240Z [RUN_FASTLANE] Successfully exported and compressed dSYM file
Build iOS and Submit to TestFlight	UNKNOWN STEP	2026-09-28T20:10:42.2006280Z [RUN_FASTLANE] Successfully exported and signed the ipa file:
Build iOS and Submit to TestFlight	UNKNOWN STEP	2026-09-28T20:10:42.2008490Z [RUN_FASTLANE] /private/var/folders/nj/vtw8zd2j31d1gdrtntc5y4600000gn/T/eas-build-local-nodejs/82a724e3-2a52-4f73-8bcd-0bb33776effe/build/ios/build/NGNflow.ipa
Build iOS and Submit to TestFlight	UNKNOWN STEP	2026-09-28T20:10:42.6231490Z [CLEAN_UP_CREDENTIALS] Destroying keychain - /var/folders/nj/vtw8zd2j31d1gdrtntc5y4600000gn/T/eas-build-d046d706-7927-423b-b5c5-2b27f9a01d93.keychain
Build iOS and Submit to TestFlight	UNKNOWN STEP	2026-09-28T20:10:45.9749160Z [CLEAN_UP_CREDENTIALS] Removing provisioning profile
Build iOS and Submit to TestFlight	UNKNOWN STEP	2026-09-28T20:10:45.9793880Z [PARSE_XCACTIVITYLOG] Local builds skip build performance analysis.
Build iOS and Submit to TestFlight	UNKNOWN STEP	2026-09-28T20:10:45.9868280Z [UPLOAD_APPLICATION_ARCHIVE] Application archives:
Build iOS and Submit to TestFlight	UNKNOWN STEP	2026-09-28T20:10:45.9870040Z [UPLOAD_APPLICATION_ARCHIVE]   - /var/folders/nj/vtw8zd2j31d1gdrtntc5y4600000gn/T/eas-build-local-nodejs/82a724e3-2a52-4f73-8bcd-0bb33776effe/build/ios/build/NGNflow.ipa (13.7 MB)
Build iOS and Submit to TestFlight	UNKNOWN STEP	2026-09-28T20:10:45.9872470Z [UPLOAD_APPLICATION_ARCHIVE] Uploading application archive...
Build iOS and Submit to TestFlight	UNKNOWN STEP	2026-09-28T20:10:45.9889770Z [PREPARE_ARTIFACTS] Preparing artifacts
Build iOS and Submit to TestFlight	UNKNOWN STEP	2026-09-28T20:10:46.0186780Z [PREPARE_ARTIFACTS] Writing artifacts to /Users/runner/work/NGNflow/NGNflow/build.ipa
Build iOS and Submit to TestFlight	UNKNOWN STEP	2026-09-28T20:10:46.0187910Z [SAVE_CACHE] Local builds do not support saving cache.
Build iOS and Submit to TestFlight	UNKNOWN STEP	2026-09-28T20:10:46.0255900Z 
Build iOS and Submit to TestFlight	UNKNOWN STEP	2026-09-28T20:10:46.0259890Z Skipping cleanup, /var/folders/nj/vtw8zd2j31d1gdrtntc5y4600000gn/T/eas-build-local-nodejs/82a724e3-2a52-4f73-8bcd-0bb33776effe won't be removed.
Build iOS and Submit to TestFlight	UNKNOWN STEP	2026-09-28T20:10:46.0260850Z Build successful
Build iOS and Submit to TestFlight	UNKNOWN STEP	2026-09-28T20:10:46.0264100Z You can find the build artifacts in /Users/runner/work/NGNflow/NGNflow/build.ipa
Build iOS and Submit to TestFlight	UNKNOWN STEP	2026-09-28T20:10:46.4561740Z ##[group]Run eas submit --platform ios --path build.ipa --non-interactive
Build iOS and Submit to TestFlight	UNKNOWN STEP	2026-09-28T20:10:46.4565220Z ^[[36;1meas submit --platform ios --path build.ipa --non-interactive^[[0m
Build iOS and Submit to TestFlight	UNKNOWN STEP	2026-09-28T20:10:46.7912010Z shell: /bin/bash -e {0}
Build iOS and Submit to TestFlight	UNKNOWN STEP	2026-09-28T20:10:46.7912280Z env:
Build iOS and Submit to TestFlight	UNKNOWN STEP	2026-09-28T20:10:46.7913290Z   EXPO_TOKEN: ***
Build iOS and Submit to TestFlight	UNKNOWN STEP	2026-09-28T20:10:46.7913670Z ##[endgroup]
Build iOS and Submit to TestFlight	UNKNOWN STEP	2026-09-28T20:10:51.0795990Z 
Build iOS and Submit to TestFlight	UNKNOWN STEP	2026-09-28T20:10:51.0877810Z Uploading your app archive to EAS Submit
Build iOS and Submit to TestFlight	UNKNOWN STEP	2026-09-28T20:10:51.2736120Z - Uploading to EAS Submit 0%
Build iOS and Submit to TestFlight	UNKNOWN STEP	2026-09-28T20:10:51.9916490Z ✔ Uploaded to EAS Submit 
Build iOS and Submit to TestFlight	UNKNOWN STEP	2026-09-28T20:10:52.3779920Z Using App Store Connect API Key from EAS credentials service.
Build iOS and Submit to TestFlight	UNKNOWN STEP	2026-09-28T20:10:53.1240970Z Looking up credentials configuration for com.olamicreas.ngnflow...
Build iOS and Submit to TestFlight	UNKNOWN STEP	2026-09-28T20:10:53.1245860Z ✔ App Store Connect API Key already set up.
Build iOS and Submit to TestFlight	UNKNOWN STEP	2026-09-28T20:10:53.1248320Z Using Api Key ID: 8TP4AY535V ([Expo] EAS Submit xv7H_6ZboX)
Build iOS and Submit to TestFlight	UNKNOWN STEP	2026-09-28T20:10:53.1253160Z 
Build iOS and Submit to TestFlight	UNKNOWN STEP	2026-09-28T20:10:53.1254650Z ASC App ID:                 6816978729
Build iOS and Submit to TestFlight	UNKNOWN STEP	2026-09-28T20:10:53.1256340Z Project ID:                 37392892-5e18-40dc-9637-0cbb73d2307d
Build iOS and Submit to TestFlight	UNKNOWN STEP	2026-09-28T20:10:53.1257810Z App Store Connect API Key:  
Build iOS and Submit to TestFlight	UNKNOWN STEP	2026-09-28T20:10:53.1258800Z     Key Name  :  [Expo] EAS Submit xv7H_6ZboX
Build iOS and Submit to TestFlight	UNKNOWN STEP	2026-09-28T20:10:53.1260600Z     Key ID    :  8TP4AY535V
Build iOS and Submit to TestFlight	UNKNOWN STEP	2026-09-28T20:10:53.1261940Z     Key Source:  EAS servers
Build iOS and Submit to TestFlight	UNKNOWN STEP	2026-09-28T20:10:53.1263090Z Archive Path:               build.ipa
Build iOS and Submit to TestFlight	UNKNOWN STEP	2026-09-28T20:10:53.1264270Z 
Build iOS and Submit to TestFlight	UNKNOWN STEP	2026-09-28T20:10:53.1264860Z - Scheduling iOS submission
Build iOS and Submit to TestFlight	UNKNOWN STEP	2026-09-28T20:10:53.4319050Z ✔ Scheduled iOS submission
Build iOS and Submit to TestFlight	UNKNOWN STEP	2026-09-28T20:10:53.4321500Z 
Build iOS and Submit to TestFlight	UNKNOWN STEP	2026-09-28T20:10:53.4324190Z Submission details: https://expo.dev/accounts/olamicreas/projects/NGNflow/submissions/46d4628e-2be2-4b0b-b748-241332a1b668
Build iOS and Submit to TestFlight	UNKNOWN STEP	2026-09-28T20:10:53.4324760Z 
Build iOS and Submit to TestFlight	UNKNOWN STEP	2026-09-28T20:10:53.4325350Z Waiting for submission to complete. You can press Ctrl+C to exit.
Build iOS and Submit to TestFlight	UNKNOWN STEP	2026-09-28T20:10:53.4325800Z - Submitting
Build iOS and Submit to TestFlight	UNKNOWN STEP	2026-09-28T20:46:28.6606520Z 
Build iOS and Submit to TestFlight	UNKNOWN STEP	2026-09-28T20:46:28.6625800Z request to https://api.expo.dev/graphql failed, reason: getaddrinfo ENOTFOUND api.expo.dev
Build iOS and Submit to TestFlight	UNKNOWN STEP	2026-09-28T20:46:28.6770420Z     Error: GraphQL request failed.
Build iOS and Submit to TestFlight	UNKNOWN STEP	2026-09-28T20:46:28.6913230Z ##[error]Process completed with exit code 1.
Build iOS and Submit to TestFlight	UNKNOWN STEP	2026-09-28T20:46:28.7185580Z ##[group]Run actions/upload-artifact@v4
Build iOS and Submit to TestFlight	UNKNOWN STEP	2026-09-28T20:46:28.7186540Z with:
Build iOS and Submit to TestFlight	UNKNOWN STEP	2026-09-28T20:46:28.7187280Z   name: NGNflow-iOS-App
Build iOS and Submit to TestFlight	UNKNOWN STEP	2026-09-28T20:46:28.7187910Z   path: build.ipa
Build iOS and Submit to TestFlight	UNKNOWN STEP	2026-09-28T20:46:28.7188490Z   retention-days: 5
Build iOS and Submit to TestFlight	UNKNOWN STEP	2026-09-28T20:46:28.7189010Z   if-no-files-found: warn
Build iOS and Submit to TestFlight	UNKNOWN STEP	2026-09-28T20:46:28.7189670Z   compression-level: 6
Build iOS and Submit to TestFlight	UNKNOWN STEP	2026-09-28T20:46:28.7190310Z   overwrite: false
Build iOS and Submit to TestFlight	UNKNOWN STEP	2026-09-28T20:46:28.7190830Z   include-hidden-files: false
Build iOS and Submit to TestFlight	UNKNOWN STEP	2026-09-28T20:46:28.7191500Z env:
Build iOS and Submit to TestFlight	UNKNOWN STEP	2026-09-28T20:46:28.7193900Z   EXPO_TOKEN: ***
Build iOS and Submit to TestFlight	UNKNOWN STEP	2026-09-28T20:46:28.7194420Z ##[endgroup]
Build iOS and Submit to TestFlight	UNKNOWN STEP	2026-09-28T20:46:29.6465520Z (node:27759) [DEP0040] DeprecationWarning: The `punycode` module is deprecated. Please use a userland alternative instead.
Build iOS and Submit to TestFlight	UNKNOWN STEP	2026-09-28T20:46:29.6578570Z (Use `node --trace-deprecation ...` to show where the warning was created)
Build iOS and Submit to TestFlight	UNKNOWN STEP	2026-09-28T20:46:29.7603790Z With the provided path, there will be 1 file uploaded
Build iOS and Submit to TestFlight	UNKNOWN STEP	2026-09-28T20:46:29.7754550Z Artifact name is valid!
Build iOS and Submit to TestFlight	UNKNOWN STEP	2026-09-28T20:46:29.7857020Z Root directory input is valid!
Build iOS and Submit to TestFlight	UNKNOWN STEP	2026-09-28T20:46:29.9766410Z Beginning upload of artifact content to blob storage
Build iOS and Submit to TestFlight	UNKNOWN STEP	2026-09-28T20:46:30.3710630Z (node:27759) [DEP0169] DeprecationWarning: `url.parse()` behavior is not standardized and prone to errors that have security implications. Use the WHATWG URL API instead. CVEs are not issued for `url.parse()` vulnerabilities.
Build iOS and Submit to TestFlight	UNKNOWN STEP	2026-09-28T20:46:30.9985030Z Uploaded bytes 8388608
Build iOS and Submit to TestFlight	UNKNOWN STEP	2026-09-28T20:46:31.2246590Z Uploaded bytes 14175921
Build iOS and Submit to TestFlight	UNKNOWN STEP	2026-09-28T20:46:31.2703730Z Finished uploading artifact content to blob storage!
Build iOS and Submit to TestFlight	UNKNOWN STEP	2026-09-28T20:46:31.2710540Z SHA256 digest of uploaded artifact zip is 6f72041f746d41134199e46d3b9f45b71f83e167fac6c06d450417143ab5312f
Build iOS and Submit to TestFlight	UNKNOWN STEP	2026-09-28T20:46:31.2711840Z Finalizing artifact upload
Build iOS and Submit to TestFlight	UNKNOWN STEP	2026-09-28T20:46:31.4963780Z Artifact NGNflow-iOS-App.zip successfully finalized. Artifact ID 10996373288
Build iOS and Submit to TestFlight	UNKNOWN STEP	2026-09-28T20:46:31.4966010Z Artifact NGNflow-iOS-App has been successfully uploaded! Final size is 14175921 bytes. Artifact ID is 10996373288
Build iOS and Submit to TestFlight	UNKNOWN STEP	2026-09-28T20:46:31.4977280Z Artifact download URL: https://github.com/abdquayyum/NGNflow/actions/runs/36475415656/artifacts/10996373288
Build iOS and Submit to TestFlight	UNKNOWN STEP	2026-09-28T20:46:31.5281450Z Post job cleanup.
Build iOS and Submit to TestFlight	UNKNOWN STEP	2026-09-28T20:46:31.6693780Z (node:27922) [DEP0040] DeprecationWarning: The `punycode` module is deprecated. Please use a userland alternative instead.
Build iOS and Submit to TestFlight	UNKNOWN STEP	2026-09-28T20:46:31.6697520Z Cache hit occurred on the primary key node-cache-macOS-arm64-npm-14b58e35e2ed24ff95f7f4b42039230131cae4a177d1788a6acb0094b51d732b, not saving cache.
Build iOS and Submit to TestFlight	UNKNOWN STEP	2026-09-28T20:46:31.6700040Z (Use `node --trace-deprecation ...` to show where the warning was created)
Build iOS and Submit to TestFlight	UNKNOWN STEP	2026-09-28T20:46:31.6808260Z Post job cleanup.
Build iOS and Submit to TestFlight	UNKNOWN STEP	2026-09-28T20:46:31.8488880Z [command]/opt/homebrew/bin/git version
Build iOS and Submit to TestFlight	UNKNOWN STEP	2026-09-28T20:46:31.8782390Z git version 2.55.0
Build iOS and Submit to TestFlight	UNKNOWN STEP	2026-09-28T20:46:31.8817720Z Copying '/Users/runner/.gitconfig' to '/Users/runner/work/_temp/964fe9bb-5393-430f-9d5c-3cda40986963/.gitconfig'
Build iOS and Submit to TestFlight	UNKNOWN STEP	2026-09-28T20:46:31.8834230Z Temporarily overriding HOME='/Users/runner/work/_temp/964fe9bb-5393-430f-9d5c-3cda40986963' before making global git config changes
Build iOS and Submit to TestFlight	UNKNOWN STEP	2026-09-28T20:46:31.8837090Z Adding repository directory to the temporary git global config as a safe directory
Build iOS and Submit to TestFlight	UNKNOWN STEP	2026-09-28T20:46:31.8839090Z [command]/opt/homebrew/bin/git config --global --add safe.directory /Users/runner/work/NGNflow/NGNflow
Build iOS and Submit to TestFlight	UNKNOWN STEP	2026-09-28T20:46:31.9024460Z [command]/opt/homebrew/bin/git config --local --name-only --get-regexp core\.sshCommand
Build iOS and Submit to TestFlight	UNKNOWN STEP	2026-09-28T20:46:31.9166120Z [command]/opt/homebrew/bin/git submodule foreach --recursive sh -c "git config --local --name-only --get-regexp 'core\.sshCommand' && git config --local --unset-all 'core.sshCommand' || :"
Build iOS and Submit to TestFlight	UNKNOWN STEP	2026-09-28T20:46:32.0386690Z [command]/opt/homebrew/bin/git config --local --name-only --get-regexp http\.https\:\/\/github\.com\/\.extraheader
Build iOS and Submit to TestFlight	UNKNOWN STEP	2026-09-28T20:46:32.0490210Z http.https://github.com/.extraheader
Build iOS and Submit to TestFlight	UNKNOWN STEP	2026-09-28T20:46:32.0502870Z [command]/opt/homebrew/bin/git config --local --unset-all http.https://github.com/.extraheader
Build iOS and Submit to TestFlight	UNKNOWN STEP	2026-09-28T20:46:32.0581650Z [command]/opt/homebrew/bin/git submodule foreach --recursive sh -c "git config --local --name-only --get-regexp 'http\.https\:\/\/github\.com\/\.extraheader' && git config --local --unset-all 'http.https://github.com/.extraheader' || :"
Build iOS and Submit to TestFlight	UNKNOWN STEP	2026-09-28T20:46:32.2254810Z [command]/opt/homebrew/bin/git config --local --name-only --get-regexp ^includeIf\.gitdir:
Build iOS and Submit to TestFlight	UNKNOWN STEP	2026-09-28T20:46:32.2296550Z [command]/opt/homebrew/bin/git submodule foreach --recursive git config --local --show-origin --name-only --get-regexp remote.origin.url
Build iOS and Submit to TestFlight	UNKNOWN STEP	2026-09-28T20:46:32.3518660Z Cleaning up orphan processes
Build iOS and Submit to TestFlight	UNKNOWN STEP	2026-09-28T20:46:33.7319030Z ##[warning]Node.js 20 is deprecated. The following actions target Node.js 20 but are being forced to run on Node.js 24: actions/checkout@v4, actions/setup-node@v4, actions/upload-artifact@v4, expo/expo-github-action@v8. For more information see: https://github.blog/changelog/2025-09-19-deprecation-of-node-20-on-github-actions-runners/
