Build iOS and Submit to TestFlight	Set up job	﻿2026-09-29T12:07:09.9373060Z Current runner version: '2.337.0'
Build iOS and Submit to TestFlight	Set up job	2026-09-29T12:07:09.9392670Z ##[group]Runner Image Provisioner
Build iOS and Submit to TestFlight	Set up job	2026-09-29T12:07:09.9393280Z Hosted Compute Agent
Build iOS and Submit to TestFlight	Set up job	2026-09-29T12:07:09.9393650Z Version: 20260828.587
Build iOS and Submit to TestFlight	Set up job	2026-09-29T12:07:09.9394050Z Commit: abac92662cab4cc7352de4f9f9d2e2419aad9c29
Build iOS and Submit to TestFlight	Set up job	2026-09-29T12:07:09.9394530Z Build Date: 2026-08-28T16:44:25Z
Build iOS and Submit to TestFlight	Set up job	2026-09-29T12:07:09.9394970Z Worker ID: {2d8331f2-8522-4848-b8d2-a3c82e3d4368}
Build iOS and Submit to TestFlight	Set up job	2026-09-29T12:07:09.9395440Z Azure Region: westus
Build iOS and Submit to TestFlight	Set up job	2026-09-29T12:07:09.9395810Z ##[endgroup]
Build iOS and Submit to TestFlight	Set up job	2026-09-29T12:07:09.9396770Z ##[group]Operating System
Build iOS and Submit to TestFlight	Set up job	2026-09-29T12:07:09.9397240Z macOS
Build iOS and Submit to TestFlight	Set up job	2026-09-29T12:07:09.9397590Z 26.6.2
Build iOS and Submit to TestFlight	Set up job	2026-09-29T12:07:09.9398000Z 25G83
Build iOS and Submit to TestFlight	Set up job	2026-09-29T12:07:09.9398390Z ##[endgroup]
Build iOS and Submit to TestFlight	Set up job	2026-09-29T12:07:09.9398780Z ##[group]Runner Image
Build iOS and Submit to TestFlight	Set up job	2026-09-29T12:07:09.9399270Z Image: macos-26-arm64
Build iOS and Submit to TestFlight	Set up job	2026-09-29T12:07:09.9399660Z Version: 20260907.0351.1
Build iOS and Submit to TestFlight	Set up job	2026-09-29T12:07:09.9400430Z Included Software: https://github.com/actions/runner-images/blob/macos-26-arm64/20260907.0351/images/macos/macos-26-arm64-Readme.md
Build iOS and Submit to TestFlight	Set up job	2026-09-29T12:07:09.9401690Z Image Release: https://github.com/actions/runner-images/releases/tag/macos-26-arm64%2F20260907.0351
Build iOS and Submit to TestFlight	Set up job	2026-09-29T12:07:09.9402400Z ##[endgroup]
Build iOS and Submit to TestFlight	Set up job	2026-09-29T12:07:09.9403250Z ##[group]GITHUB_TOKEN Permissions
Build iOS and Submit to TestFlight	Set up job	2026-09-29T12:07:09.9404790Z Contents: read
Build iOS and Submit to TestFlight	Set up job	2026-09-29T12:07:09.9405180Z Metadata: read
Build iOS and Submit to TestFlight	Set up job	2026-09-29T12:07:09.9405560Z Packages: read
Build iOS and Submit to TestFlight	Set up job	2026-09-29T12:07:09.9405940Z ##[endgroup]
Build iOS and Submit to TestFlight	Set up job	2026-09-29T12:07:09.9407470Z Secret source: Actions
Build iOS and Submit to TestFlight	Set up job	2026-09-29T12:07:09.9408070Z Cache mode: write
Build iOS and Submit to TestFlight	Set up job	2026-09-29T12:07:09.9408610Z Prepare workflow directory
Build iOS and Submit to TestFlight	Set up job	2026-09-29T12:07:09.9693090Z Prepare all required actions
Build iOS and Submit to TestFlight	Set up job	2026-09-29T12:07:09.9730490Z Getting action download info
Build iOS and Submit to TestFlight	Set up job	2026-09-29T12:07:10.1749990Z Download action repository 'actions/checkout@v4' (SHA:11d5960a326750d5838078e36cf38b85af677262)
Build iOS and Submit to TestFlight	Set up job	2026-09-29T12:07:10.4101460Z Download action repository 'actions/setup-node@v4' (SHA:49933ea5288caeca8642d1e84afbd3f7d6820020)
Build iOS and Submit to TestFlight	Set up job	2026-09-29T12:07:10.5307190Z Download action repository 'expo/expo-github-action@v8' (SHA:c7b66a9c327a43a8fa7c0158e7f30d6040d2481e)
Build iOS and Submit to TestFlight	Set up job	2026-09-29T12:07:11.4388540Z Download action repository 'actions/upload-artifact@v4' (SHA:ea165f8d65b6e75b540449e92b4886f43607fa02)
Build iOS and Submit to TestFlight	Set up job	2026-09-29T12:07:11.6238410Z Complete job name: Build iOS and Submit to TestFlight
Build iOS and Submit to TestFlight	Checkout Code	﻿2026-09-29T12:07:11.6953550Z ##[group]Run actions/checkout@v4
Build iOS and Submit to TestFlight	Checkout Code	2026-09-29T12:07:11.6954210Z with:
Build iOS and Submit to TestFlight	Checkout Code	2026-09-29T12:07:11.6954600Z   repository: abdquayyum/NGNflow
Build iOS and Submit to TestFlight	Checkout Code	2026-09-29T12:07:11.6957720Z   token: ***
Build iOS and Submit to TestFlight	Checkout Code	2026-09-29T12:07:11.6958090Z   ssh-strict: true
Build iOS and Submit to TestFlight	Checkout Code	2026-09-29T12:07:11.6958460Z   ssh-user: git
Build iOS and Submit to TestFlight	Checkout Code	2026-09-29T12:07:11.6958830Z   persist-credentials: true
Build iOS and Submit to TestFlight	Checkout Code	2026-09-29T12:07:11.6959240Z   clean: true
Build iOS and Submit to TestFlight	Checkout Code	2026-09-29T12:07:11.6959620Z   sparse-checkout-cone-mode: true
Build iOS and Submit to TestFlight	Checkout Code	2026-09-29T12:07:11.6960040Z   fetch-depth: 1
Build iOS and Submit to TestFlight	Checkout Code	2026-09-29T12:07:11.6960560Z   fetch-tags: false
Build iOS and Submit to TestFlight	Checkout Code	2026-09-29T12:07:11.6960970Z   show-progress: true
Build iOS and Submit to TestFlight	Checkout Code	2026-09-29T12:07:11.6961350Z   lfs: false
Build iOS and Submit to TestFlight	Checkout Code	2026-09-29T12:07:11.6961720Z   submodules: false
Build iOS and Submit to TestFlight	Checkout Code	2026-09-29T12:07:11.6962090Z   set-safe-directory: true
Build iOS and Submit to TestFlight	Checkout Code	2026-09-29T12:07:11.6962550Z   allow-unsafe-pr-checkout: false
Build iOS and Submit to TestFlight	Checkout Code	2026-09-29T12:07:11.6963150Z ##[endgroup]
Build iOS and Submit to TestFlight	Checkout Code	2026-09-29T12:07:11.9810500Z Syncing repository: abdquayyum/NGNflow
Build iOS and Submit to TestFlight	Checkout Code	2026-09-29T12:07:11.9813740Z ##[group]Getting Git version info
Build iOS and Submit to TestFlight	Checkout Code	2026-09-29T12:07:11.9815680Z Working directory is '/Users/runner/work/NGNflow/NGNflow'
Build iOS and Submit to TestFlight	Checkout Code	2026-09-29T12:07:11.9817910Z [command]/opt/homebrew/bin/git version
Build iOS and Submit to TestFlight	Checkout Code	2026-09-29T12:07:12.0325070Z git version 2.55.0
Build iOS and Submit to TestFlight	Checkout Code	2026-09-29T12:07:12.0356830Z ##[endgroup]
Build iOS and Submit to TestFlight	Checkout Code	2026-09-29T12:07:12.0362440Z Copying '/Users/runner/.gitconfig' to '/Users/runner/work/_temp/e11c5cdd-7bd3-43b3-8828-072ac9e28821/.gitconfig'
Build iOS and Submit to TestFlight	Checkout Code	2026-09-29T12:07:12.0366920Z Temporarily overriding HOME='/Users/runner/work/_temp/e11c5cdd-7bd3-43b3-8828-072ac9e28821' before making global git config changes
Build iOS and Submit to TestFlight	Checkout Code	2026-09-29T12:07:12.0368120Z Adding repository directory to the temporary git global config as a safe directory
Build iOS and Submit to TestFlight	Checkout Code	2026-09-29T12:07:12.0369240Z [command]/opt/homebrew/bin/git config --global --add safe.directory /Users/runner/work/NGNflow/NGNflow
Build iOS and Submit to TestFlight	Checkout Code	2026-09-29T12:07:12.0457960Z Deleting the contents of '/Users/runner/work/NGNflow/NGNflow'
Build iOS and Submit to TestFlight	Checkout Code	2026-09-29T12:07:12.0460640Z ##[group]Initializing the repository
Build iOS and Submit to TestFlight	Checkout Code	2026-09-29T12:07:12.0464310Z [command]/opt/homebrew/bin/git init /Users/runner/work/NGNflow/NGNflow
Build iOS and Submit to TestFlight	Checkout Code	2026-09-29T12:07:12.0660640Z hint: Using 'master' as the name for the initial branch. This default branch name
Build iOS and Submit to TestFlight	Checkout Code	2026-09-29T12:07:12.0661900Z hint: will change to "main" in Git 3.0. To configure the initial branch name
Build iOS and Submit to TestFlight	Checkout Code	2026-09-29T12:07:12.0663140Z hint: to use in all of your new repositories, which will suppress this warning,
Build iOS and Submit to TestFlight	Checkout Code	2026-09-29T12:07:12.0663930Z hint: call:
Build iOS and Submit to TestFlight	Checkout Code	2026-09-29T12:07:12.0665080Z hint:
Build iOS and Submit to TestFlight	Checkout Code	2026-09-29T12:07:12.0668010Z hint: 	git config --global init.defaultBranch <name>
Build iOS and Submit to TestFlight	Checkout Code	2026-09-29T12:07:12.0668730Z hint:
Build iOS and Submit to TestFlight	Checkout Code	2026-09-29T12:07:12.0669410Z hint: Names commonly chosen instead of 'master' are 'main', 'trunk' and
Build iOS and Submit to TestFlight	Checkout Code	2026-09-29T12:07:12.0670350Z hint: 'development'. The just-created branch can be renamed via this command:
Build iOS and Submit to TestFlight	Checkout Code	2026-09-29T12:07:12.0671830Z hint:
Build iOS and Submit to TestFlight	Checkout Code	2026-09-29T12:07:12.0672440Z hint: 	git branch -m <name>
Build iOS and Submit to TestFlight	Checkout Code	2026-09-29T12:07:12.0673000Z hint:
Build iOS and Submit to TestFlight	Checkout Code	2026-09-29T12:07:12.0673790Z hint: Disable this message with "git config set advice.defaultBranchName false"
Build iOS and Submit to TestFlight	Checkout Code	2026-09-29T12:07:12.0674620Z Initialized empty Git repository in /Users/runner/work/NGNflow/NGNflow/.git/
Build iOS and Submit to TestFlight	Checkout Code	2026-09-29T12:07:12.0678110Z [command]/opt/homebrew/bin/git remote add origin https://github.com/abdquayyum/NGNflow
Build iOS and Submit to TestFlight	Checkout Code	2026-09-29T12:07:12.0746260Z ##[endgroup]
Build iOS and Submit to TestFlight	Checkout Code	2026-09-29T12:07:12.0747360Z ##[group]Disabling automatic garbage collection
Build iOS and Submit to TestFlight	Checkout Code	2026-09-29T12:07:12.0749280Z [command]/opt/homebrew/bin/git config --local gc.auto 0
Build iOS and Submit to TestFlight	Checkout Code	2026-09-29T12:07:12.0809480Z ##[endgroup]
Build iOS and Submit to TestFlight	Checkout Code	2026-09-29T12:07:12.0810390Z ##[group]Setting up auth
Build iOS and Submit to TestFlight	Checkout Code	2026-09-29T12:07:12.0814570Z [command]/opt/homebrew/bin/git config --local --name-only --get-regexp core\.sshCommand
Build iOS and Submit to TestFlight	Checkout Code	2026-09-29T12:07:12.0879390Z [command]/opt/homebrew/bin/git submodule foreach --recursive sh -c "git config --local --name-only --get-regexp 'core\.sshCommand' && git config --local --unset-all 'core.sshCommand' || :"
Build iOS and Submit to TestFlight	Checkout Code	2026-09-29T12:07:12.1694640Z [command]/opt/homebrew/bin/git config --local --name-only --get-regexp http\.https\:\/\/github\.com\/\.extraheader
Build iOS and Submit to TestFlight	Checkout Code	2026-09-29T12:07:12.1753010Z [command]/opt/homebrew/bin/git submodule foreach --recursive sh -c "git config --local --name-only --get-regexp 'http\.https\:\/\/github\.com\/\.extraheader' && git config --local --unset-all 'http.https://github.com/.extraheader' || :"
Build iOS and Submit to TestFlight	Checkout Code	2026-09-29T12:07:12.2413610Z [command]/opt/homebrew/bin/git config --local --name-only --get-regexp ^includeIf\.gitdir:
Build iOS and Submit to TestFlight	Checkout Code	2026-09-29T12:07:12.2471220Z [command]/opt/homebrew/bin/git submodule foreach --recursive git config --local --show-origin --name-only --get-regexp remote.origin.url
Build iOS and Submit to TestFlight	Checkout Code	2026-09-29T12:07:12.3837030Z [command]/opt/homebrew/bin/git config --local http.https://github.com/.extraheader AUTHORIZATION: basic ***
Build iOS and Submit to TestFlight	Checkout Code	2026-09-29T12:07:12.3843830Z ##[endgroup]
Build iOS and Submit to TestFlight	Checkout Code	2026-09-29T12:07:12.3844500Z ##[group]Fetching the repository
Build iOS and Submit to TestFlight	Checkout Code	2026-09-29T12:07:12.3845600Z [command]/opt/homebrew/bin/git -c protocol.version=2 fetch --no-tags --prune --no-recurse-submodules --depth=1 origin +77a07637968d6ab56e917d45c7f7deb5c18fd719:refs/remotes/origin/master
Build iOS and Submit to TestFlight	Checkout Code	2026-09-29T12:07:13.2159450Z From https://github.com/abdquayyum/NGNflow
Build iOS and Submit to TestFlight	Checkout Code	2026-09-29T12:07:13.2161500Z  * [new ref]         77a07637968d6ab56e917d45c7f7deb5c18fd719 -> origin/master
Build iOS and Submit to TestFlight	Checkout Code	2026-09-29T12:07:13.2163680Z ##[endgroup]
Build iOS and Submit to TestFlight	Checkout Code	2026-09-29T12:07:13.2164460Z ##[group]Determining the checkout info
Build iOS and Submit to TestFlight	Checkout Code	2026-09-29T12:07:13.2165340Z ##[endgroup]
Build iOS and Submit to TestFlight	Checkout Code	2026-09-29T12:07:13.2165920Z [command]/opt/homebrew/bin/git sparse-checkout disable
Build iOS and Submit to TestFlight	Checkout Code	2026-09-29T12:07:13.2233440Z [command]/opt/homebrew/bin/git config --local --unset-all extensions.worktreeConfig
Build iOS and Submit to TestFlight	Checkout Code	2026-09-29T12:07:13.2288340Z ##[group]Checking out the ref
Build iOS and Submit to TestFlight	Checkout Code	2026-09-29T12:07:13.2289530Z [command]/opt/homebrew/bin/git checkout --progress --force -B master refs/remotes/origin/master
Build iOS and Submit to TestFlight	Checkout Code	2026-09-29T12:07:13.2515260Z Reset branch 'master'
Build iOS and Submit to TestFlight	Checkout Code	2026-09-29T12:07:13.2519850Z branch 'master' set up to track 'origin/master'.
Build iOS and Submit to TestFlight	Checkout Code	2026-09-29T12:07:13.2524640Z ##[endgroup]
Build iOS and Submit to TestFlight	Checkout Code	2026-09-29T12:07:13.2599650Z [command]/opt/homebrew/bin/git log -1 --format=%H
Build iOS and Submit to TestFlight	Checkout Code	2026-09-29T12:07:13.2662220Z 77a07637968d6ab56e917d45c7f7deb5c18fd719
Build iOS and Submit to TestFlight	Setup Node	﻿2026-09-29T12:07:13.2957460Z ##[group]Run actions/setup-node@v4
Build iOS and Submit to TestFlight	Setup Node	2026-09-29T12:07:13.2958430Z with:
Build iOS and Submit to TestFlight	Setup Node	2026-09-29T12:07:13.2959040Z   node-version: 22
Build iOS and Submit to TestFlight	Setup Node	2026-09-29T12:07:13.2959660Z   cache: npm
Build iOS and Submit to TestFlight	Setup Node	2026-09-29T12:07:13.2960350Z   always-auth: false
Build iOS and Submit to TestFlight	Setup Node	2026-09-29T12:07:13.2961030Z   check-latest: false
Build iOS and Submit to TestFlight	Setup Node	2026-09-29T12:07:13.2968820Z   token: ***
Build iOS and Submit to TestFlight	Setup Node	2026-09-29T12:07:13.2969440Z ##[endgroup]
Build iOS and Submit to TestFlight	Setup Node	2026-09-29T12:07:13.4076620Z Found in cache @ /Users/runner/hostedtoolcache/node/22.23.2/arm64
Build iOS and Submit to TestFlight	Setup Node	2026-09-29T12:07:13.4078820Z (node:6324) [DEP0040] DeprecationWarning: The `punycode` module is deprecated. Please use a userland alternative instead.
Build iOS and Submit to TestFlight	Setup Node	2026-09-29T12:07:13.4080940Z (Use `node --trace-deprecation ...` to show where the warning was created)
Build iOS and Submit to TestFlight	Setup Node	2026-09-29T12:07:13.4082850Z ##[group]Environment details
Build iOS and Submit to TestFlight	Setup Node	2026-09-29T12:07:13.9087560Z node: v22.23.2
Build iOS and Submit to TestFlight	Setup Node	2026-09-29T12:07:13.9088470Z npm: 10.9.8
Build iOS and Submit to TestFlight	Setup Node	2026-09-29T12:07:13.9089360Z yarn: 1.22.22
Build iOS and Submit to TestFlight	Setup Node	2026-09-29T12:07:13.9098280Z ##[endgroup]
Build iOS and Submit to TestFlight	Setup Node	2026-09-29T12:07:13.9110110Z [command]/Users/runner/hostedtoolcache/node/22.23.2/arm64/bin/npm config get cache
Build iOS and Submit to TestFlight	Setup Node	2026-09-29T12:07:14.0552810Z /Users/runner/.npm
Build iOS and Submit to TestFlight	Setup Node	2026-09-29T12:07:14.1416120Z Cache hit for: node-cache-macOS-arm64-npm-c679f80507ac6dfce06fd01f51e34923e77726cf6ae3fda03e706e2574acf152
Build iOS and Submit to TestFlight	Setup Node	2026-09-29T12:07:14.1487860Z (node:6324) [DEP0169] DeprecationWarning: `url.parse()` behavior is not standardized and prone to errors that have security implications. Use the WHATWG URL API instead. CVEs are not issued for `url.parse()` vulnerabilities.
Build iOS and Submit to TestFlight	Setup Node	2026-09-29T12:07:15.1814630Z Received 194819515 of 203208123 (95.9%), 185.4 MBs/sec
Build iOS and Submit to TestFlight	Setup Node	2026-09-29T12:07:15.2554090Z Received 203208123 of 203208123 (100.0%), 180.1 MBs/sec
Build iOS and Submit to TestFlight	Setup Node	2026-09-29T12:07:15.2564130Z Cache Size: ~194 MB (203208123 B)
Build iOS and Submit to TestFlight	Setup Node	2026-09-29T12:07:15.2675240Z [command]/opt/homebrew/bin/gtar -xf /Users/runner/work/_temp/2ca9235b-fca7-41b3-82fb-1574c4b91b36/cache.tzst -P -C /Users/runner/work/NGNflow/NGNflow --delay-directory-restore --use-compress-program unzstd
Build iOS and Submit to TestFlight	Setup Node	2026-09-29T12:07:17.6424620Z Cache restored successfully
Build iOS and Submit to TestFlight	Setup Node	2026-09-29T12:07:17.6531380Z Cache restored from key: node-cache-macOS-arm64-npm-c679f80507ac6dfce06fd01f51e34923e77726cf6ae3fda03e706e2574acf152
Build iOS and Submit to TestFlight	Install dependencies	﻿2026-09-29T12:07:17.6791940Z ##[group]Run npm ci
Build iOS and Submit to TestFlight	Install dependencies	2026-09-29T12:07:17.6792250Z ^[[36;1mnpm ci^[[0m
Build iOS and Submit to TestFlight	Install dependencies	2026-09-29T12:07:17.6849050Z shell: /bin/bash -e {0}
Build iOS and Submit to TestFlight	Install dependencies	2026-09-29T12:07:17.6849370Z ##[endgroup]
Build iOS and Submit to TestFlight	Install dependencies	2026-09-29T12:07:20.4414800Z npm warn deprecated text-encoding@0.7.0: no longer maintained
Build iOS and Submit to TestFlight	Install dependencies	2026-09-29T12:07:21.1202380Z npm warn deprecated uuid@7.0.3: uuid@10 and below is no longer supported.  For ESM codebases, update to uuid@latest.  For CommonJS codebases, use uuid@11 (but be aware this version will likely be deprecated in 2028).
Build iOS and Submit to TestFlight	Install dependencies	2026-09-29T12:07:30.3282330Z 
Build iOS and Submit to TestFlight	Install dependencies	2026-09-29T12:07:30.3283090Z > NGNflow@1.0.0 postinstall
Build iOS and Submit to TestFlight	Install dependencies	2026-09-29T12:07:30.3283640Z > patch-package
Build iOS and Submit to TestFlight	Install dependencies	2026-09-29T12:07:30.3283890Z 
Build iOS and Submit to TestFlight	Install dependencies	2026-09-29T12:07:30.5603460Z patch-package 8.0.1
Build iOS and Submit to TestFlight	Install dependencies	2026-09-29T12:07:30.5604310Z Applying patches...
Build iOS and Submit to TestFlight	Install dependencies	2026-09-29T12:07:30.5651660Z expo-modules-core@57.0.19 ✔
Build iOS and Submit to TestFlight	Install dependencies	2026-09-29T12:07:30.5868150Z expo-modules-jsi@57.1.1 ✔
Build iOS and Submit to TestFlight	Install dependencies	2026-09-29T12:07:30.5879170Z expo-notifications@57.0.21 ✔
Build iOS and Submit to TestFlight	Install dependencies	2026-09-29T12:07:30.5891240Z react-native@0.86.3 ✔
Build iOS and Submit to TestFlight	Install dependencies	2026-09-29T12:07:30.5983950Z 
Build iOS and Submit to TestFlight	Install dependencies	2026-09-29T12:07:30.5985090Z added 659 packages, and audited 660 packages in 13s
Build iOS and Submit to TestFlight	Install dependencies	2026-09-29T12:07:30.5985410Z 
Build iOS and Submit to TestFlight	Install dependencies	2026-09-29T12:07:30.5985650Z 80 packages are looking for funding
Build iOS and Submit to TestFlight	Install dependencies	2026-09-29T12:07:30.5985970Z   run `npm fund` for details
Build iOS and Submit to TestFlight	Install dependencies	2026-09-29T12:07:30.6307590Z 
Build iOS and Submit to TestFlight	Install dependencies	2026-09-29T12:07:30.6313100Z 13 moderate severity vulnerabilities
Build iOS and Submit to TestFlight	Install dependencies	2026-09-29T12:07:30.6315900Z 
Build iOS and Submit to TestFlight	Install dependencies	2026-09-29T12:07:30.6318270Z To address issues that do not require attention, run:
Build iOS and Submit to TestFlight	Install dependencies	2026-09-29T12:07:30.6319920Z   npm audit fix
Build iOS and Submit to TestFlight	Install dependencies	2026-09-29T12:07:30.6323040Z 
Build iOS and Submit to TestFlight	Install dependencies	2026-09-29T12:07:30.6323600Z To address all issues (including breaking changes), run:
Build iOS and Submit to TestFlight	Install dependencies	2026-09-29T12:07:30.6324330Z   npm audit fix --force
Build iOS and Submit to TestFlight	Install dependencies	2026-09-29T12:07:30.6324910Z 
Build iOS and Submit to TestFlight	Install dependencies	2026-09-29T12:07:30.6325330Z Run `npm audit` for details.
Build iOS and Submit to TestFlight	Setup Expo and EAS CLI	﻿2026-09-29T12:07:30.7683260Z ##[group]Run expo/expo-github-action@v8
Build iOS and Submit to TestFlight	Setup Expo and EAS CLI	2026-09-29T12:07:30.7683590Z with:
Build iOS and Submit to TestFlight	Setup Expo and EAS CLI	2026-09-29T12:07:30.7683930Z   eas-version: latest
Build iOS and Submit to TestFlight	Setup Expo and EAS CLI	2026-09-29T12:07:30.7684540Z   token: ***
Build iOS and Submit to TestFlight	Setup Expo and EAS CLI	2026-09-29T12:07:30.7684740Z   expo-cache: true
Build iOS and Submit to TestFlight	Setup Expo and EAS CLI	2026-09-29T12:07:30.7684950Z   eas-cache: true
Build iOS and Submit to TestFlight	Setup Expo and EAS CLI	2026-09-29T12:07:30.7685150Z   packager: yarn
Build iOS and Submit to TestFlight	Setup Expo and EAS CLI	2026-09-29T12:07:30.7685420Z   patch-watchers: true
Build iOS and Submit to TestFlight	Setup Expo and EAS CLI	2026-09-29T12:07:30.7685680Z ##[endgroup]
Build iOS and Submit to TestFlight	Setup Expo and EAS CLI	2026-09-29T12:07:31.0707590Z Skipped installing expo-cli: 'expo-version' not provided.
Build iOS and Submit to TestFlight	Setup Expo and EAS CLI	2026-09-29T12:07:31.0718910Z (node:6739) [DEP0040] DeprecationWarning: The `punycode` module is deprecated. Please use a userland alternative instead.
Build iOS and Submit to TestFlight	Setup Expo and EAS CLI	2026-09-29T12:07:31.0719630Z (Use `node --trace-deprecation ...` to show where the warning was created)
Build iOS and Submit to TestFlight	Setup Expo and EAS CLI	2026-09-29T12:07:31.4749110Z ##[group]Installing eas-cli (24.8.0) from cache or with yarn
Build iOS and Submit to TestFlight	Setup Expo and EAS CLI	2026-09-29T12:07:31.5588600Z ##[warning]Failed to restore: Cache service responded with 400
Build iOS and Submit to TestFlight	Setup Expo and EAS CLI	2026-09-29T12:07:31.5637960Z [command]/Users/runner/.yarn/bin/yarn add eas-cli@24.8.0
Build iOS and Submit to TestFlight	Setup Expo and EAS CLI	2026-09-29T12:07:31.6922040Z yarn add v1.22.22
Build iOS and Submit to TestFlight	Setup Expo and EAS CLI	2026-09-29T12:07:31.7013110Z info No lockfile found.
Build iOS and Submit to TestFlight	Setup Expo and EAS CLI	2026-09-29T12:07:31.7106410Z [1/4] Resolving packages...
Build iOS and Submit to TestFlight	Setup Expo and EAS CLI	2026-09-29T12:07:32.1813100Z warning eas-cli > @expo/rudder-sdk-node > uuid@8.3.2: uuid@10 and below is no longer supported.  For ESM codebases, update to uuid@latest.  For CommonJS codebases, use uuid@11 (but be aware this version will likely be deprecated in 2028).
Build iOS and Submit to TestFlight	Setup Expo and EAS CLI	2026-09-29T12:07:32.4216790Z warning eas-cli > @expo/prebuild-config > @expo/config > glob@10.5.0: Old versions of glob are not supported, and contain widely publicized security vulnerabilities, which have been fixed in the current version. Please update. Support for old versions may be purchased (at exorbitant rates) by contacting i@izs.me
Build iOS and Submit to TestFlight	Setup Expo and EAS CLI	2026-09-29T12:07:32.4319900Z warning eas-cli > @expo/prebuild-config > @expo/config-plugins > glob@10.5.0: Old versions of glob are not supported, and contain widely publicized security vulnerabilities, which have been fixed in the current version. Please update. Support for old versions may be purchased (at exorbitant rates) by contacting i@izs.me
Build iOS and Submit to TestFlight	Setup Expo and EAS CLI	2026-09-29T12:07:32.5822470Z warning eas-cli > @expo/rudder-sdk-node > @expo/bunyan > uuid@8.3.2: uuid@10 and below is no longer supported.  For ESM codebases, update to uuid@latest.  For CommonJS codebases, use uuid@11 (but be aware this version will likely be deprecated in 2028).
Build iOS and Submit to TestFlight	Setup Expo and EAS CLI	2026-09-29T12:07:32.6026170Z warning eas-cli > @expo/prebuild-config > @expo/config > sucrase > glob@10.5.0: Old versions of glob are not supported, and contain widely publicized security vulnerabilities, which have been fixed in the current version. Please update. Support for old versions may be purchased (at exorbitant rates) by contacting i@izs.me
Build iOS and Submit to TestFlight	Setup Expo and EAS CLI	2026-09-29T12:07:32.6130460Z warning eas-cli > @expo/config-plugins > xcode > uuid@7.0.3: uuid@10 and below is no longer supported.  For ESM codebases, update to uuid@latest.  For CommonJS codebases, use uuid@11 (but be aware this version will likely be deprecated in 2028).
Build iOS and Submit to TestFlight	Setup Expo and EAS CLI	2026-09-29T12:07:32.9466230Z warning eas-cli > @expo/logger > bunyan > mv > rimraf@2.4.5: Rimraf versions prior to v4 are no longer supported
Build iOS and Submit to TestFlight	Setup Expo and EAS CLI	2026-09-29T12:07:32.9569010Z warning eas-cli > @expo/logger > bunyan > mv > rimraf > glob@6.0.4: Old versions of glob are not supported, and contain widely publicized security vulnerabilities, which have been fixed in the current version. Please update. Support for old versions may be purchased (at exorbitant rates) by contacting i@izs.me
Build iOS and Submit to TestFlight	Setup Expo and EAS CLI	2026-09-29T12:07:33.0696990Z warning eas-cli > @expo/logger > bunyan > mv > rimraf > glob > inflight@1.0.6: This module is not supported, and leaks memory. Do not use it. Check out lru-cache if you want a good and tested way to coalesce async requests by a key value, which is much more comprehensive and powerful.
Build iOS and Submit to TestFlight	Setup Expo and EAS CLI	2026-09-29T12:07:33.2234250Z [2/4] Fetching packages...
Build iOS and Submit to TestFlight	Setup Expo and EAS CLI	2026-09-29T12:07:37.9232640Z [3/4] Linking dependencies...
Build iOS and Submit to TestFlight	Setup Expo and EAS CLI	2026-09-29T12:07:37.9258520Z warning "eas-cli > @expo/plugin-help > @oclif/core > ts-node@10.9.2" has unmet peer dependency "@types/node@*".
Build iOS and Submit to TestFlight	Setup Expo and EAS CLI	2026-09-29T12:07:37.9313780Z warning "eas-cli > @expo/plugin-help > @oclif/core > ts-node@10.9.2" has unmet peer dependency "typescript@>=2.7".
Build iOS and Submit to TestFlight	Setup Expo and EAS CLI	2026-09-29T12:07:41.6174460Z [4/4] Building fresh packages...
Build iOS and Submit to TestFlight	Setup Expo and EAS CLI	2026-09-29T12:07:56.1172600Z success Saved lockfile.
Build iOS and Submit to TestFlight	Setup Expo and EAS CLI	2026-09-29T12:07:56.1354150Z success Saved 327 new dependencies.
Build iOS and Submit to TestFlight	Setup Expo and EAS CLI	2026-09-29T12:07:56.1354640Z info Direct dependencies
Build iOS and Submit to TestFlight	Setup Expo and EAS CLI	2026-09-29T12:07:56.1356510Z └─ eas-cli@24.8.0
Build iOS and Submit to TestFlight	Setup Expo and EAS CLI	2026-09-29T12:07:56.1356890Z info All dependencies
Build iOS and Submit to TestFlight	Setup Expo and EAS CLI	2026-09-29T12:07:56.1357710Z ├─ @0no-co/graphql.web@1.3.4
Build iOS and Submit to TestFlight	Setup Expo and EAS CLI	2026-09-29T12:07:56.1358210Z ├─ @babel/compat-data@7.29.7
Build iOS and Submit to TestFlight	Setup Expo and EAS CLI	2026-09-29T12:07:56.1358740Z ├─ @babel/core@7.29.7
Build iOS and Submit to TestFlight	Setup Expo and EAS CLI	2026-09-29T12:07:56.1359220Z ├─ @babel/generator@7.29.8
Build iOS and Submit to TestFlight	Setup Expo and EAS CLI	2026-09-29T12:07:56.1364100Z ├─ @babel/helper-compilation-targets@7.29.7
Build iOS and Submit to TestFlight	Setup Expo and EAS CLI	2026-09-29T12:07:56.1364940Z ├─ @babel/helper-globals@7.29.7
Build iOS and Submit to TestFlight	Setup Expo and EAS CLI	2026-09-29T12:07:56.1365700Z ├─ @babel/helper-module-imports@7.29.7
Build iOS and Submit to TestFlight	Setup Expo and EAS CLI	2026-09-29T12:07:56.1367260Z ├─ @babel/helper-plugin-utils@7.29.7
Build iOS and Submit to TestFlight	Setup Expo and EAS CLI	2026-09-29T12:07:56.1368490Z ├─ @babel/helper-string-parser@7.29.7
Build iOS and Submit to TestFlight	Setup Expo and EAS CLI	2026-09-29T12:07:56.1370950Z ├─ @babel/helper-validator-option@7.29.7
Build iOS and Submit to TestFlight	Setup Expo and EAS CLI	2026-09-29T12:07:56.1371700Z ├─ @babel/helpers@7.29.7
Build iOS and Submit to TestFlight	Setup Expo and EAS CLI	2026-09-29T12:07:56.1372830Z ├─ @babel/highlight@7.25.9
Build iOS and Submit to TestFlight	Setup Expo and EAS CLI	2026-09-29T12:07:56.1373890Z ├─ @babel/plugin-transform-modules-commonjs@7.29.7
Build iOS and Submit to TestFlight	Setup Expo and EAS CLI	2026-09-29T12:07:56.1380840Z ├─ @cspotcode/source-map-support@0.8.1
Build iOS and Submit to TestFlight	Setup Expo and EAS CLI	2026-09-29T12:07:56.1381700Z ├─ @expo/apple-utils@2.2.1
Build iOS and Submit to TestFlight	Setup Expo and EAS CLI	2026-09-29T12:07:56.1382540Z ├─ @expo/bunyan@4.0.1
Build iOS and Submit to TestFlight	Setup Expo and EAS CLI	2026-09-29T12:07:56.1383310Z ├─ @expo/code-signing-certificates@0.0.5
Build iOS and Submit to TestFlight	Setup Expo and EAS CLI	2026-09-29T12:07:56.1384160Z ├─ @expo/config@55.0.10
Build iOS and Submit to TestFlight	Setup Expo and EAS CLI	2026-09-29T12:07:56.1384800Z ├─ @expo/eas-json@24.8.0
Build iOS and Submit to TestFlight	Setup Expo and EAS CLI	2026-09-29T12:07:56.1385440Z ├─ @expo/env@1.0.7
Build iOS and Submit to TestFlight	Setup Expo and EAS CLI	2026-09-29T12:07:56.1386070Z ├─ @expo/image-utils@0.7.6
Build iOS and Submit to TestFlight	Setup Expo and EAS CLI	2026-09-29T12:07:56.1386790Z ├─ @expo/json-file@9.1.5
Build iOS and Submit to TestFlight	Setup Expo and EAS CLI	2026-09-29T12:07:56.1387570Z ├─ @expo/multipart-body-parser@2.0.0
Build iOS and Submit to TestFlight	Setup Expo and EAS CLI	2026-09-29T12:07:56.1388190Z ├─ @expo/osascript@2.1.4
Build iOS and Submit to TestFlight	Setup Expo and EAS CLI	2026-09-29T12:07:56.1388990Z ├─ @expo/package-manager@1.9.10
Build iOS and Submit to TestFlight	Setup Expo and EAS CLI	2026-09-29T12:07:56.1389660Z ├─ @expo/pkcs12@0.1.3
Build iOS and Submit to TestFlight	Setup Expo and EAS CLI	2026-09-29T12:07:56.1390170Z ├─ @expo/plist@0.3.5
Build iOS and Submit to TestFlight	Setup Expo and EAS CLI	2026-09-29T12:07:56.1390800Z ├─ @expo/plugin-help@5.1.23
Build iOS and Submit to TestFlight	Setup Expo and EAS CLI	2026-09-29T12:07:56.1391580Z ├─ @expo/plugin-warn-if-update-available@2.5.1
Build iOS and Submit to TestFlight	Setup Expo and EAS CLI	2026-09-29T12:07:56.1392330Z ├─ @expo/prebuild-config@9.0.12
Build iOS and Submit to TestFlight	Setup Expo and EAS CLI	2026-09-29T12:07:56.1392910Z ├─ @expo/require-utils@55.0.8
Build iOS and Submit to TestFlight	Setup Expo and EAS CLI	2026-09-29T12:07:56.1393550Z ├─ @expo/rudder-sdk-node@1.1.1
Build iOS and Submit to TestFlight	Setup Expo and EAS CLI	2026-09-29T12:07:56.1394190Z ├─ @expo/steps@24.8.0
Build iOS and Submit to TestFlight	Setup Expo and EAS CLI	2026-09-29T12:07:56.1394800Z ├─ @expo/timeago.js@1.0.0
Build iOS and Submit to TestFlight	Setup Expo and EAS CLI	2026-09-29T12:07:56.1395460Z ├─ @expo/turtle-spawn@24.8.0
Build iOS and Submit to TestFlight	Setup Expo and EAS CLI	2026-09-29T12:07:56.1396160Z ├─ @hapi/topo@5.1.0
Build iOS and Submit to TestFlight	Setup Expo and EAS CLI	2026-09-29T12:07:56.1396690Z ├─ @isaacs/cliui@8.0.2
Build iOS and Submit to TestFlight	Setup Expo and EAS CLI	2026-09-29T12:07:56.1397350Z ├─ @isaacs/fs-minipass@4.0.1
Build iOS and Submit to TestFlight	Setup Expo and EAS CLI	2026-09-29T12:07:56.1397970Z ├─ @jridgewell/gen-mapping@0.3.13
Build iOS and Submit to TestFlight	Setup Expo and EAS CLI	2026-09-29T12:07:56.1398690Z ├─ @jridgewell/remapping@2.3.5
Build iOS and Submit to TestFlight	Setup Expo and EAS CLI	2026-09-29T12:07:56.1399520Z ├─ @jridgewell/resolve-uri@3.1.2
Build iOS and Submit to TestFlight	Setup Expo and EAS CLI	2026-09-29T12:07:56.1408930Z ├─ @jridgewell/sourcemap-codec@1.6.0
Build iOS and Submit to TestFlight	Setup Expo and EAS CLI	2026-09-29T12:07:56.1412040Z ├─ @nodelib/fs.scandir@2.1.5
Build iOS and Submit to TestFlight	Setup Expo and EAS CLI	2026-09-29T12:07:56.1412620Z ├─ @nodelib/fs.stat@2.0.5
Build iOS and Submit to TestFlight	Setup Expo and EAS CLI	2026-09-29T12:07:56.1413300Z ├─ @oclif/plugin-autocomplete@3.3.0
Build iOS and Submit to TestFlight	Setup Expo and EAS CLI	2026-09-29T12:07:56.1413950Z ├─ @pkgjs/parseargs@0.11.0
Build iOS and Submit to TestFlight	Setup Expo and EAS CLI	2026-09-29T12:07:56.1414510Z ├─ @protobufjs/aspromise@1.1.2
Build iOS and Submit to TestFlight	Setup Expo and EAS CLI	2026-09-29T12:07:56.1415150Z ├─ @protobufjs/base64@1.1.2
Build iOS and Submit to TestFlight	Setup Expo and EAS CLI	2026-09-29T12:07:56.1415810Z ├─ @protobufjs/codegen@2.0.5
Build iOS and Submit to TestFlight	Setup Expo and EAS CLI	2026-09-29T12:07:56.1416400Z ├─ @protobufjs/eventemitter@1.1.1
Build iOS and Submit to TestFlight	Setup Expo and EAS CLI	2026-09-29T12:07:56.1416860Z ├─ @protobufjs/fetch@1.1.1
Build iOS and Submit to TestFlight	Setup Expo and EAS CLI	2026-09-29T12:07:56.1422350Z ├─ @protobufjs/float@1.0.2
Build iOS and Submit to TestFlight	Setup Expo and EAS CLI	2026-09-29T12:07:56.1427420Z ├─ @protobufjs/path@1.1.2
Build iOS and Submit to TestFlight	Setup Expo and EAS CLI	2026-09-29T12:07:56.1430480Z ├─ @protobufjs/pool@1.1.0
Build iOS and Submit to TestFlight	Setup Expo and EAS CLI	2026-09-29T12:07:56.1431020Z ├─ @protobufjs/utf8@1.1.2
Build iOS and Submit to TestFlight	Setup Expo and EAS CLI	2026-09-29T12:07:56.1431780Z ├─ @react-native/normalize-colors@0.79.6
Build iOS and Submit to TestFlight	Setup Expo and EAS CLI	2026-09-29T12:07:56.1432280Z ├─ @segment/ajv-human-errors@2.16.0
Build iOS and Submit to TestFlight	Setup Expo and EAS CLI	2026-09-29T12:07:56.1432780Z ├─ @segment/loosely-validate-event@2.0.0
Build iOS and Submit to TestFlight	Setup Expo and EAS CLI	2026-09-29T12:07:56.1433380Z ├─ @sentry-internal/tracing@7.77.0
Build iOS and Submit to TestFlight	Setup Expo and EAS CLI	2026-09-29T12:07:56.1433810Z ├─ @sentry/node@7.77.0
Build iOS and Submit to TestFlight	Setup Expo and EAS CLI	2026-09-29T12:07:56.1435370Z ├─ @sideway/address@4.1.5
Build iOS and Submit to TestFlight	Setup Expo and EAS CLI	2026-09-29T12:07:56.1440820Z ├─ @tsconfig/node10@1.0.13
Build iOS and Submit to TestFlight	Setup Expo and EAS CLI	2026-09-29T12:07:56.1441320Z ├─ @tsconfig/node12@1.0.11
Build iOS and Submit to TestFlight	Setup Expo and EAS CLI	2026-09-29T12:07:56.1441610Z ├─ @tsconfig/node14@1.0.3
Build iOS and Submit to TestFlight	Setup Expo and EAS CLI	2026-09-29T12:07:56.1442020Z ├─ @tsconfig/node16@1.0.4
Build iOS and Submit to TestFlight	Setup Expo and EAS CLI	2026-09-29T12:07:56.1442400Z ├─ @types/bunyan@1.8.11
Build iOS and Submit to TestFlight	Setup Expo and EAS CLI	2026-09-29T12:07:56.1442770Z ├─ @types/cli-progress@3.11.6
Build iOS and Submit to TestFlight	Setup Expo and EAS CLI	2026-09-29T12:07:56.1443190Z ├─ @urql/core@4.0.11
Build iOS and Submit to TestFlight	Setup Expo and EAS CLI	2026-09-29T12:07:56.1443630Z ├─ @urql/exchange-retry@1.2.0
Build iOS and Submit to TestFlight	Setup Expo and EAS CLI	2026-09-29T12:07:56.1443950Z ├─ acorn-walk@8.3.5
Build iOS and Submit to TestFlight	Setup Expo and EAS CLI	2026-09-29T12:07:56.1444270Z ├─ acorn@8.18.0
Build iOS and Submit to TestFlight	Setup Expo and EAS CLI	2026-09-29T12:07:56.1444790Z ├─ agent-base@7.1.4
Build iOS and Submit to TestFlight	Setup Expo and EAS CLI	2026-09-29T12:07:56.1445200Z ├─ agent-cli-detector@0.1.7
Build iOS and Submit to TestFlight	Setup Expo and EAS CLI	2026-09-29T12:07:56.1445580Z ├─ ajv-formats@2.1.1
Build iOS and Submit to TestFlight	Setup Expo and EAS CLI	2026-09-29T12:07:56.1445940Z ├─ ajv@8.11.0
Build iOS and Submit to TestFlight	Setup Expo and EAS CLI	2026-09-29T12:07:56.1446630Z ├─ ansicolors@0.3.2
Build iOS and Submit to TestFlight	Setup Expo and EAS CLI	2026-09-29T12:07:56.1446900Z ├─ ansis@3.17.0
Build iOS and Submit to TestFlight	Setup Expo and EAS CLI	2026-09-29T12:07:56.1447180Z ├─ arg@4.1.3
Build iOS and Submit to TestFlight	Setup Expo and EAS CLI	2026-09-29T12:07:56.1447540Z ├─ argparse@1.0.10
Build iOS and Submit to TestFlight	Setup Expo and EAS CLI	2026-09-29T12:07:56.1447820Z ├─ array-union@2.1.0
Build iOS and Submit to TestFlight	Setup Expo and EAS CLI	2026-09-29T12:07:56.1448260Z ├─ asn1@0.2.6
Build iOS and Submit to TestFlight	Setup Expo and EAS CLI	2026-09-29T12:07:56.1448620Z ├─ astral-regex@2.0.0
Build iOS and Submit to TestFlight	Setup Expo and EAS CLI	2026-09-29T12:07:56.1448860Z ├─ async@3.2.6
Build iOS and Submit to TestFlight	Setup Expo and EAS CLI	2026-09-29T12:07:56.1449240Z ├─ asynckit@0.4.0
Build iOS and Submit to TestFlight	Setup Expo and EAS CLI	2026-09-29T12:07:56.1449700Z ├─ balanced-match@1.0.2
Build iOS and Submit to TestFlight	Setup Expo and EAS CLI	2026-09-29T12:07:56.1450070Z ├─ bare-events@2.9.2
Build iOS and Submit to TestFlight	Setup Expo and EAS CLI	2026-09-29T12:07:56.1450720Z ├─ baseline-browser-mapping@2.11.26
Build iOS and Submit to TestFlight	Setup Expo and EAS CLI	2026-09-29T12:07:56.1451320Z ├─ better-opn@3.0.2
Build iOS and Submit to TestFlight	Setup Expo and EAS CLI	2026-09-29T12:07:56.1451630Z ├─ bplist-creator@0.1.0
Build iOS and Submit to TestFlight	Setup Expo and EAS CLI	2026-09-29T12:07:56.1451940Z ├─ bplist-parser@0.3.2
Build iOS and Submit to TestFlight	Setup Expo and EAS CLI	2026-09-29T12:07:56.1452310Z ├─ braces@3.0.3
Build iOS and Submit to TestFlight	Setup Expo and EAS CLI	2026-09-29T12:07:56.1452660Z ├─ browserslist@4.29.2
Build iOS and Submit to TestFlight	Setup Expo and EAS CLI	2026-09-29T12:07:56.1452970Z ├─ bunyan@1.8.15
Build iOS and Submit to TestFlight	Setup Expo and EAS CLI	2026-09-29T12:07:56.1453340Z ├─ call-bind-apply-helpers@1.0.2
Build iOS and Submit to TestFlight	Setup Expo and EAS CLI	2026-09-29T12:07:56.1453730Z ├─ caniuse-lite@1.0.30001813
Build iOS and Submit to TestFlight	Setup Expo and EAS CLI	2026-09-29T12:07:56.1454080Z ├─ cardinal@2.1.1
Build iOS and Submit to TestFlight	Setup Expo and EAS CLI	2026-09-29T12:07:56.1454410Z ├─ centrifuge@5.7.1
Build iOS and Submit to TestFlight	Setup Expo and EAS CLI	2026-09-29T12:07:56.1454660Z ├─ charenc@0.0.2
Build iOS and Submit to TestFlight	Setup Expo and EAS CLI	2026-09-29T12:07:56.1454990Z ├─ chownr@3.0.0
Build iOS and Submit to TestFlight	Setup Expo and EAS CLI	2026-09-29T12:07:56.1455400Z ├─ cli-cursor@3.1.0
Build iOS and Submit to TestFlight	Setup Expo and EAS CLI	2026-09-29T12:07:56.1455710Z ├─ cli-progress@3.12.0
Build iOS and Submit to TestFlight	Setup Expo and EAS CLI	2026-09-29T12:07:56.1456100Z ├─ cli-spinners@2.9.2
Build iOS and Submit to TestFlight	Setup Expo and EAS CLI	2026-09-29T12:07:56.1456440Z ├─ clone@1.0.4
Build iOS and Submit to TestFlight	Setup Expo and EAS CLI	2026-09-29T12:07:56.1456740Z ├─ color-convert@2.0.1
Build iOS and Submit to TestFlight	Setup Expo and EAS CLI	2026-09-29T12:07:56.1457210Z ├─ color-name@1.1.4
Build iOS and Submit to TestFlight	Setup Expo and EAS CLI	2026-09-29T12:07:56.1457570Z ├─ combined-stream@1.0.8
Build iOS and Submit to TestFlight	Setup Expo and EAS CLI	2026-09-29T12:07:56.1457840Z ├─ commander@4.1.1
Build iOS and Submit to TestFlight	Setup Expo and EAS CLI	2026-09-29T12:07:56.1458230Z ├─ component-type@1.2.2
Build iOS and Submit to TestFlight	Setup Expo and EAS CLI	2026-09-29T12:07:56.1458590Z ├─ concat-map@0.0.1
Build iOS and Submit to TestFlight	Setup Expo and EAS CLI	2026-09-29T12:07:56.1458950Z ├─ content-type@1.0.5
Build iOS and Submit to TestFlight	Setup Expo and EAS CLI	2026-09-29T12:07:56.1459330Z ├─ convert-source-map@2.0.0
Build iOS and Submit to TestFlight	Setup Expo and EAS CLI	2026-09-29T12:07:56.1459740Z ├─ create-require@1.1.1
Build iOS and Submit to TestFlight	Setup Expo and EAS CLI	2026-09-29T12:07:56.1460010Z ├─ crypt@0.0.2
Build iOS and Submit to TestFlight	Setup Expo and EAS CLI	2026-09-29T12:07:56.1460340Z ├─ crypto-random-string@2.0.0
Build iOS and Submit to TestFlight	Setup Expo and EAS CLI	2026-09-29T12:07:56.1460720Z ├─ dateformat@4.6.3
Build iOS and Submit to TestFlight	Setup Expo and EAS CLI	2026-09-29T12:07:56.1460980Z ├─ defaults@1.0.4
Build iOS and Submit to TestFlight	Setup Expo and EAS CLI	2026-09-29T12:07:56.1461350Z ├─ delayed-stream@1.0.0
Build iOS and Submit to TestFlight	Setup Expo and EAS CLI	2026-09-29T12:07:56.1461670Z ├─ diff@7.0.0
Build iOS and Submit to TestFlight	Setup Expo and EAS CLI	2026-09-29T12:07:56.1461910Z ├─ dir-glob@3.0.1
Build iOS and Submit to TestFlight	Setup Expo and EAS CLI	2026-09-29T12:07:56.1462290Z ├─ domino@2.1.8
Build iOS and Submit to TestFlight	Setup Expo and EAS CLI	2026-09-29T12:07:56.1462610Z ├─ dotenv-expand@11.0.7
Build iOS and Submit to TestFlight	Setup Expo and EAS CLI	2026-09-29T12:07:56.1462910Z ├─ dotenv@16.3.1
Build iOS and Submit to TestFlight	Setup Expo and EAS CLI	2026-09-29T12:07:56.1463270Z ├─ dtrace-provider@0.8.8
Build iOS and Submit to TestFlight	Setup Expo and EAS CLI	2026-09-29T12:07:56.1463630Z ├─ dunder-proto@1.0.1
Build iOS and Submit to TestFlight	Setup Expo and EAS CLI	2026-09-29T12:07:56.1463870Z ├─ eas-cli@24.8.0
Build iOS and Submit to TestFlight	Setup Expo and EAS CLI	2026-09-29T12:07:56.1464230Z ├─ eastasianwidth@0.2.0
Build iOS and Submit to TestFlight	Setup Expo and EAS CLI	2026-09-29T12:07:56.1464570Z ├─ ejs@3.1.10
Build iOS and Submit to TestFlight	Setup Expo and EAS CLI	2026-09-29T12:07:56.1464930Z ├─ electron-to-chromium@1.5.440
Build iOS and Submit to TestFlight	Setup Expo and EAS CLI	2026-09-29T12:07:56.1465200Z ├─ env-paths@2.2.0
Build iOS and Submit to TestFlight	Setup Expo and EAS CLI	2026-09-29T12:07:56.1465550Z ├─ env-string@1.0.1
Build iOS and Submit to TestFlight	Setup Expo and EAS CLI	2026-09-29T12:07:56.1465960Z ├─ envinfo@7.11.0
Build iOS and Submit to TestFlight	Setup Expo and EAS CLI	2026-09-29T12:07:56.1466260Z ├─ err-code@2.0.3
Build iOS and Submit to TestFlight	Setup Expo and EAS CLI	2026-09-29T12:07:56.1466620Z ├─ error-ex@1.3.4
Build iOS and Submit to TestFlight	Setup Expo and EAS CLI	2026-09-29T12:07:56.1466940Z ├─ es-define-property@1.0.1
Build iOS and Submit to TestFlight	Setup Expo and EAS CLI	2026-09-29T12:07:56.1467250Z ├─ es-object-atoms@1.1.2
Build iOS and Submit to TestFlight	Setup Expo and EAS CLI	2026-09-29T12:07:56.1467660Z ├─ es-set-tostringtag@2.1.0
Build iOS and Submit to TestFlight	Setup Expo and EAS CLI	2026-09-29T12:07:56.1468050Z ├─ escalade@3.2.0
Build iOS and Submit to TestFlight	Setup Expo and EAS CLI	2026-09-29T12:07:56.1468330Z ├─ esprima@4.0.1
Build iOS and Submit to TestFlight	Setup Expo and EAS CLI	2026-09-29T12:07:56.1468770Z ├─ events-universal@1.0.1
Build iOS and Submit to TestFlight	Setup Expo and EAS CLI	2026-09-29T12:07:56.1469130Z ├─ events@3.3.0
Build iOS and Submit to TestFlight	Setup Expo and EAS CLI	2026-09-29T12:07:56.1469390Z ├─ exec-async@2.2.0
Build iOS and Submit to TestFlight	Setup Expo and EAS CLI	2026-09-29T12:07:56.1470220Z ├─ fast-deep-equal@3.1.3
Build iOS and Submit to TestFlight	Setup Expo and EAS CLI	2026-09-29T12:07:56.1470780Z ├─ fast-fifo@1.3.2
Build iOS and Submit to TestFlight	Setup Expo and EAS CLI	2026-09-29T12:07:56.1471060Z ├─ fast-glob@3.3.3
Build iOS and Submit to TestFlight	Setup Expo and EAS CLI	2026-09-29T12:07:56.1471370Z ├─ fast-uri@3.1.8
Build iOS and Submit to TestFlight	Setup Expo and EAS CLI	2026-09-29T12:07:56.1471650Z ├─ fastq@1.20.3
Build iOS and Submit to TestFlight	Setup Expo and EAS CLI	2026-09-29T12:07:56.1471890Z ├─ fdir@6.5.0
Build iOS and Submit to TestFlight	Setup Expo and EAS CLI	2026-09-29T12:07:56.1472240Z ├─ fetch-retry@4.1.1
Build iOS and Submit to TestFlight	Setup Expo and EAS CLI	2026-09-29T12:07:56.1472590Z ├─ figures@3.2.0
Build iOS and Submit to TestFlight	Setup Expo and EAS CLI	2026-09-29T12:07:56.1472900Z ├─ filelist@1.0.6
Build iOS and Submit to TestFlight	Setup Expo and EAS CLI	2026-09-29T12:07:56.1473210Z ├─ fill-range@7.1.1
Build iOS and Submit to TestFlight	Setup Expo and EAS CLI	2026-09-29T12:07:56.1473460Z ├─ find-up@4.1.0
Build iOS and Submit to TestFlight	Setup Expo and EAS CLI	2026-09-29T12:07:56.1473700Z ├─ foreground-child@3.3.1
Build iOS and Submit to TestFlight	Setup Expo and EAS CLI	2026-09-29T12:07:56.1474090Z ├─ form-data@4.0.6
Build iOS and Submit to TestFlight	Setup Expo and EAS CLI	2026-09-29T12:07:56.1474410Z ├─ gensync@1.0.0-beta.2
Build iOS and Submit to TestFlight	Setup Expo and EAS CLI	2026-09-29T12:07:56.1474680Z ├─ get-intrinsic@1.3.0
Build iOS and Submit to TestFlight	Setup Expo and EAS CLI	2026-09-29T12:07:56.1475010Z ├─ get-proto@1.0.1
Build iOS and Submit to TestFlight	Setup Expo and EAS CLI	2026-09-29T12:07:56.1475270Z ├─ glob@10.5.0
Build iOS and Submit to TestFlight	Setup Expo and EAS CLI	2026-09-29T12:07:56.1475560Z ├─ globby@11.1.0
Build iOS and Submit to TestFlight	Setup Expo and EAS CLI	2026-09-29T12:07:56.1475790Z ├─ golden-fleece@1.0.9
Build iOS and Submit to TestFlight	Setup Expo and EAS CLI	2026-09-29T12:07:56.1476270Z ├─ graceful-fs@4.2.11
Build iOS and Submit to TestFlight	Setup Expo and EAS CLI	2026-09-29T12:07:56.1476770Z ├─ gradle-to-js@2.0.1
Build iOS and Submit to TestFlight	Setup Expo and EAS CLI	2026-09-29T12:07:56.1477060Z ├─ graphql-tag@2.12.6
Build iOS and Submit to TestFlight	Setup Expo and EAS CLI	2026-09-29T12:07:56.1477370Z ├─ graphql@16.8.1
Build iOS and Submit to TestFlight	Setup Expo and EAS CLI	2026-09-29T12:07:56.1477790Z ├─ has-symbols@1.1.0
Build iOS and Submit to TestFlight	Setup Expo and EAS CLI	2026-09-29T12:07:56.1478070Z ├─ has-tostringtag@1.0.2
Build iOS and Submit to TestFlight	Setup Expo and EAS CLI	2026-09-29T12:07:56.1478430Z ├─ hosted-git-info@7.0.2
Build iOS and Submit to TestFlight	Setup Expo and EAS CLI	2026-09-29T12:07:56.1478760Z ├─ http-call@5.3.0
Build iOS and Submit to TestFlight	Setup Expo and EAS CLI	2026-09-29T12:07:56.1479090Z ├─ https-proxy-agent@7.0.6
Build iOS and Submit to TestFlight	Setup Expo and EAS CLI	2026-09-29T12:07:56.1479420Z ├─ hyperlinker@1.0.0
Build iOS and Submit to TestFlight	Setup Expo and EAS CLI	2026-09-29T12:07:56.1479860Z ├─ ignore@5.3.0
Build iOS and Submit to TestFlight	Setup Expo and EAS CLI	2026-09-29T12:07:56.1480180Z ├─ imurmurhash@0.1.4
Build iOS and Submit to TestFlight	Setup Expo and EAS CLI	2026-09-29T12:07:56.1480590Z ├─ inflight@1.0.6
Build iOS and Submit to TestFlight	Setup Expo and EAS CLI	2026-09-29T12:07:56.1480870Z ├─ inherits@2.0.4
Build iOS and Submit to TestFlight	Setup Expo and EAS CLI	2026-09-29T12:07:56.1481140Z ├─ invariant@2.2.4
Build iOS and Submit to TestFlight	Setup Expo and EAS CLI	2026-09-29T12:07:56.1481480Z ├─ is-arrayish@0.2.1
Build iOS and Submit to TestFlight	Setup Expo and EAS CLI	2026-09-29T12:07:56.1481710Z ├─ is-buffer@1.1.6
Build iOS and Submit to TestFlight	Setup Expo and EAS CLI	2026-09-29T12:07:56.1482050Z ├─ is-docker@2.2.1
Build iOS and Submit to TestFlight	Setup Expo and EAS CLI	2026-09-29T12:07:56.1482450Z ├─ is-extglob@2.1.1
Build iOS and Submit to TestFlight	Setup Expo and EAS CLI	2026-09-29T12:07:56.1482780Z ├─ is-glob@4.0.3
Build iOS and Submit to TestFlight	Setup Expo and EAS CLI	2026-09-29T12:07:56.1483080Z ├─ is-inside-container@1.0.0
Build iOS and Submit to TestFlight	Setup Expo and EAS CLI	2026-09-29T12:07:56.1483520Z ├─ is-interactive@1.0.0
Build iOS and Submit to TestFlight	Setup Expo and EAS CLI	2026-09-29T12:07:56.1483890Z ├─ is-number@7.0.0
Build iOS and Submit to TestFlight	Setup Expo and EAS CLI	2026-09-29T12:07:56.1505880Z ├─ is-retry-allowed@1.2.0
Build iOS and Submit to TestFlight	Setup Expo and EAS CLI	2026-09-29T12:07:56.1506270Z ├─ is-stream@2.0.1
Build iOS and Submit to TestFlight	Setup Expo and EAS CLI	2026-09-29T12:07:56.1506640Z ├─ is-unicode-supported@0.1.0
Build iOS and Submit to TestFlight	Setup Expo and EAS CLI	2026-09-29T12:07:56.1507060Z ├─ isexe@2.0.0
Build iOS and Submit to TestFlight	Setup Expo and EAS CLI	2026-09-29T12:07:56.1507380Z ├─ jackspeak@3.4.3
Build iOS and Submit to TestFlight	Setup Expo and EAS CLI	2026-09-29T12:07:56.1507830Z ├─ jake@10.9.4
Build iOS and Submit to TestFlight	Setup Expo and EAS CLI	2026-09-29T12:07:56.1508150Z ├─ jimp-compact@0.16.1
Build iOS and Submit to TestFlight	Setup Expo and EAS CLI	2026-09-29T12:07:56.1508390Z ├─ jks-js@1.1.0
Build iOS and Submit to TestFlight	Setup Expo and EAS CLI	2026-09-29T12:07:56.1508750Z ├─ join-component@1.1.0
Build iOS and Submit to TestFlight	Setup Expo and EAS CLI	2026-09-29T12:07:56.1509150Z ├─ js-yaml@3.15.2
Build iOS and Submit to TestFlight	Setup Expo and EAS CLI	2026-09-29T12:07:56.1509470Z ├─ jsep@1.4.0
Build iOS and Submit to TestFlight	Setup Expo and EAS CLI	2026-09-29T12:07:56.1509730Z ├─ jsesc@3.1.0
Build iOS and Submit to TestFlight	Setup Expo and EAS CLI	2026-09-29T12:07:56.1510170Z ├─ json-parse-better-errors@1.0.2
Build iOS and Submit to TestFlight	Setup Expo and EAS CLI	2026-09-29T12:07:56.1510560Z ├─ keychain@1.5.0
Build iOS and Submit to TestFlight	Setup Expo and EAS CLI	2026-09-29T12:07:56.1510900Z ├─ kleur@3.0.3
Build iOS and Submit to TestFlight	Setup Expo and EAS CLI	2026-09-29T12:07:56.1511210Z ├─ lilconfig@3.1.3
Build iOS and Submit to TestFlight	Setup Expo and EAS CLI	2026-09-29T12:07:56.1511500Z ├─ lines-and-columns@1.2.4
Build iOS and Submit to TestFlight	Setup Expo and EAS CLI	2026-09-29T12:07:56.1511950Z ├─ locate-path@5.0.0
Build iOS and Submit to TestFlight	Setup Expo and EAS CLI	2026-09-29T12:07:56.1512290Z ├─ lodash.clonedeep@4.5.0
Build iOS and Submit to TestFlight	Setup Expo and EAS CLI	2026-09-29T12:07:56.1512670Z ├─ lodash.merge@4.6.2
Build iOS and Submit to TestFlight	Setup Expo and EAS CLI	2026-09-29T12:07:56.1513060Z ├─ long@5.3.2
Build iOS and Submit to TestFlight	Setup Expo and EAS CLI	2026-09-29T12:07:56.1513430Z ├─ loose-envify@1.4.0
Build iOS and Submit to TestFlight	Setup Expo and EAS CLI	2026-09-29T12:07:56.1513760Z ├─ lru-cache@10.4.3
Build iOS and Submit to TestFlight	Setup Expo and EAS CLI	2026-09-29T12:07:56.1514150Z ├─ make-error@1.3.6
Build iOS and Submit to TestFlight	Setup Expo and EAS CLI	2026-09-29T12:07:56.1514550Z ├─ math-intrinsics@1.1.0
Build iOS and Submit to TestFlight	Setup Expo and EAS CLI	2026-09-29T12:07:56.1514880Z ├─ md5@2.3.0
Build iOS and Submit to TestFlight	Setup Expo and EAS CLI	2026-09-29T12:07:56.1515090Z ├─ merge2@1.4.1
Build iOS and Submit to TestFlight	Setup Expo and EAS CLI	2026-09-29T12:07:56.1515350Z ├─ micromatch@4.0.8
Build iOS and Submit to TestFlight	Setup Expo and EAS CLI	2026-09-29T12:07:56.1515620Z ├─ mime-db@1.52.0
Build iOS and Submit to TestFlight	Setup Expo and EAS CLI	2026-09-29T12:07:56.1516100Z ├─ mime-types@2.1.35
Build iOS and Submit to TestFlight	Setup Expo and EAS CLI	2026-09-29T12:07:56.1516660Z ├─ mime@3.0.0
Build iOS and Submit to TestFlight	Setup Expo and EAS CLI	2026-09-29T12:07:56.1516940Z ├─ mimic-fn@2.1.0
Build iOS and Submit to TestFlight	Setup Expo and EAS CLI	2026-09-29T12:07:56.1517340Z ├─ minimatch@10.2.6
Build iOS and Submit to TestFlight	Setup Expo and EAS CLI	2026-09-29T12:07:56.1517670Z ├─ minimist@1.2.8
Build iOS and Submit to TestFlight	Setup Expo and EAS CLI	2026-09-29T12:07:56.1517920Z ├─ minipass@7.1.3
Build iOS and Submit to TestFlight	Setup Expo and EAS CLI	2026-09-29T12:07:56.1518170Z ├─ minizlib@3.1.0
Build iOS and Submit to TestFlight	Setup Expo and EAS CLI	2026-09-29T12:07:56.1518380Z ├─ mkdirp@0.5.6
Build iOS and Submit to TestFlight	Setup Expo and EAS CLI	2026-09-29T12:07:56.1518610Z ├─ moment@2.31.0
Build iOS and Submit to TestFlight	Setup Expo and EAS CLI	2026-09-29T12:07:56.1518810Z ├─ ms@2.1.3
Build iOS and Submit to TestFlight	Setup Expo and EAS CLI	2026-09-29T12:07:56.1519030Z ├─ multipasta@0.2.8
Build iOS and Submit to TestFlight	Setup Expo and EAS CLI	2026-09-29T12:07:56.1519320Z ├─ mute-stream@0.0.8
Build iOS and Submit to TestFlight	Setup Expo and EAS CLI	2026-09-29T12:07:56.1519720Z ├─ mv@2.1.1
Build iOS and Submit to TestFlight	Setup Expo and EAS CLI	2026-09-29T12:07:56.1520590Z ├─ mz@2.7.0
Build iOS and Submit to TestFlight	Setup Expo and EAS CLI	2026-09-29T12:07:56.1521480Z ├─ nan@2.29.0
Build iOS and Submit to TestFlight	Setup Expo and EAS CLI	2026-09-29T12:07:56.1521690Z ├─ nanoid@3.3.8
Build iOS and Submit to TestFlight	Setup Expo and EAS CLI	2026-09-29T12:07:56.1522250Z ├─ natural-orderby@2.0.3
Build iOS and Submit to TestFlight	Setup Expo and EAS CLI	2026-09-29T12:07:56.1522600Z ├─ ncp@2.0.0
Build iOS and Submit to TestFlight	Setup Expo and EAS CLI	2026-09-29T12:07:56.1522900Z ├─ node-fetch@2.6.7
Build iOS and Submit to TestFlight	Setup Expo and EAS CLI	2026-09-29T12:07:56.1523150Z ├─ node-int64@0.4.0
Build iOS and Submit to TestFlight	Setup Expo and EAS CLI	2026-09-29T12:07:56.1523390Z ├─ node-releases@2.0.57
Build iOS and Submit to TestFlight	Setup Expo and EAS CLI	2026-09-29T12:07:56.1523630Z ├─ node-rsa@1.1.1
Build iOS and Submit to TestFlight	Setup Expo and EAS CLI	2026-09-29T12:07:56.1523890Z ├─ node-stream-zip@1.15.0
Build iOS and Submit to TestFlight	Setup Expo and EAS CLI	2026-09-29T12:07:56.1524180Z ├─ npm-package-arg@11.0.3
Build iOS and Submit to TestFlight	Setup Expo and EAS CLI	2026-09-29T12:07:56.1524440Z ├─ nullthrows@1.1.1
Build iOS and Submit to TestFlight	Setup Expo and EAS CLI	2026-09-29T12:07:56.1524680Z ├─ object-assign@4.1.1
Build iOS and Submit to TestFlight	Setup Expo and EAS CLI	2026-09-29T12:07:56.1524940Z ├─ object-treeify@1.1.33
Build iOS and Submit to TestFlight	Setup Expo and EAS CLI	2026-09-29T12:07:56.1525210Z ├─ onetime@5.1.2
Build iOS and Submit to TestFlight	Setup Expo and EAS CLI	2026-09-29T12:07:56.1525480Z ├─ open@8.4.0
Build iOS and Submit to TestFlight	Setup Expo and EAS CLI	2026-09-29T12:07:56.1525680Z ├─ ora@5.1.0
Build iOS and Submit to TestFlight	Setup Expo and EAS CLI	2026-09-29T12:07:56.1525880Z ├─ p-limit@2.3.0
Build iOS and Submit to TestFlight	Setup Expo and EAS CLI	2026-09-29T12:07:56.1526120Z ├─ p-locate@4.1.0
Build iOS and Submit to TestFlight	Setup Expo and EAS CLI	2026-09-29T12:07:56.1526330Z ├─ p-try@2.2.0
Build iOS and Submit to TestFlight	Setup Expo and EAS CLI	2026-09-29T12:07:56.1526620Z ├─ package-json-from-dist@1.0.1
Build iOS and Submit to TestFlight	Setup Expo and EAS CLI	2026-09-29T12:07:56.1526930Z ├─ parse-json@4.0.0
Build iOS and Submit to TestFlight	Setup Expo and EAS CLI	2026-09-29T12:07:56.1527200Z ├─ parse-png@2.1.0
Build iOS and Submit to TestFlight	Setup Expo and EAS CLI	2026-09-29T12:07:56.1527580Z ├─ password-prompt@1.1.3
Build iOS and Submit to TestFlight	Setup Expo and EAS CLI	2026-09-29T12:07:56.1527850Z ├─ path-exists@4.0.0
Build iOS and Submit to TestFlight	Setup Expo and EAS CLI	2026-09-29T12:07:56.1528110Z ├─ path-is-absolute@1.0.1
Build iOS and Submit to TestFlight	Setup Expo and EAS CLI	2026-09-29T12:07:56.1528370Z ├─ path-key@3.1.1
Build iOS and Submit to TestFlight	Setup Expo and EAS CLI	2026-09-29T12:07:56.1528820Z ├─ path-scurry@1.11.1
Build iOS and Submit to TestFlight	Setup Expo and EAS CLI	2026-09-29T12:07:56.1529160Z ├─ path-type@4.0.0
Build iOS and Submit to TestFlight	Setup Expo and EAS CLI	2026-09-29T12:07:56.1529550Z ├─ picomatch@4.0.7
Build iOS and Submit to TestFlight	Setup Expo and EAS CLI	2026-09-29T12:07:56.1529820Z ├─ pirates@4.0.7
Build iOS and Submit to TestFlight	Setup Expo and EAS CLI	2026-09-29T12:07:56.1530040Z ├─ pkg-dir@4.2.0
Build iOS and Submit to TestFlight	Setup Expo and EAS CLI	2026-09-29T12:07:56.1530260Z ├─ plist@3.1.1
Build iOS and Submit to TestFlight	Setup Expo and EAS CLI	2026-09-29T12:07:56.1530630Z ├─ pngjs@7.0.0
Build iOS and Submit to TestFlight	Setup Expo and EAS CLI	2026-09-29T12:07:56.1530880Z ├─ powershell-utils@0.1.0
Build iOS and Submit to TestFlight	Setup Expo and EAS CLI	2026-09-29T12:07:56.1531150Z ├─ proc-log@4.2.0
Build iOS and Submit to TestFlight	Setup Expo and EAS CLI	2026-09-29T12:07:56.1531390Z ├─ promise-limit@2.7.0
Build iOS and Submit to TestFlight	Setup Expo and EAS CLI	2026-09-29T12:07:56.1531660Z ├─ promise-retry@2.0.1
Build iOS and Submit to TestFlight	Setup Expo and EAS CLI	2026-09-29T12:07:56.1531890Z ├─ prompts@2.4.2
Build iOS and Submit to TestFlight	Setup Expo and EAS CLI	2026-09-29T12:07:56.1532130Z ├─ protobufjs@7.6.6
Build iOS and Submit to TestFlight	Setup Expo and EAS CLI	2026-09-29T12:07:56.1532370Z ├─ punycode@2.3.1
Build iOS and Submit to TestFlight	Setup Expo and EAS CLI	2026-09-29T12:07:56.1532630Z ├─ qrcode-terminal@0.12.0
Build iOS and Submit to TestFlight	Setup Expo and EAS CLI	2026-09-29T12:07:56.1532920Z ├─ queue-microtask@1.2.3
Build iOS and Submit to TestFlight	Setup Expo and EAS CLI	2026-09-29T12:07:56.1533170Z ├─ redeyed@2.1.1
Build iOS and Submit to TestFlight	Setup Expo and EAS CLI	2026-09-29T12:07:56.1533460Z ├─ remove-trailing-slash@0.1.1
Build iOS and Submit to TestFlight	Setup Expo and EAS CLI	2026-09-29T12:07:56.1533750Z ├─ restore-cursor@3.1.0
Build iOS and Submit to TestFlight	Setup Expo and EAS CLI	2026-09-29T12:07:56.1533980Z ├─ retry@0.12.0
Build iOS and Submit to TestFlight	Setup Expo and EAS CLI	2026-09-29T12:07:56.1534210Z ├─ reusify@1.1.0
Build iOS and Submit to TestFlight	Setup Expo and EAS CLI	2026-09-29T12:07:56.1534420Z ├─ rimraf@2.4.5
Build iOS and Submit to TestFlight	Setup Expo and EAS CLI	2026-09-29T12:07:56.1534660Z ├─ run-parallel@1.2.0
Build iOS and Submit to TestFlight	Setup Expo and EAS CLI	2026-09-29T12:07:56.1534910Z ├─ safe-buffer@5.2.1
Build iOS and Submit to TestFlight	Setup Expo and EAS CLI	2026-09-29T12:07:56.1535170Z ├─ safe-json-stringify@1.2.0
Build iOS and Submit to TestFlight	Setup Expo and EAS CLI	2026-09-29T12:07:56.1535450Z ├─ safer-buffer@2.1.2
Build iOS and Submit to TestFlight	Setup Expo and EAS CLI	2026-09-29T12:07:56.1535850Z ├─ sandbox-cli-detector@0.2.0
Build iOS and Submit to TestFlight	Setup Expo and EAS CLI	2026-09-29T12:07:56.1536390Z ├─ sax@1.6.1
Build iOS and Submit to TestFlight	Setup Expo and EAS CLI	2026-09-29T12:07:56.1536780Z ├─ set-interval-async@3.0.3
Build iOS and Submit to TestFlight	Setup Expo and EAS CLI	2026-09-29T12:07:56.1537120Z ├─ shebang-command@2.0.0
Build iOS and Submit to TestFlight	Setup Expo and EAS CLI	2026-09-29T12:07:56.1537460Z ├─ shebang-regex@3.0.0
Build iOS and Submit to TestFlight	Setup Expo and EAS CLI	2026-09-29T12:07:56.1537700Z ├─ simple-plist@1.3.1
Build iOS and Submit to TestFlight	Setup Expo and EAS CLI	2026-09-29T12:07:56.1537960Z ├─ sisteransi@1.0.5
Build iOS and Submit to TestFlight	Setup Expo and EAS CLI	2026-09-29T12:07:56.1538210Z ├─ slice-ansi@4.0.0
Build iOS and Submit to TestFlight	Setup Expo and EAS CLI	2026-09-29T12:07:56.1538460Z ├─ sprintf-js@1.0.3
Build iOS and Submit to TestFlight	Setup Expo and EAS CLI	2026-09-29T12:07:56.1538960Z ├─ stream-buffers@2.2.0
Build iOS and Submit to TestFlight	Setup Expo and EAS CLI	2026-09-29T12:07:56.1539580Z ├─ streamx@2.28.1
Build iOS and Submit to TestFlight	Setup Expo and EAS CLI	2026-09-29T12:07:56.1539960Z ├─ string-width-cjs@4.2.3
Build iOS and Submit to TestFlight	Setup Expo and EAS CLI	2026-09-29T12:07:56.1540230Z ├─ strip-ansi-cjs@6.0.1
Build iOS and Submit to TestFlight	Setup Expo and EAS CLI	2026-09-29T12:07:56.1540520Z ├─ sucrase@3.35.0
Build iOS and Submit to TestFlight	Setup Expo and EAS CLI	2026-09-29T12:07:56.1540790Z ├─ supports-color@7.2.0
Build iOS and Submit to TestFlight	Setup Expo and EAS CLI	2026-09-29T12:07:56.1541130Z ├─ supports-hyperlinks@2.3.0
Build iOS and Submit to TestFlight	Setup Expo and EAS CLI	2026-09-29T12:07:56.1541430Z ├─ tar-stream@3.1.7
Build iOS and Submit to TestFlight	Setup Expo and EAS CLI	2026-09-29T12:07:56.1541660Z ├─ tar@7.5.19
Build iOS and Submit to TestFlight	Setup Expo and EAS CLI	2026-09-29T12:07:56.1541870Z ├─ temp-dir@2.0.0
Build iOS and Submit to TestFlight	Setup Expo and EAS CLI	2026-09-29T12:07:56.1542100Z ├─ text-decoder@1.2.7
Build iOS and Submit to TestFlight	Setup Expo and EAS CLI	2026-09-29T12:07:56.1542380Z ├─ thenify-all@1.6.0
Build iOS and Submit to TestFlight	Setup Expo and EAS CLI	2026-09-29T12:07:56.1543320Z ├─ thenify@3.3.1
Build iOS and Submit to TestFlight	Setup Expo and EAS CLI	2026-09-29T12:07:56.1543620Z ├─ tinyglobby@0.2.17
Build iOS and Submit to TestFlight	Setup Expo and EAS CLI	2026-09-29T12:07:56.1544420Z ├─ to-regex-range@5.0.1
Build iOS and Submit to TestFlight	Setup Expo and EAS CLI	2026-09-29T12:07:56.1544710Z ├─ tr46@0.0.3
Build iOS and Submit to TestFlight	Setup Expo and EAS CLI	2026-09-29T12:07:56.1544980Z ├─ ts-deepmerge@6.2.0
Build iOS and Submit to TestFlight	Setup Expo and EAS CLI	2026-09-29T12:07:56.1546080Z ├─ ts-interface-checker@0.1.13
Build iOS and Submit to TestFlight	Setup Expo and EAS CLI	2026-09-29T12:07:56.1546440Z ├─ ts-node@10.9.2
Build iOS and Submit to TestFlight	Setup Expo and EAS CLI	2026-09-29T12:07:56.1546720Z ├─ tslib@2.8.1
Build iOS and Submit to TestFlight	Setup Expo and EAS CLI	2026-09-29T12:07:56.1546950Z ├─ tunnel-agent@0.6.0
Build iOS and Submit to TestFlight	Setup Expo and EAS CLI	2026-09-29T12:07:56.1547610Z ├─ turndown@7.1.2
Build iOS and Submit to TestFlight	Setup Expo and EAS CLI	2026-09-29T12:07:56.1547880Z ├─ type-fest@0.21.3
Build iOS and Submit to TestFlight	Setup Expo and EAS CLI	2026-09-29T12:07:56.1548120Z ├─ undici-types@8.9.0
Build iOS and Submit to TestFlight	Setup Expo and EAS CLI	2026-09-29T12:07:56.1548400Z ├─ unique-string@2.0.0
Build iOS and Submit to TestFlight	Setup Expo and EAS CLI	2026-09-29T12:07:56.1549130Z ├─ untildify@4.0.0
Build iOS and Submit to TestFlight	Setup Expo and EAS CLI	2026-09-29T12:07:56.1550680Z ├─ update-browserslist-db@1.3.3
Build iOS and Submit to TestFlight	Setup Expo and EAS CLI	2026-09-29T12:07:56.1551050Z ├─ uri-js@4.4.1
Build iOS and Submit to TestFlight	Setup Expo and EAS CLI	2026-09-29T12:07:56.1551270Z ├─ uuid@11.1.1
Build iOS and Submit to TestFlight	Setup Expo and EAS CLI	2026-09-29T12:07:56.1551540Z ├─ v8-compile-cache-lib@3.0.1
Build iOS and Submit to TestFlight	Setup Expo and EAS CLI	2026-09-29T12:07:56.1551890Z ├─ validate-npm-package-name@5.0.1
Build iOS and Submit to TestFlight	Setup Expo and EAS CLI	2026-09-29T12:07:56.1552230Z ├─ webidl-conversions@3.0.1
Build iOS and Submit to TestFlight	Setup Expo and EAS CLI	2026-09-29T12:07:56.1552480Z ├─ which@2.0.2
Build iOS and Submit to TestFlight	Setup Expo and EAS CLI	2026-09-29T12:07:56.1552730Z ├─ wrap-ansi-cjs@7.0.0
Build iOS and Submit to TestFlight	Setup Expo and EAS CLI	2026-09-29T12:07:56.1553000Z ├─ write-file-atomic@2.4.3
Build iOS and Submit to TestFlight	Setup Expo and EAS CLI	2026-09-29T12:07:56.1553240Z ├─ ws@8.21.1
Build iOS and Submit to TestFlight	Setup Expo and EAS CLI	2026-09-29T12:07:56.1553480Z ├─ wsl-utils@0.4.0
Build iOS and Submit to TestFlight	Setup Expo and EAS CLI	2026-09-29T12:07:56.1553710Z ├─ yallist@5.0.0
Build iOS and Submit to TestFlight	Setup Expo and EAS CLI	2026-09-29T12:07:56.1553940Z ├─ yaml@2.6.0
Build iOS and Submit to TestFlight	Setup Expo and EAS CLI	2026-09-29T12:07:56.1554140Z └─ yn@3.1.1
Build iOS and Submit to TestFlight	Setup Expo and EAS CLI	2026-09-29T12:07:56.1554350Z Done in 24.45s.
Build iOS and Submit to TestFlight	Setup Expo and EAS CLI	2026-09-29T12:08:09.4162290Z [command]/opt/homebrew/bin/gtar --posix -cf cache.tzst --exclude cache.tzst -P -C /Users/runner/work/NGNflow/NGNflow --files-from manifest.txt --delay-directory-restore --use-compress-program zstdmt
Build iOS and Submit to TestFlight	Setup Expo and EAS CLI	2026-09-29T12:08:12.2790060Z ##[warning]Failed to save: <h2>Our services aren't available right now</h2><p>We're working to restore all services as soon as possible. Please check back soon.</p>0LKq7agAAAADHgdLcYryuT7kQw686DK+7UEhMMzBFREdFMDEwOQBFZGdl
Build iOS and Submit to TestFlight	Setup Expo and EAS CLI	2026-09-29T12:08:12.2814900Z ##[endgroup]
Build iOS and Submit to TestFlight	Setup Expo and EAS CLI	2026-09-29T12:08:12.2827650Z ##[group]Validating authenticated account
Build iOS and Submit to TestFlight	Setup Expo and EAS CLI	2026-09-29T12:08:12.2829970Z [command]/Users/runner/hostedtoolcache/eas-cli/24.8.0/arm64/node_modules/.bin/eas whoami
Build iOS and Submit to TestFlight	Setup Expo and EAS CLI	2026-09-29T12:08:13.5824840Z olamicreas (authenticated using EXPO_TOKEN)
Build iOS and Submit to TestFlight	Setup Expo and EAS CLI	2026-09-29T12:08:13.5928590Z abdulquayyumoyedotun@gmail.com
Build iOS and Submit to TestFlight	Setup Expo and EAS CLI	2026-09-29T12:08:13.8379770Z ##[endgroup]
Build iOS and Submit to TestFlight	Setup Expo and EAS CLI	2026-09-29T12:08:13.8482940Z ##[group]Patching system watchers for the 'ENOSPC' error
Build iOS and Submit to TestFlight	Setup Expo and EAS CLI	2026-09-29T12:08:13.8581910Z Skipped patching watchers: not running on Linux.
Build iOS and Submit to TestFlight	Setup Expo and EAS CLI	2026-09-29T12:08:13.8667070Z ##[endgroup]
Build iOS and Submit to TestFlight	Build for iOS (Local on Runner)	﻿2026-09-29T12:08:13.8908150Z ##[group]Run EAS_LOCAL_BUILD_SKIP_CLEANUP=1 EAS_NO_VCS=1 eas build --platform ios --local --non-interactive --output build.ipa
Build iOS and Submit to TestFlight	Build for iOS (Local on Runner)	2026-09-29T12:08:13.8910670Z ^[[36;1mEAS_LOCAL_BUILD_SKIP_CLEANUP=1 EAS_NO_VCS=1 eas build --platform ios --local --non-interactive --output build.ipa^[[0m
Build iOS and Submit to TestFlight	Build for iOS (Local on Runner)	2026-09-29T12:08:14.1741910Z shell: /bin/bash -e {0}
Build iOS and Submit to TestFlight	Build for iOS (Local on Runner)	2026-09-29T12:08:14.1742680Z env:
Build iOS and Submit to TestFlight	Build for iOS (Local on Runner)	2026-09-29T12:08:14.1743680Z   EXPO_TOKEN: ***
Build iOS and Submit to TestFlight	Build for iOS (Local on Runner)	2026-09-29T12:08:14.1744450Z ##[endgroup]
Build iOS and Submit to TestFlight	Build for iOS (Local on Runner)	2026-09-29T12:08:16.0727820Z Using EAS CLI without version control system is not recommended, use this mode only if you know what you are doing.
Build iOS and Submit to TestFlight	Build for iOS (Local on Runner)	2026-09-29T12:08:16.2687890Z 
Build iOS and Submit to TestFlight	Build for iOS (Local on Runner)	2026-09-29T12:08:16.2763700Z ⚠️ Detected that your app uses Expo Go for development, this is not recommended when building production apps.
Build iOS and Submit to TestFlight	Build for iOS (Local on Runner)	2026-09-29T12:08:16.2770140Z Learn more: https://expo.fyi/why-not-build-expo-go-for-production
Build iOS and Submit to TestFlight	Build for iOS (Local on Runner)	2026-09-29T12:08:16.2783090Z To suppress this warning, set EAS_BUILD_NO_EXPO_GO_WARNING=true.
Build iOS and Submit to TestFlight	Build for iOS (Local on Runner)	2026-09-29T12:08:16.2792880Z 
Build iOS and Submit to TestFlight	Build for iOS (Local on Runner)	2026-09-29T12:08:17.7030240Z Resolved "production" environment for the build. Learn more: https://docs.expo.dev/eas/environment-variables/#setting-the-environment-for-your-builds
Build iOS and Submit to TestFlight	Build for iOS (Local on Runner)	2026-09-29T12:08:17.7632070Z No environment variables with visibility "Plain text" and "Sensitive" found for the "production" environment on EAS.
Build iOS and Submit to TestFlight	Build for iOS (Local on Runner)	2026-09-29T12:08:17.7643170Z 
Build iOS and Submit to TestFlight	Build for iOS (Local on Runner)	2026-09-29T12:08:20.9534650Z - Incrementing buildNumber from 71 to 72.
Build iOS and Submit to TestFlight	Build for iOS (Local on Runner)	2026-09-29T12:08:21.0645510Z ✔ Incremented buildNumber from 71 to 72.
Build iOS and Submit to TestFlight	Build for iOS (Local on Runner)	2026-09-29T12:08:21.3139050Z ✔ Using remote iOS credentials (Expo server)
Build iOS and Submit to TestFlight	Build for iOS (Local on Runner)	2026-09-29T12:08:21.3139910Z 
Build iOS and Submit to TestFlight	Build for iOS (Local on Runner)	2026-09-29T12:08:21.4994570Z Distribution Certificate is not validated for non-interactive builds.
Build iOS and Submit to TestFlight	Build for iOS (Local on Runner)	2026-09-29T12:08:21.6935030Z Using App Store Connect API Key from EAS credentials service.
Build iOS and Submit to TestFlight	Build for iOS (Local on Runner)	2026-09-29T12:08:21.9372560Z - Fetching Apple provisioning profiles
Build iOS and Submit to TestFlight	Build for iOS (Local on Runner)	2026-09-29T12:08:22.8812310Z ✔ Fetched Apple provisioning profiles
Build iOS and Submit to TestFlight	Build for iOS (Local on Runner)	2026-09-29T12:08:22.8831020Z 
Build iOS and Submit to TestFlight	Build for iOS (Local on Runner)	2026-09-29T12:08:22.8837060Z Project Credentials Configuration
Build iOS and Submit to TestFlight	Build for iOS (Local on Runner)	2026-09-29T12:08:22.8843140Z 
Build iOS and Submit to TestFlight	Build for iOS (Local on Runner)	2026-09-29T12:08:22.8865860Z Project                   @olamicreas/NGNflow
Build iOS and Submit to TestFlight	Build for iOS (Local on Runner)	2026-09-29T12:08:22.8866840Z Bundle Identifier         com.olamicreas.ngnflow
Build iOS and Submit to TestFlight	Build for iOS (Local on Runner)	2026-09-29T12:08:22.8867390Z                           
Build iOS and Submit to TestFlight	Build for iOS (Local on Runner)	2026-09-29T12:08:22.8867720Z App Store Configuration   
Build iOS and Submit to TestFlight	Build for iOS (Local on Runner)	2026-09-29T12:08:22.8868190Z                           
Build iOS and Submit to TestFlight	Build for iOS (Local on Runner)	2026-09-29T12:08:22.8868620Z Distribution Certificate  
Build iOS and Submit to TestFlight	Build for iOS (Local on Runner)	2026-09-29T12:08:22.8869030Z Serial Number             63DE8D7A91A24A3B39124B29CAE9B6F1
Build iOS and Submit to TestFlight	Build for iOS (Local on Runner)	2026-09-29T12:08:22.8871150Z Expiration Date           Sat, 21 Aug 2027 15:40:51 UTC
Build iOS and Submit to TestFlight	Build for iOS (Local on Runner)	2026-09-29T12:08:22.8873730Z Apple Team                2R4679C9P5 (AbdulQuayyum Oyedotun (Individual))
Build iOS and Submit to TestFlight	Build for iOS (Local on Runner)	2026-09-29T12:08:22.8875130Z Updated                   1 month ago
Build iOS and Submit to TestFlight	Build for iOS (Local on Runner)	2026-09-29T12:08:22.8876250Z                           
Build iOS and Submit to TestFlight	Build for iOS (Local on Runner)	2026-09-29T12:08:22.8877750Z Provisioning Profile      
Build iOS and Submit to TestFlight	Build for iOS (Local on Runner)	2026-09-29T12:08:22.8878970Z Developer Portal ID       Q8V7NVJ8PT
Build iOS and Submit to TestFlight	Build for iOS (Local on Runner)	2026-09-29T12:08:22.8879910Z Status                    active
Build iOS and Submit to TestFlight	Build for iOS (Local on Runner)	2026-09-29T12:08:22.8881230Z Expiration                Sat, 21 Aug 2027 15:40:51 UTC
Build iOS and Submit to TestFlight	Build for iOS (Local on Runner)	2026-09-29T12:08:22.8882950Z Apple Team                2R4679C9P5 (AbdulQuayyum Oyedotun (Individual))
Build iOS and Submit to TestFlight	Build for iOS (Local on Runner)	2026-09-29T12:08:22.8884370Z Updated                   2 days ago
Build iOS and Submit to TestFlight	Build for iOS (Local on Runner)	2026-09-29T12:08:22.8886000Z                           
Build iOS and Submit to TestFlight	Build for iOS (Local on Runner)	2026-09-29T12:08:22.8887410Z All credentials are ready to build @olamicreas/NGNflow (com.olamicreas.ngnflow)
Build iOS and Submit to TestFlight	Build for iOS (Local on Runner)	2026-09-29T12:08:22.8888140Z 
Build iOS and Submit to TestFlight	Build for iOS (Local on Runner)	2026-09-29T12:08:23.2553320Z - Computing project fingerprint
Build iOS and Submit to TestFlight	Build for iOS (Local on Runner)	2026-09-29T12:08:28.2587960Z ⌛️ Computing the project fingerprint is taking longer than expected...
Build iOS and Submit to TestFlight	Build for iOS (Local on Runner)	2026-09-29T12:08:28.2590990Z ⏩ To skip this step, set the environment variable: EAS_SKIP_AUTO_FINGERPRINT=1
Build iOS and Submit to TestFlight	Build for iOS (Local on Runner)	2026-09-29T12:08:29.0901370Z ✔ Computed project fingerprint
Build iOS and Submit to TestFlight	Build for iOS (Local on Runner)	2026-09-29T12:08:36.8131450Z [SETUP_WORKINGDIR] Preparing workingdir /var/folders/36/tjdph2t965j8snz9_vkdnw0r0000gn/T/eas-build-local-nodejs/c3e672bf-5ca3-419f-af5c-3fc6c951fd2e
Build iOS and Submit to TestFlight	Build for iOS (Local on Runner)	2026-09-29T12:08:36.8169990Z [START_BUILD] Starting build
Build iOS and Submit to TestFlight	Build for iOS (Local on Runner)	2026-09-29T12:08:36.8174580Z   "job": {
Build iOS and Submit to TestFlight	Build for iOS (Local on Runner)	2026-09-29T12:08:36.8175020Z     "type": "managed",
Build iOS and Submit to TestFlight	Build for iOS (Local on Runner)	2026-09-29T12:08:36.8176510Z     "platform": "ios",
Build iOS and Submit to TestFlight	Build for iOS (Local on Runner)	2026-09-29T12:08:36.8176830Z     "projectArchive": {
Build iOS and Submit to TestFlight	Build for iOS (Local on Runner)	2026-09-29T12:08:36.8177190Z       "type": "PATH",
Build iOS and Submit to TestFlight	Build for iOS (Local on Runner)	2026-09-29T12:08:36.8177810Z       "path": "/var/folders/36/tjdph2t965j8snz9_vkdnw0r0000gn/T/eas-cli-nodejs/ceb47b25-65d2-470d-8350-918b0dd7c71f.tar.gz"
Build iOS and Submit to TestFlight	Build for iOS (Local on Runner)	2026-09-29T12:08:36.8178490Z     },
Build iOS and Submit to TestFlight	Build for iOS (Local on Runner)	2026-09-29T12:08:36.8178820Z     "projectRootDirectory": ".",
Build iOS and Submit to TestFlight	Build for iOS (Local on Runner)	2026-09-29T12:08:36.8179220Z     "builderEnvironment": {
Build iOS and Submit to TestFlight	Build for iOS (Local on Runner)	2026-09-29T12:08:36.8179650Z       "image": "latest",
Build iOS and Submit to TestFlight	Build for iOS (Local on Runner)	2026-09-29T12:08:36.8180080Z       "env": {}
Build iOS and Submit to TestFlight	Build for iOS (Local on Runner)	2026-09-29T12:08:36.8180340Z     },
Build iOS and Submit to TestFlight	Build for iOS (Local on Runner)	2026-09-29T12:08:36.8180750Z     "cache": {
Build iOS and Submit to TestFlight	Build for iOS (Local on Runner)	2026-09-29T12:08:36.8181100Z       "disabled": false,
Build iOS and Submit to TestFlight	Build for iOS (Local on Runner)	2026-09-29T12:08:36.8181400Z       "paths": [],
Build iOS and Submit to TestFlight	Build for iOS (Local on Runner)	2026-09-29T12:08:36.8181750Z       "clear": false
Build iOS and Submit to TestFlight	Build for iOS (Local on Runner)	2026-09-29T12:08:36.8182070Z     },
Build iOS and Submit to TestFlight	Build for iOS (Local on Runner)	2026-09-29T12:08:36.8182300Z     "updates": {},
Build iOS and Submit to TestFlight	Build for iOS (Local on Runner)	2026-09-29T12:08:36.8182630Z     "scheme": "NGNflow",
Build iOS and Submit to TestFlight	Build for iOS (Local on Runner)	2026-09-29T12:08:36.8189880Z     "username": "olamicreas",
Build iOS and Submit to TestFlight	Build for iOS (Local on Runner)	2026-09-29T12:08:36.8190290Z     "version": {
Build iOS and Submit to TestFlight	Build for iOS (Local on Runner)	2026-09-29T12:08:36.8190590Z       "buildNumber": "72"
Build iOS and Submit to TestFlight	Build for iOS (Local on Runner)	2026-09-29T12:08:36.8190980Z     },
Build iOS and Submit to TestFlight	Build for iOS (Local on Runner)	2026-09-29T12:08:36.8191340Z     "experimental": {},
Build iOS and Submit to TestFlight	Build for iOS (Local on Runner)	2026-09-29T12:08:36.8191610Z     "mode": "build",
Build iOS and Submit to TestFlight	Build for iOS (Local on Runner)	2026-09-29T12:08:36.8191940Z     "triggeredBy": "EAS_CLI",
Build iOS and Submit to TestFlight	Build for iOS (Local on Runner)	2026-09-29T12:08:36.8192350Z     "appId": "37392892-5e18-40dc-9637-0cbb73d2307d",
Build iOS and Submit to TestFlight	Build for iOS (Local on Runner)	2026-09-29T12:08:36.8192780Z     "initiatingUserId": "111d6b7c-7a91-4431-8f03-0f2d8ff66bfb"
Build iOS and Submit to TestFlight	Build for iOS (Local on Runner)	2026-09-29T12:08:36.8193240Z   }
Build iOS and Submit to TestFlight	Build for iOS (Local on Runner)	2026-09-29T12:08:36.8780040Z [PREPARE_PROJECT] Normalizing project source permissions
Build iOS and Submit to TestFlight	Build for iOS (Local on Runner)	2026-09-29T12:08:36.8875630Z [READ_EAS_JSON] Using eas.json:
Build iOS and Submit to TestFlight	Build for iOS (Local on Runner)	2026-09-29T12:08:36.8877200Z [READ_EAS_JSON] {
Build iOS and Submit to TestFlight	Build for iOS (Local on Runner)	2026-09-29T12:08:36.8878010Z   "cli": {
Build iOS and Submit to TestFlight	Build for iOS (Local on Runner)	2026-09-29T12:08:36.8878720Z     "version": ">= 18.0.6",
Build iOS and Submit to TestFlight	Build for iOS (Local on Runner)	2026-09-29T12:08:36.8879450Z     "appVersionSource": "remote"
Build iOS and Submit to TestFlight	Build for iOS (Local on Runner)	2026-09-29T12:08:36.8880220Z   },
Build iOS and Submit to TestFlight	Build for iOS (Local on Runner)	2026-09-29T12:08:36.8881480Z   "build": {
Build iOS and Submit to TestFlight	Build for iOS (Local on Runner)	2026-09-29T12:08:36.8881930Z     "development": {
Build iOS and Submit to TestFlight	Build for iOS (Local on Runner)	2026-09-29T12:08:36.8882260Z       "developmentClient": true,
Build iOS and Submit to TestFlight	Build for iOS (Local on Runner)	2026-09-29T12:08:36.8882750Z       "distribution": "internal"
Build iOS and Submit to TestFlight	Build for iOS (Local on Runner)	2026-09-29T12:08:36.8883100Z     },
Build iOS and Submit to TestFlight	Build for iOS (Local on Runner)	2026-09-29T12:08:36.8883310Z     "preview": {
Build iOS and Submit to TestFlight	Build for iOS (Local on Runner)	2026-09-29T12:08:36.8883680Z       "distribution": "internal"
Build iOS and Submit to TestFlight	Build for iOS (Local on Runner)	2026-09-29T12:08:36.8884050Z     },
Build iOS and Submit to TestFlight	Build for iOS (Local on Runner)	2026-09-29T12:08:36.8884340Z     "production": {
Build iOS and Submit to TestFlight	Build for iOS (Local on Runner)	2026-09-29T12:08:36.8884640Z       "autoIncrement": true,
Build iOS and Submit to TestFlight	Build for iOS (Local on Runner)	2026-09-29T12:08:36.8885040Z       "ios": {
Build iOS and Submit to TestFlight	Build for iOS (Local on Runner)	2026-09-29T12:08:36.8885330Z         "image": "latest"
Build iOS and Submit to TestFlight	Build for iOS (Local on Runner)	2026-09-29T12:08:36.8885610Z       }
Build iOS and Submit to TestFlight	Build for iOS (Local on Runner)	2026-09-29T12:08:36.8886040Z     }
Build iOS and Submit to TestFlight	Build for iOS (Local on Runner)	2026-09-29T12:08:36.8886460Z   },
Build iOS and Submit to TestFlight	Build for iOS (Local on Runner)	2026-09-29T12:08:36.8886700Z   "submit": {
Build iOS and Submit to TestFlight	Build for iOS (Local on Runner)	2026-09-29T12:08:36.8886990Z     "production": {
Build iOS and Submit to TestFlight	Build for iOS (Local on Runner)	2026-09-29T12:08:36.8887320Z       "ios": {
Build iOS and Submit to TestFlight	Build for iOS (Local on Runner)	2026-09-29T12:08:36.8888190Z         "ascAppId": "6816978729"
Build iOS and Submit to TestFlight	Build for iOS (Local on Runner)	2026-09-29T12:08:36.8889240Z       }
Build iOS and Submit to TestFlight	Build for iOS (Local on Runner)	2026-09-29T12:08:36.8889570Z     }
Build iOS and Submit to TestFlight	Build for iOS (Local on Runner)	2026-09-29T12:08:36.8889760Z   }
Build iOS and Submit to TestFlight	Build for iOS (Local on Runner)	2026-09-29T12:08:36.8890160Z }
Build iOS and Submit to TestFlight	Build for iOS (Local on Runner)	2026-09-29T12:08:36.8890300Z 
Build iOS and Submit to TestFlight	Build for iOS (Local on Runner)	2026-09-29T12:08:36.8890580Z [READ_PACKAGE_JSON] Using package.json:
Build iOS and Submit to TestFlight	Build for iOS (Local on Runner)	2026-09-29T12:08:36.8891100Z [READ_PACKAGE_JSON] {
Build iOS and Submit to TestFlight	Build for iOS (Local on Runner)	2026-09-29T12:08:36.8891460Z   "name": "NGNflow",
Build iOS and Submit to TestFlight	Build for iOS (Local on Runner)	2026-09-29T12:08:36.8891780Z   "version": "1.0.0",
Build iOS and Submit to TestFlight	Build for iOS (Local on Runner)	2026-09-29T12:08:36.8892130Z   "main": "index.js",
Build iOS and Submit to TestFlight	Build for iOS (Local on Runner)	2026-09-29T12:08:36.8892420Z   "dependencies": {
Build iOS and Submit to TestFlight	Build for iOS (Local on Runner)	2026-09-29T12:08:36.8893080Z     "@react-native-async-storage/async-storage": "2.2.0",
Build iOS and Submit to TestFlight	Build for iOS (Local on Runner)	2026-09-29T12:08:36.8893670Z     "@react-navigation/bottom-tabs": "^7.18.18",
Build iOS and Submit to TestFlight	Build for iOS (Local on Runner)	2026-09-29T12:08:36.8894120Z     "@react-navigation/native": "^7.3.18",
Build iOS and Submit to TestFlight	Build for iOS (Local on Runner)	2026-09-29T12:08:36.8894650Z     "@react-navigation/native-stack": "^7.18.10",
Build iOS and Submit to TestFlight	Build for iOS (Local on Runner)	2026-09-29T12:08:36.8895280Z     "axios": "^1.20.0",
Build iOS and Submit to TestFlight	Build for iOS (Local on Runner)	2026-09-29T12:08:36.8895680Z     "expo": "^57.0.25",
Build iOS and Submit to TestFlight	Build for iOS (Local on Runner)	2026-09-29T12:08:36.8896270Z     "expo-asset": "~57.0.18",
Build iOS and Submit to TestFlight	Build for iOS (Local on Runner)	2026-09-29T12:08:36.8896720Z     "expo-build-properties": "~57.0.22",
Build iOS and Submit to TestFlight	Build for iOS (Local on Runner)	2026-09-29T12:08:36.8897060Z     "expo-clipboard": "~57.0.2",
Build iOS and Submit to TestFlight	Build for iOS (Local on Runner)	2026-09-29T12:08:36.8897830Z     "expo-constants": "~57.0.19",
Build iOS and Submit to TestFlight	Build for iOS (Local on Runner)	2026-09-29T12:08:36.8898310Z     "expo-device": "~57.0.2",
Build iOS and Submit to TestFlight	Build for iOS (Local on Runner)	2026-09-29T12:08:36.8898660Z     "expo-modules-jsi": "^57.1.1",
Build iOS and Submit to TestFlight	Build for iOS (Local on Runner)	2026-09-29T12:08:36.8900670Z     "expo-notifications": "~57.0.21",
Build iOS and Submit to TestFlight	Build for iOS (Local on Runner)	2026-09-29T12:08:36.8901140Z     "expo-secure-store": "~57.0.4",
Build iOS and Submit to TestFlight	Build for iOS (Local on Runner)	2026-09-29T12:08:36.8901690Z     "expo-status-bar": "~57.0.1",
Build iOS and Submit to TestFlight	Build for iOS (Local on Runner)	2026-09-29T12:08:36.8902020Z     "lucide-react-native": "^1.41.0",
Build iOS and Submit to TestFlight	Build for iOS (Local on Runner)	2026-09-29T12:08:36.8902480Z     "nativewind": "^2.0.11",
Build iOS and Submit to TestFlight	Build for iOS (Local on Runner)	2026-09-29T12:08:36.8903000Z     "react": "19.2.3",
Build iOS and Submit to TestFlight	Build for iOS (Local on Runner)	2026-09-29T12:08:36.8904680Z     "react-native": "0.86.3",
Build iOS and Submit to TestFlight	Build for iOS (Local on Runner)	2026-09-29T12:08:36.8905140Z     "react-native-qrcode-svg": "^6.3.24",
Build iOS and Submit to TestFlight	Build for iOS (Local on Runner)	2026-09-29T12:08:36.8905550Z     "react-native-reanimated": "4.5.1",
Build iOS and Submit to TestFlight	Build for iOS (Local on Runner)	2026-09-29T12:08:36.8905970Z     "react-native-safe-area-context": "~5.7.0",
Build iOS and Submit to TestFlight	Build for iOS (Local on Runner)	2026-09-29T12:08:36.8906450Z     "react-native-screens": "~4.26.0",
Build iOS and Submit to TestFlight	Build for iOS (Local on Runner)	2026-09-29T12:08:36.8906890Z     "react-native-svg": "^15.15.4",
Build iOS and Submit to TestFlight	Build for iOS (Local on Runner)	2026-09-29T12:08:36.8907240Z     "react-native-worklets": "0.10.1",
Build iOS and Submit to TestFlight	Build for iOS (Local on Runner)	2026-09-29T12:08:36.8907880Z     "tailwindcss": "3.3.2",
Build iOS and Submit to TestFlight	Build for iOS (Local on Runner)	2026-09-29T12:08:36.8908250Z     "zustand": "^5.0.15"
Build iOS and Submit to TestFlight	Build for iOS (Local on Runner)	2026-09-29T12:08:36.8909840Z   },
Build iOS and Submit to TestFlight	Build for iOS (Local on Runner)	2026-09-29T12:08:36.8910220Z   "scripts": {
Build iOS and Submit to TestFlight	Build for iOS (Local on Runner)	2026-09-29T12:08:36.8911150Z     "start": "expo start",
Build iOS and Submit to TestFlight	Build for iOS (Local on Runner)	2026-09-29T12:08:36.8911840Z     "android": "expo run:android",
Build iOS and Submit to TestFlight	Build for iOS (Local on Runner)	2026-09-29T12:08:36.8912250Z     "ios": "expo run:ios",
Build iOS and Submit to TestFlight	Build for iOS (Local on Runner)	2026-09-29T12:08:36.8912660Z     "web": "expo start --web",
Build iOS and Submit to TestFlight	Build for iOS (Local on Runner)	2026-09-29T12:08:36.8913200Z     "postinstall": "patch-package",
Build iOS and Submit to TestFlight	Build for iOS (Local on Runner)	2026-09-29T12:08:36.8914180Z     "eas-build-pre-xcodebuild": "sed -i '' -E 's|path: \"[^\"]*node_modules/react-native\"|path: \"../../../../node_modules/react-native\"|g' ios/build/generated/ios/Package.swift || true"
Build iOS and Submit to TestFlight	Build for iOS (Local on Runner)	2026-09-29T12:08:36.8915380Z   },
Build iOS and Submit to TestFlight	Build for iOS (Local on Runner)	2026-09-29T12:08:36.8916450Z   "private": true,
Build iOS and Submit to TestFlight	Build for iOS (Local on Runner)	2026-09-29T12:08:36.8917310Z   "devDependencies": {
Build iOS and Submit to TestFlight	Build for iOS (Local on Runner)	2026-09-29T12:08:36.8917840Z     "babel-preset-expo": "^57.0.10",
Build iOS and Submit to TestFlight	Build for iOS (Local on Runner)	2026-09-29T12:08:36.8918310Z     "patch-package": "^8.0.1"
Build iOS and Submit to TestFlight	Build for iOS (Local on Runner)	2026-09-29T12:08:36.8918620Z   }
Build iOS and Submit to TestFlight	Build for iOS (Local on Runner)	2026-09-29T12:08:36.8919010Z }
Build iOS and Submit to TestFlight	Build for iOS (Local on Runner)	2026-09-29T12:08:36.8920000Z [INSTALL_DEPENDENCIES] Running "npm ci --include=dev" in /var/folders/36/tjdph2t965j8snz9_vkdnw0r0000gn/T/eas-build-local-nodejs/c3e672bf-5ca3-419f-af5c-3fc6c951fd2e/build directory
Build iOS and Submit to TestFlight	Build for iOS (Local on Runner)	2026-09-29T12:08:41.4246840Z [INSTALL_DEPENDENCIES] npm warn deprecated text-encoding@0.7.0: no longer maintained
Build iOS and Submit to TestFlight	Build for iOS (Local on Runner)	2026-09-29T12:08:42.3508700Z [INSTALL_DEPENDENCIES] npm warn deprecated uuid@7.0.3: uuid@10 and below is no longer supported.  For ESM codebases, update to uuid@latest.  For CommonJS codebases, use uuid@11 (but be aware this version will likely be deprecated in 2028).
Build iOS and Submit to TestFlight	Build for iOS (Local on Runner)	2026-09-29T12:08:52.7044050Z [INSTALL_DEPENDENCIES] > NGNflow@1.0.0 postinstall
Build iOS and Submit to TestFlight	Build for iOS (Local on Runner)	2026-09-29T12:08:52.7046250Z [INSTALL_DEPENDENCIES] > patch-package
Build iOS and Submit to TestFlight	Build for iOS (Local on Runner)	2026-09-29T12:08:53.1035310Z [INSTALL_DEPENDENCIES] patch-package 8.0.1
Build iOS and Submit to TestFlight	Build for iOS (Local on Runner)	2026-09-29T12:08:53.1035970Z [INSTALL_DEPENDENCIES] Applying patches...
Build iOS and Submit to TestFlight	Build for iOS (Local on Runner)	2026-09-29T12:08:53.1156050Z [INSTALL_DEPENDENCIES] expo-modules-core@57.0.19 ✔
Build iOS and Submit to TestFlight	Build for iOS (Local on Runner)	2026-09-29T12:08:53.1557820Z [INSTALL_DEPENDENCIES] expo-modules-jsi@57.1.1 ✔
Build iOS and Submit to TestFlight	Build for iOS (Local on Runner)	2026-09-29T12:08:53.1575970Z [INSTALL_DEPENDENCIES] expo-notifications@57.0.21 ✔
Build iOS and Submit to TestFlight	Build for iOS (Local on Runner)	2026-09-29T12:08:53.1599540Z [INSTALL_DEPENDENCIES] react-native@0.86.3 ✔
Build iOS and Submit to TestFlight	Build for iOS (Local on Runner)	2026-09-29T12:08:53.1740140Z [INSTALL_DEPENDENCIES] added 659 packages, and audited 660 packages in 16s
Build iOS and Submit to TestFlight	Build for iOS (Local on Runner)	2026-09-29T12:08:53.1820770Z [INSTALL_DEPENDENCIES] 80 packages are looking for funding
Build iOS and Submit to TestFlight	Build for iOS (Local on Runner)	2026-09-29T12:08:53.1822170Z [INSTALL_DEPENDENCIES]   run `npm fund` for details
Build iOS and Submit to TestFlight	Build for iOS (Local on Runner)	2026-09-29T12:08:53.2249520Z [INSTALL_DEPENDENCIES] 13 moderate severity vulnerabilities
Build iOS and Submit to TestFlight	Build for iOS (Local on Runner)	2026-09-29T12:08:53.2251890Z [INSTALL_DEPENDENCIES] 
Build iOS and Submit to TestFlight	Build for iOS (Local on Runner)	2026-09-29T12:08:53.2252710Z [INSTALL_DEPENDENCIES] To address issues that do not require attention, run:
Build iOS and Submit to TestFlight	Build for iOS (Local on Runner)	2026-09-29T12:08:53.2253810Z [INSTALL_DEPENDENCIES]   npm audit fix
Build iOS and Submit to TestFlight	Build for iOS (Local on Runner)	2026-09-29T12:08:53.2254250Z [INSTALL_DEPENDENCIES] 
Build iOS and Submit to TestFlight	Build for iOS (Local on Runner)	2026-09-29T12:08:53.2254840Z [INSTALL_DEPENDENCIES] To address all issues (including breaking changes), run:
Build iOS and Submit to TestFlight	Build for iOS (Local on Runner)	2026-09-29T12:08:53.2255430Z [INSTALL_DEPENDENCIES]   npm audit fix --force
Build iOS and Submit to TestFlight	Build for iOS (Local on Runner)	2026-09-29T12:08:53.2255920Z [INSTALL_DEPENDENCIES] 
Build iOS and Submit to TestFlight	Build for iOS (Local on Runner)	2026-09-29T12:08:53.2256470Z [INSTALL_DEPENDENCIES] Run `npm audit` for details.
Build iOS and Submit to TestFlight	Build for iOS (Local on Runner)	2026-09-29T12:08:53.2908900Z The NODE_ENV environment variable is required but was not specified. Ensure the project is bundled with Expo CLI or NODE_ENV is set.
Build iOS and Submit to TestFlight	Build for iOS (Local on Runner)	2026-09-29T12:08:53.2928860Z Proceeding without mode-specific .env
Build iOS and Submit to TestFlight	Build for iOS (Local on Runner)	2026-09-29T12:08:53.7240500Z [READ_APP_CONFIG] Using app configuration:
Build iOS and Submit to TestFlight	Build for iOS (Local on Runner)	2026-09-29T12:08:53.7241380Z [READ_APP_CONFIG] {
Build iOS and Submit to TestFlight	Build for iOS (Local on Runner)	2026-09-29T12:08:53.7242300Z   "name": "NGNflow",
Build iOS and Submit to TestFlight	Build for iOS (Local on Runner)	2026-09-29T12:08:53.7242820Z   "slug": "NGNflow",
Build iOS and Submit to TestFlight	Build for iOS (Local on Runner)	2026-09-29T12:08:53.7243290Z   "version": "1.0.0",
Build iOS and Submit to TestFlight	Build for iOS (Local on Runner)	2026-09-29T12:08:53.7243740Z   "orientation": "portrait",
Build iOS and Submit to TestFlight	Build for iOS (Local on Runner)	2026-09-29T12:08:53.7244120Z   "icon": "./assets/icon.png",
Build iOS and Submit to TestFlight	Build for iOS (Local on Runner)	2026-09-29T12:08:53.7244520Z   "userInterfaceStyle": "light",
Build iOS and Submit to TestFlight	Build for iOS (Local on Runner)	2026-09-29T12:08:53.7244860Z   "ios": {
Build iOS and Submit to TestFlight	Build for iOS (Local on Runner)	2026-09-29T12:08:53.7245110Z     "supportsTablet": true,
Build iOS and Submit to TestFlight	Build for iOS (Local on Runner)	2026-09-29T12:08:53.7245450Z     "infoPlist": {
Build iOS and Submit to TestFlight	Build for iOS (Local on Runner)	2026-09-29T12:08:53.7245740Z       "NSAppTransportSecurity": {
Build iOS and Submit to TestFlight	Build for iOS (Local on Runner)	2026-09-29T12:08:53.7246090Z         "NSAllowsArbitraryLoads": true
Build iOS and Submit to TestFlight	Build for iOS (Local on Runner)	2026-09-29T12:08:53.7246380Z       },
Build iOS and Submit to TestFlight	Build for iOS (Local on Runner)	2026-09-29T12:08:53.7252590Z       "ITSAppUsesNonExemptEncryption": false
Build iOS and Submit to TestFlight	Build for iOS (Local on Runner)	2026-09-29T12:08:53.7253130Z     },
Build iOS and Submit to TestFlight	Build for iOS (Local on Runner)	2026-09-29T12:08:53.7253530Z     "bundleIdentifier": "com.olamicreas.ngnflow"
Build iOS and Submit to TestFlight	Build for iOS (Local on Runner)	2026-09-29T12:08:53.7254000Z   },
Build iOS and Submit to TestFlight	Build for iOS (Local on Runner)	2026-09-29T12:08:53.7254630Z   "android": {
Build iOS and Submit to TestFlight	Build for iOS (Local on Runner)	2026-09-29T12:08:53.7254930Z     "adaptiveIcon": {
Build iOS and Submit to TestFlight	Build for iOS (Local on Runner)	2026-09-29T12:08:53.7255190Z       "backgroundColor": "#E6F4FE",
Build iOS and Submit to TestFlight	Build for iOS (Local on Runner)	2026-09-29T12:08:53.7255640Z       "foregroundImage": "./assets/android-icon-foreground.png",
Build iOS and Submit to TestFlight	Build for iOS (Local on Runner)	2026-09-29T12:08:53.7256290Z       "backgroundImage": "./assets/android-icon-background.png",
Build iOS and Submit to TestFlight	Build for iOS (Local on Runner)	2026-09-29T12:08:53.7257130Z       "monochromeImage": "./assets/android-icon-monochrome.png"
Build iOS and Submit to TestFlight	Build for iOS (Local on Runner)	2026-09-29T12:08:53.7257740Z     }
Build iOS and Submit to TestFlight	Build for iOS (Local on Runner)	2026-09-29T12:08:53.7257960Z   },
Build iOS and Submit to TestFlight	Build for iOS (Local on Runner)	2026-09-29T12:08:53.7258110Z   "web": {
Build iOS and Submit to TestFlight	Build for iOS (Local on Runner)	2026-09-29T12:08:53.7258470Z     "favicon": "./assets/favicon.png"
Build iOS and Submit to TestFlight	Build for iOS (Local on Runner)	2026-09-29T12:08:53.7258840Z   },
Build iOS and Submit to TestFlight	Build for iOS (Local on Runner)	2026-09-29T12:08:53.7259060Z   "plugins": [
Build iOS and Submit to TestFlight	Build for iOS (Local on Runner)	2026-09-29T12:08:53.7259300Z     "expo-secure-store",
Build iOS and Submit to TestFlight	Build for iOS (Local on Runner)	2026-09-29T12:08:53.7259640Z     "expo-notifications",
Build iOS and Submit to TestFlight	Build for iOS (Local on Runner)	2026-09-29T12:08:53.7259920Z     "./withPackageSwiftFix.js",
Build iOS and Submit to TestFlight	Build for iOS (Local on Runner)	2026-09-29T12:08:53.7260200Z     [
Build iOS and Submit to TestFlight	Build for iOS (Local on Runner)	2026-09-29T12:08:53.7260490Z       "expo-build-properties",
Build iOS and Submit to TestFlight	Build for iOS (Local on Runner)	2026-09-29T12:08:53.7260840Z       {
Build iOS and Submit to TestFlight	Build for iOS (Local on Runner)	2026-09-29T12:08:53.7261060Z         "ios": {
Build iOS and Submit to TestFlight	Build for iOS (Local on Runner)	2026-09-29T12:08:53.7261400Z           "usePrecompiledModules": false
Build iOS and Submit to TestFlight	Build for iOS (Local on Runner)	2026-09-29T12:08:53.7261770Z         }
Build iOS and Submit to TestFlight	Build for iOS (Local on Runner)	2026-09-29T12:08:53.7261990Z       }
Build iOS and Submit to TestFlight	Build for iOS (Local on Runner)	2026-09-29T12:08:53.7262260Z     ],
Build iOS and Submit to TestFlight	Build for iOS (Local on Runner)	2026-09-29T12:08:53.7262540Z     "expo-asset"
Build iOS and Submit to TestFlight	Build for iOS (Local on Runner)	2026-09-29T12:08:53.7262770Z   ],
Build iOS and Submit to TestFlight	Build for iOS (Local on Runner)	2026-09-29T12:08:53.7263020Z   "extra": {
Build iOS and Submit to TestFlight	Build for iOS (Local on Runner)	2026-09-29T12:08:53.7263260Z     "eas": {
Build iOS and Submit to TestFlight	Build for iOS (Local on Runner)	2026-09-29T12:08:53.7263600Z       "projectId": "37392892-5e18-40dc-9637-0cbb73d2307d"
Build iOS and Submit to TestFlight	Build for iOS (Local on Runner)	2026-09-29T12:08:53.7264010Z     }
Build iOS and Submit to TestFlight	Build for iOS (Local on Runner)	2026-09-29T12:08:53.7264370Z   },
Build iOS and Submit to TestFlight	Build for iOS (Local on Runner)	2026-09-29T12:08:53.7264590Z   "sdkVersion": "57.0.0",
Build iOS and Submit to TestFlight	Build for iOS (Local on Runner)	2026-09-29T12:08:53.7264860Z   "platforms": [
Build iOS and Submit to TestFlight	Build for iOS (Local on Runner)	2026-09-29T12:08:53.7265090Z     "ios",
Build iOS and Submit to TestFlight	Build for iOS (Local on Runner)	2026-09-29T12:08:53.7265320Z     "android"
Build iOS and Submit to TestFlight	Build for iOS (Local on Runner)	2026-09-29T12:08:53.7265500Z   ]
Build iOS and Submit to TestFlight	Build for iOS (Local on Runner)	2026-09-29T12:08:53.7265740Z }
Build iOS and Submit to TestFlight	Build for iOS (Local on Runner)	2026-09-29T12:08:53.7266060Z [RUN_EXPO_DOCTOR] Running "expo doctor"
Build iOS and Submit to TestFlight	Build for iOS (Local on Runner)	2026-09-29T12:08:55.6639460Z [RUN_EXPO_DOCTOR] Running 21 checks on your project...
Build iOS and Submit to TestFlight	Build for iOS (Local on Runner)	2026-09-29T12:08:59.4321810Z [RUN_EXPO_DOCTOR] 1 check failed, indicating possible issues with the project.
Build iOS and Submit to TestFlight	Build for iOS (Local on Runner)	2026-09-29T12:08:59.4323730Z [RUN_EXPO_DOCTOR] 20/21 checks passed. 1 checks failed. Possible issues detected:
Build iOS and Submit to TestFlight	Build for iOS (Local on Runner)	2026-09-29T12:08:59.4428210Z [RUN_EXPO_DOCTOR] Use the --verbose flag to see more details about passed checks.
Build iOS and Submit to TestFlight	Build for iOS (Local on Runner)	2026-09-29T12:08:59.4530440Z [RUN_EXPO_DOCTOR] 
Build iOS and Submit to TestFlight	Build for iOS (Local on Runner)	2026-09-29T12:08:59.4709360Z [RUN_EXPO_DOCTOR] ✖ Check that packages match versions required by installed Expo SDK
Build iOS and Submit to TestFlight	Build for iOS (Local on Runner)	2026-09-29T12:08:59.4714820Z [RUN_EXPO_DOCTOR] 
Build iOS and Submit to TestFlight	Build for iOS (Local on Runner)	2026-09-29T12:08:59.4821240Z [RUN_EXPO_DOCTOR] 🔧 Patch version mismatches
Build iOS and Submit to TestFlight	Build for iOS (Local on Runner)	2026-09-29T12:08:59.4920840Z [RUN_EXPO_DOCTOR] Command "expo doctor" failed.
Build iOS and Submit to TestFlight	Build for iOS (Local on Runner)	2026-09-29T12:08:59.4921680Z [RUN_EXPO_DOCTOR] package         expected  found    
Build iOS and Submit to TestFlight	Build for iOS (Local on Runner)	2026-09-29T12:08:59.5025910Z Error: npx -y expo-doctor exited with non-zero code: 1
Build iOS and Submit to TestFlight	Build for iOS (Local on Runner)	2026-09-29T12:08:59.5027500Z [RUN_EXPO_DOCTOR] expo            ~57.0.26  57.0.25  
Build iOS and Submit to TestFlight	Build for iOS (Local on Runner)	2026-09-29T12:08:59.5127750Z     at ChildProcess.completionListener (/Users/runner/.npm/_npx/ec03195a4097d9c5/node_modules/@expo/spawn-async/build/spawnAsync.js:113:23)
Build iOS and Submit to TestFlight	Build for iOS (Local on Runner)	2026-09-29T12:08:59.5137850Z [RUN_EXPO_DOCTOR] expo-constants  ~57.0.20  57.0.19  
Build iOS and Submit to TestFlight	Build for iOS (Local on Runner)	2026-09-29T12:08:59.5229580Z     at Object.onceWrapper (node:events:634:26)
Build iOS and Submit to TestFlight	Build for iOS (Local on Runner)	2026-09-29T12:08:59.5283960Z [RUN_EXPO_DOCTOR] 
Build iOS and Submit to TestFlight	Build for iOS (Local on Runner)	2026-09-29T12:08:59.5332200Z     at ChildProcess.emit (node:events:519:28)
Build iOS and Submit to TestFlight	Build for iOS (Local on Runner)	2026-09-29T12:08:59.5390500Z [RUN_EXPO_DOCTOR] Changelogs:
Build iOS and Submit to TestFlight	Build for iOS (Local on Runner)	2026-09-29T12:08:59.5435270Z     at ChildProcess.emit (node:domain:489:12)
Build iOS and Submit to TestFlight	Build for iOS (Local on Runner)	2026-09-29T12:08:59.5503080Z [RUN_EXPO_DOCTOR] - expo-constants → https://github.com/expo/expo/blob/sdk-57/packages/expo-constants/CHANGELOG.md
Build iOS and Submit to TestFlight	Build for iOS (Local on Runner)	2026-09-29T12:08:59.5504070Z     at maybeClose (node:internal/child_process:1101:16)
Build iOS and Submit to TestFlight	Build for iOS (Local on Runner)	2026-09-29T12:08:59.5608480Z     at Socket.<anonymous> (node:internal/child_process:456:11)
Build iOS and Submit to TestFlight	Build for iOS (Local on Runner)	2026-09-29T12:08:59.5609290Z [RUN_EXPO_DOCTOR] 
Build iOS and Submit to TestFlight	Build for iOS (Local on Runner)	2026-09-29T12:08:59.5702240Z     at Socket.emit (node:events:519:28)
Build iOS and Submit to TestFlight	Build for iOS (Local on Runner)	2026-09-29T12:08:59.5704860Z [RUN_EXPO_DOCTOR] 2 packages out of date.
Build iOS and Submit to TestFlight	Build for iOS (Local on Runner)	2026-09-29T12:08:59.5806170Z     at Socket.emit (node:domain:489:12)
Build iOS and Submit to TestFlight	Build for iOS (Local on Runner)	2026-09-29T12:08:59.5806590Z [RUN_EXPO_DOCTOR] Advice:
Build iOS and Submit to TestFlight	Build for iOS (Local on Runner)	2026-09-29T12:08:59.5833890Z     at Pipe.<anonymous> (node:net:347:12)
Build iOS and Submit to TestFlight	Build for iOS (Local on Runner)	2026-09-29T12:08:59.5834670Z [RUN_EXPO_DOCTOR] Use 'npx expo install --check' to review and upgrade your dependencies.
Build iOS and Submit to TestFlight	Build for iOS (Local on Runner)	2026-09-29T12:08:59.5889480Z     ...
Build iOS and Submit to TestFlight	Build for iOS (Local on Runner)	2026-09-29T12:08:59.5891420Z [RUN_EXPO_DOCTOR] To ignore specific packages, add them to "expo.install.exclude" in package.json. Learn more: https://expo.fyi/dependency-validation
Build iOS and Submit to TestFlight	Build for iOS (Local on Runner)	2026-09-29T12:08:59.5901930Z     at spawnAsync (/Users/runner/.npm/_npx/ec03195a4097d9c5/node_modules/@expo/spawn-async/build/spawnAsync.js:9:23)
Build iOS and Submit to TestFlight	Build for iOS (Local on Runner)	2026-09-29T12:08:59.5902880Z     at spawn (/Users/runner/.npm/_npx/ec03195a4097d9c5/node_modules/@expo/turtle-spawn/dist/index.js:16:47)
Build iOS and Submit to TestFlight	Build for iOS (Local on Runner)	2026-09-29T12:08:59.5905120Z     at runExpoDoctor (/Users/runner/.npm/_npx/ec03195a4097d9c5/node_modules/@expo/build-tools/dist/common/setup.js:158:52)
Build iOS and Submit to TestFlight	Build for iOS (Local on Runner)	2026-09-29T12:08:59.5906230Z     at process.processTicksAndRejections (node:internal/process/task_queues:103:5)
Build iOS and Submit to TestFlight	Build for iOS (Local on Runner)	2026-09-29T12:08:59.5907220Z     at async /Users/runner/.npm/_npx/ec03195a4097d9c5/node_modules/@expo/build-tools/dist/common/setup.js:137:17
Build iOS and Submit to TestFlight	Build for iOS (Local on Runner)	2026-09-29T12:08:59.5907840Z [PREPARE_CREDENTIALS] Preparing credentials
Build iOS and Submit to TestFlight	Build for iOS (Local on Runner)	2026-09-29T12:08:59.5916500Z [PREPARE_CREDENTIALS] Creating keychain
Build iOS and Submit to TestFlight	Build for iOS (Local on Runner)	2026-09-29T12:08:59.5917330Z     at async BuildContext.runBuildPhase (/Users/runner/.npm/_npx/ec03195a4097d9c5/node_modules/@expo/build-tools/dist/context.js:128:28)
Build iOS and Submit to TestFlight	Build for iOS (Local on Runner)	2026-09-29T12:08:59.5918340Z     at async setupAsync (/Users/runner/.npm/_npx/ec03195a4097d9c5/node_modules/@expo/build-tools/dist/common/setup.js:135:9)
Build iOS and Submit to TestFlight	Build for iOS (Local on Runner)	2026-09-29T12:08:59.5919390Z     at async buildInnerAsync (/Users/runner/.npm/_npx/ec03195a4097d9c5/node_modules/@expo/build-tools/dist/builders/ios.js:66:5)
Build iOS and Submit to TestFlight	Build for iOS (Local on Runner)	2026-09-29T12:08:59.5921390Z     at async buildAsync (/Users/runner/.npm/_npx/ec03195a4097d9c5/node_modules/@expo/build-tools/dist/builders/ios.js:56:9)
Build iOS and Submit to TestFlight	Build for iOS (Local on Runner)	2026-09-29T12:08:59.5922300Z     at async runBuilderWithHooksAsync (/Users/runner/.npm/_npx/ec03195a4097d9c5/node_modules/@expo/build-tools/dist/builders/common.js:13:13)
Build iOS and Submit to TestFlight	Build for iOS (Local on Runner)	2026-09-29T12:09:02.1432820Z [PREPARE_CREDENTIALS] Preparing credentials for target 'NGNflow'
Build iOS and Submit to TestFlight	Build for iOS (Local on Runner)	2026-09-29T12:09:02.1433780Z [PREPARE_CREDENTIALS] Getting distribution certificate fingerprint and common name
Build iOS and Submit to TestFlight	Build for iOS (Local on Runner)	2026-09-29T12:09:02.1935460Z [PREPARE_CREDENTIALS] Fingerprint = "C1B4411CCF53C90D1C1C2CD552E36C662BB991D1", common name = iPhone Distribution: AbdulQuayyum Oyedotun (2R4679C9P5)
Build iOS and Submit to TestFlight	Build for iOS (Local on Runner)	2026-09-29T12:09:02.1936970Z [PREPARE_CREDENTIALS] Writing distribution certificate to /var/folders/36/tjdph2t965j8snz9_vkdnw0r0000gn/T/3e78fe96-34e9-42bf-aaa4-b0fef763ee2a.p12
Build iOS and Submit to TestFlight	Build for iOS (Local on Runner)	2026-09-29T12:09:02.1943950Z [PREPARE_CREDENTIALS] Importing distribution certificate into the keychain
Build iOS and Submit to TestFlight	Build for iOS (Local on Runner)	2026-09-29T12:09:04.3879030Z [PREPARE_CREDENTIALS] Initializing provisioning profile
Build iOS and Submit to TestFlight	Build for iOS (Local on Runner)	2026-09-29T12:09:04.4881950Z [PREPARE_CREDENTIALS] Validating whether the distribution certificate has been imported successfully
Build iOS and Submit to TestFlight	Build for iOS (Local on Runner)	2026-09-29T12:09:04.5361520Z [PREPARE_CREDENTIALS] Verifying whether the distribution certificate and provisioning profile match
Build iOS and Submit to TestFlight	Build for iOS (Local on Runner)	2026-09-29T12:09:05.7910030Z [PREBUILD] - Creating native directory (./ios)
Build iOS and Submit to TestFlight	Build for iOS (Local on Runner)	2026-09-29T12:09:06.1226050Z [PREBUILD] ✔ Created native directory
Build iOS and Submit to TestFlight	Build for iOS (Local on Runner)	2026-09-29T12:09:06.1250420Z [PREBUILD] - Updating package.json
Build iOS and Submit to TestFlight	Build for iOS (Local on Runner)	2026-09-29T12:09:06.1277210Z [PREBUILD] ✔ Updated package.json | no changes
Build iOS and Submit to TestFlight	Build for iOS (Local on Runner)	2026-09-29T12:09:06.1284310Z [PREBUILD] - Running prebuild
Build iOS and Submit to TestFlight	Build for iOS (Local on Runner)	2026-09-29T12:09:06.6414810Z [PREBUILD] ✔ Finished prebuild
Build iOS and Submit to TestFlight	Build for iOS (Local on Runner)	2026-09-29T12:09:06.6644110Z [PREBUILD] Running "npm install --include=dev" in /var/folders/36/tjdph2t965j8snz9_vkdnw0r0000gn/T/eas-build-local-nodejs/c3e672bf-5ca3-419f-af5c-3fc6c951fd2e/build directory
Build iOS and Submit to TestFlight	Build for iOS (Local on Runner)	2026-09-29T12:09:08.1175570Z [PREBUILD] > NGNflow@1.0.0 postinstall
Build iOS and Submit to TestFlight	Build for iOS (Local on Runner)	2026-09-29T12:09:08.1179540Z [PREBUILD] > patch-package
Build iOS and Submit to TestFlight	Build for iOS (Local on Runner)	2026-09-29T12:09:08.2910970Z [PREBUILD] patch-package 8.0.1
Build iOS and Submit to TestFlight	Build for iOS (Local on Runner)	2026-09-29T12:09:08.3013140Z [PREBUILD] Applying patches...
Build iOS and Submit to TestFlight	Build for iOS (Local on Runner)	2026-09-29T12:09:08.3119170Z [PREBUILD] expo-modules-core@57.0.19 ✔
Build iOS and Submit to TestFlight	Build for iOS (Local on Runner)	2026-09-29T12:09:08.3223500Z [PREBUILD] expo-modules-jsi@57.1.1 ✔
Build iOS and Submit to TestFlight	Build for iOS (Local on Runner)	2026-09-29T12:09:08.3338720Z [PREBUILD] expo-notifications@57.0.21 ✔
Build iOS and Submit to TestFlight	Build for iOS (Local on Runner)	2026-09-29T12:09:08.3440510Z [PREBUILD] react-native@0.86.3 ✔
Build iOS and Submit to TestFlight	Build for iOS (Local on Runner)	2026-09-29T12:09:08.3542890Z [PREBUILD] up to date, audited 660 packages in 2s
Build iOS and Submit to TestFlight	Build for iOS (Local on Runner)	2026-09-29T12:09:08.3647000Z [PREBUILD] 80 packages are looking for funding
Build iOS and Submit to TestFlight	Build for iOS (Local on Runner)	2026-09-29T12:09:08.3755810Z [PREBUILD]   run `npm fund` for details
Build iOS and Submit to TestFlight	Build for iOS (Local on Runner)	2026-09-29T12:09:08.3846030Z [PREBUILD] 13 moderate severity vulnerabilities
Build iOS and Submit to TestFlight	Build for iOS (Local on Runner)	2026-09-29T12:09:08.3948490Z [PREBUILD] 
Build iOS and Submit to TestFlight	Build for iOS (Local on Runner)	2026-09-29T12:09:08.4052720Z [PREBUILD] To address issues that do not require attention, run:
Build iOS and Submit to TestFlight	Build for iOS (Local on Runner)	2026-09-29T12:09:08.4154640Z [PREBUILD]   npm audit fix
Build iOS and Submit to TestFlight	Build for iOS (Local on Runner)	2026-09-29T12:09:08.4256570Z [PREBUILD] 
Build iOS and Submit to TestFlight	Build for iOS (Local on Runner)	2026-09-29T12:09:08.4266450Z [PREBUILD] To address all issues (including breaking changes), run:
Build iOS and Submit to TestFlight	Build for iOS (Local on Runner)	2026-09-29T12:09:08.4272180Z [PREBUILD]   npm audit fix --force
Build iOS and Submit to TestFlight	Build for iOS (Local on Runner)	2026-09-29T12:09:08.4297400Z [PREBUILD] 
Build iOS and Submit to TestFlight	Build for iOS (Local on Runner)	2026-09-29T12:09:08.4297980Z [PREBUILD] Run `npm audit` for details.
Build iOS and Submit to TestFlight	Build for iOS (Local on Runner)	2026-09-29T12:09:08.4298740Z [RESTORE_CACHE] Local builds do not support restoring cache
Build iOS and Submit to TestFlight	Build for iOS (Local on Runner)	2026-09-29T12:09:10.3508110Z [INSTALL_PODS] Using Expo modules
Build iOS and Submit to TestFlight	Build for iOS (Local on Runner)	2026-09-29T12:09:10.3527560Z [INSTALL_PODS] [Expo] Enabling modular headers for pod ExpoModulesCore
Build iOS and Submit to TestFlight	Build for iOS (Local on Runner)	2026-09-29T12:09:10.3582000Z [INSTALL_PODS] [Expo] Enabling modular headers for pod ExpoModulesJSI
Build iOS and Submit to TestFlight	Build for iOS (Local on Runner)	2026-09-29T12:09:10.3584190Z [INSTALL_PODS] [Expo] Enabling modular headers for pod React-RCTAppDelegate
Build iOS and Submit to TestFlight	Build for iOS (Local on Runner)	2026-09-29T12:09:10.3585260Z [INSTALL_PODS] [Expo] Enabling modular headers for pod React-RCTFabric
Build iOS and Submit to TestFlight	Build for iOS (Local on Runner)	2026-09-29T12:09:10.3586080Z [INSTALL_PODS] [Expo] Enabling modular headers for pod ReactAppDependencyProvider
Build iOS and Submit to TestFlight	Build for iOS (Local on Runner)	2026-09-29T12:09:10.3587070Z [INSTALL_PODS] [Expo] Enabling modular headers for pod React-Core
Build iOS and Submit to TestFlight	Build for iOS (Local on Runner)	2026-09-29T12:09:10.3587770Z [INSTALL_PODS] [Expo] Enabling modular headers for pod ReactCodegen
Build iOS and Submit to TestFlight	Build for iOS (Local on Runner)	2026-09-29T12:09:10.3588690Z [INSTALL_PODS] [Expo] Enabling modular headers for pod RCTRequired
Build iOS and Submit to TestFlight	Build for iOS (Local on Runner)	2026-09-29T12:09:10.3591760Z [INSTALL_PODS] [Expo] Enabling modular headers for pod RCTTypeSafety
Build iOS and Submit to TestFlight	Build for iOS (Local on Runner)	2026-09-29T12:09:10.3592680Z [INSTALL_PODS] [Expo] Enabling modular headers for pod ReactCommon
Build iOS and Submit to TestFlight	Build for iOS (Local on Runner)	2026-09-29T12:09:10.3593650Z [INSTALL_PODS] [Expo] Enabling modular headers for pod React-NativeModulesApple
Build iOS and Submit to TestFlight	Build for iOS (Local on Runner)	2026-09-29T12:09:10.3594340Z [INSTALL_PODS] [Expo] Enabling modular headers for pod Yoga
Build iOS and Submit to TestFlight	Build for iOS (Local on Runner)	2026-09-29T12:09:10.3595130Z [INSTALL_PODS] [Expo] Enabling modular headers for pod React-Fabric
Build iOS and Submit to TestFlight	Build for iOS (Local on Runner)	2026-09-29T12:09:10.3595910Z [INSTALL_PODS] [Expo] Enabling modular headers for pod React-graphics
Build iOS and Submit to TestFlight	Build for iOS (Local on Runner)	2026-09-29T12:09:10.3596800Z [INSTALL_PODS] [Expo] Enabling modular headers for pod React-utils
Build iOS and Submit to TestFlight	Build for iOS (Local on Runner)	2026-09-29T12:09:10.3597630Z [INSTALL_PODS] [Expo] Enabling modular headers for pod React-featureflags
Build iOS and Submit to TestFlight	Build for iOS (Local on Runner)	2026-09-29T12:09:10.3598560Z [INSTALL_PODS] [Expo] Enabling modular headers for pod React-debug
Build iOS and Submit to TestFlight	Build for iOS (Local on Runner)	2026-09-29T12:09:10.3599400Z [INSTALL_PODS] [Expo] Enabling modular headers for pod React-ImageManager
Build iOS and Submit to TestFlight	Build for iOS (Local on Runner)	2026-09-29T12:09:10.3600280Z [INSTALL_PODS] [Expo] Enabling modular headers for pod React-rendererdebug
Build iOS and Submit to TestFlight	Build for iOS (Local on Runner)	2026-09-29T12:09:10.3602480Z [INSTALL_PODS] [Expo] Enabling modular headers for pod React-jsi
Build iOS and Submit to TestFlight	Build for iOS (Local on Runner)	2026-09-29T12:09:10.3603210Z [INSTALL_PODS] [Expo] Enabling modular headers for pod React-renderercss
Build iOS and Submit to TestFlight	Build for iOS (Local on Runner)	2026-09-29T12:09:10.3604120Z [INSTALL_PODS] [Expo] Enabling modular headers for pod hermes-engine
Build iOS and Submit to TestFlight	Build for iOS (Local on Runner)	2026-09-29T12:09:10.3604740Z [INSTALL_PODS] [Expo] Enabling modular headers for pod glog
Build iOS and Submit to TestFlight	Build for iOS (Local on Runner)	2026-09-29T12:09:10.3605540Z [INSTALL_PODS] [Expo] Enabling modular headers for pod boost
Build iOS and Submit to TestFlight	Build for iOS (Local on Runner)	2026-09-29T12:09:10.3606270Z [INSTALL_PODS] [Expo] Enabling modular headers for pod DoubleConversion
Build iOS and Submit to TestFlight	Build for iOS (Local on Runner)	2026-09-29T12:09:10.3606960Z [INSTALL_PODS] [Expo] Enabling modular headers for pod fast_float
Build iOS and Submit to TestFlight	Build for iOS (Local on Runner)	2026-09-29T12:09:10.3607550Z [INSTALL_PODS] [Expo] Enabling modular headers for pod fmt
Build iOS and Submit to TestFlight	Build for iOS (Local on Runner)	2026-09-29T12:09:10.3608300Z [INSTALL_PODS] [Expo] Enabling modular headers for pod RCT-Folly
Build iOS and Submit to TestFlight	Build for iOS (Local on Runner)	2026-09-29T12:09:10.3608960Z [INSTALL_PODS] [Expo] Enabling modular headers for pod SocketRocket
Build iOS and Submit to TestFlight	Build for iOS (Local on Runner)	2026-09-29T12:09:12.4328570Z [INSTALL_PODS] Found 7 modules for target `NGNflow`
Build iOS and Submit to TestFlight	Build for iOS (Local on Runner)	2026-09-29T12:09:12.4366940Z [INSTALL_PODS] link_native_modules! {ios_packages: [{configurations: [], name: "@react-native-async-storage/async-storage", root: "/private/var/folders/36/tjdph2t965j8snz9_vkdnw0r0000gn/T/eas-build-local-nodejs/c3e672bf-5ca3-419f-af5c-3fc6c951fd2e/build/node_modules/@react-native-async-storage/async-storage", path: "../node_modules/@react-native-async-storage/async-storage", podspec_path: "/private/var/folders/36/tjdph2t965j8snz9_vkdnw0r0000gn/T/eas-build-local-nodejs/c3e672bf-5ca3-419f-af5c-3fc6c951fd2e/build/node_modules/@react-native-async-storage/async-storage/RNCAsyncStorage.podspec", script_phases: []}, {configurations: [], name: "expo", root: "/private/var/folders/36/tjdph2t965j8snz9_vkdnw0r0000gn/T/eas-build-local-nodejs/c3e672bf-5ca3-419f-af5c-3fc6c951fd2e/build/node_modules/expo", path: "../node_modules/expo", podspec_path: "/private/var/folders/36/tjdph2t965j8snz9_vkdnw0r0000gn/T/eas-build-local-nodejs/c3e672bf-5ca3-419f-af5c-3fc6c951fd2e/build/node_modules/expo/Expo.podspec", script_phases: []}, {configurations: [], name: "react-native-reanimated", root: "/private/var/folders/36/tjdph2t965j8snz9_vkdnw0r0000gn/T/eas-build-local-nodejs/c3e672bf-5ca3-419f-af5c-3fc6c951fd2e/build/node_modules/react-native-reanimated", path: "../node_modules/react-native-reanimated", podspec_path: "/private/var/folders/36/tjdph2t965j8snz9_vkdnw0r0000gn/T/eas-build-local-nodejs/c3e672bf-5ca3-419f-af5c-3fc6c951fd2e/build/node_modules/react-native-reanimated/RNReanimated.podspec", script_phases: []}, {configurations: [], name: "react-native-safe-area-context", root: "/private/var/folders/36/tjdph2t965j8snz9_vkdnw0r0000gn/T/eas-build-local-nodejs/c3e672bf-5ca3-419f-af5c-3fc6c951fd2e/build/node_modules/react-native-safe-area-context", path: "../node_modules/react-native-safe-area-context", podspec_path: "/private/var/folders/36/tjdph2t965j8snz9_vkdnw0r0000gn/T/eas-build-local-nodejs/c3e672bf-5ca3-419f-af5c-3fc6c951fd2e/build/node_modules/react-native-safe-area-context/react-native-safe-area-context.podspec", script_phases: []}, {configurations: [], name: "react-native-screens", root: "/private/var/folders/36/tjdph2t965j8snz9_vkdnw0r0000gn/T/eas-build-local-nodejs/c3e672bf-5ca3-419f-af5c-3fc6c951fd2e/build/node_modules/react-native-screens", path: "../node_modules/react-native-screens", podspec_path: "/private/var/folders/36/tjdph2t965j8snz9_vkdnw0r0000gn/T/eas-build-local-nodejs/c3e672bf-5ca3-419f-af5c-3fc6c951fd2e/build/node_modules/react-native-screens/RNScreens.podspec", script_phases: []}, {configurations: [], name: "react-native-svg", root: "/private/var/folders/36/tjdph2t965j8snz9_vkdnw0r0000gn/T/eas-build-local-nodejs/c3e672bf-5ca3-419f-af5c-3fc6c951fd2e/build/node_modules/react-native-svg", path: "../node_modules/react-native-svg", podspec_path: "/private/var/folders/36/tjdph2t965j8snz9_vkdnw0r0000gn/T/eas-build-local-nodejs/c3e672bf-5ca3-419f-af5c-3fc6c951fd2e/build/node_modules/react-native-svg/RNSVG.podspec", script_phases: []}, {configurations: [], name: "react-native-worklets", root: "/private/var/folders/36/tjdph2t965j8snz9_vkdnw0r0000gn/T/eas-build-local-nodejs/c3e672bf-5ca3-419f-af5c-3fc6c951fd2e/build/node_modules/react-native-worklets", path: "../node_modules/react-native-worklets", podspec_path: "/private/var/folders/36/tjdph2t965j8snz9_vkdnw0r0000gn/T/eas-build-local-nodejs/c3e672bf-5ca3-419f-af5c-3fc6c951fd2e/build/node_modules/react-native-worklets/RNWorklets.podspec", script_phases: []}], ios_project_root_path: "/private/var/folders/36/tjdph2t965j8snz9_vkdnw0r0000gn/T/eas-build-local-nodejs/c3e672bf-5ca3-419f-af5c-3fc6c951fd2e/build/ios", react_native_path: "../node_modules/react-native"}
Build iOS and Submit to TestFlight	Build for iOS (Local on Runner)	2026-09-29T12:09:12.9902450Z [INSTALL_PODS] Auto-linking React Native modules for target `NGNflow`: RNCAsyncStorage, RNReanimated, RNSVG, RNScreens, RNWorklets, and react-native-safe-area-context
Build iOS and Submit to TestFlight	Build for iOS (Local on Runner)	2026-09-29T12:09:13.1724280Z [INSTALL_PODS] Framework build type is static library
Build iOS and Submit to TestFlight	Build for iOS (Local on Runner)	2026-09-29T12:09:13.1882060Z [INSTALL_PODS] [ReactNativeDependencies] Setting up ReactNativeDependencies...
Build iOS and Submit to TestFlight	Build for iOS (Local on Runner)	2026-09-29T12:09:13.3290800Z [INSTALL_PODS] [ReactNativeDependencies] Building from source: false
Build iOS and Submit to TestFlight	Build for iOS (Local on Runner)	2026-09-29T12:09:13.3294910Z [INSTALL_PODS] [ReactNativeDependencies] Using tarball from URL: https://repo1.maven.org/maven2/com/facebook/react/react-native-artifacts/0.86.3/react-native-artifacts-0.86.3-reactnative-dependencies-debug.tar.gz
Build iOS and Submit to TestFlight	Build for iOS (Local on Runner)	2026-09-29T12:09:13.3461100Z [INSTALL_PODS] [ReactNativeDependencies] Cache miss: downloading reactnative-dependencies-0.86.3-debug.tar.gz from https://repo1.maven.org/maven2/com/facebook/react/react-native-artifacts/0.86.3/react-native-artifacts-0.86.3-reactnative-dependencies-debug.tar.gz
Build iOS and Submit to TestFlight	Build for iOS (Local on Runner)	2026-09-29T12:09:13.3699280Z [INSTALL_PODS] % Total    % Received % Xferd  Average Speed   Time    Time     Time  Current
Build iOS and Submit to TestFlight	Build for iOS (Local on Runner)	2026-09-29T12:09:13.3702620Z [INSTALL_PODS]                                  Dload  Upload   Total   Spent    Left  Speed
Build iOS and Submit to TestFlight	Build for iOS (Local on Runner)	2026-09-29T12:09:13.3703720Z [INSTALL_PODS] 
Build iOS and Submit to TestFlight	Build for iOS (Local on Runner)	2026-09-29T12:09:13.3704780Z   0     0    0     0    0     0      0      0 --:--:-- --:--:-- --:--:--     0
Build iOS and Submit to TestFlight	Build for iOS (Local on Runner)	2026-09-29T12:09:13.3885110Z [INSTALL_PODS] 100   167    0   167    0     0   9000      0 --:--:-- --:--:-- --:--:--  9277
Build iOS and Submit to TestFlight	Build for iOS (Local on Runner)	2026-09-29T12:09:13.7405560Z [INSTALL_PODS] 100 17.8M  100 17.8M    0     0  48.2M      0 --:--:-- --:-
Build iOS and Submit to TestFlight	Build for iOS (Local on Runner)	2026-09-29T12:09:13.7510190Z [INSTALL_PODS] -:-- --:--:-- 48.2M
Build iOS and Submit to TestFlight	Build for iOS (Local on Runner)	2026-09-29T12:09:13.7612610Z [INSTALL_PODS] [ReactNativeDependencies] Verifying checksum for downloaded reactnative-dependencies-0.86.3-debug.tar.gz...
Build iOS and Submit to TestFlight	Build for iOS (Local on Runner)	2026-09-29T12:09:13.8464630Z [INSTALL_PODS] [Cache] SHA1 verified for reactnative-dependencies-0.86.3-debug.tar.gz
Build iOS and Submit to TestFlight	Build for iOS (Local on Runner)	2026-09-29T12:09:13.8635430Z [INSTALL_PODS] [ReactNativeDependencies] Saved reactnative-dependencies-0.86.3-debug.tar.gz to shared cache (/Users/runner/Library/Caches/ReactNative)
Build iOS and Submit to TestFlight	Build for iOS (Local on Runner)	2026-09-29T12:09:13.8766820Z [INSTALL_PODS] [ReactNativeDependencies] Cache miss: downloading reactnative-dependencies-0.86.3-release.tar.gz from https://repo1.maven.org/maven2/com/facebook/react/react-native-artifacts/0.86.3/react-native-artifacts-0.86.3-reactnative-dependencies-release.tar.gz
Build iOS and Submit to TestFlight	Build for iOS (Local on Runner)	2026-09-29T12:09:13.8925340Z [INSTALL_PODS] % Total    % Received % Xferd  Average Speed   Time    Time     Time  Current
Build iOS and Submit to TestFlight	Build for iOS (Local on Runner)	2026-09-29T12:09:13.8927160Z [INSTALL_PODS]                                  Dload  Upload   Total   Spent    Left  Speed
Build iOS and Submit to TestFlight	Build for iOS (Local on Runner)	2026-09-29T12:09:13.8928250Z [INSTALL_PODS] 
Build iOS and Submit to TestFlight	Build for iOS (Local on Runner)	2026-09-29T12:09:13.8929000Z   0     0    0     0    0     0
Build iOS and Submit to TestFlight	Build for iOS (Local on Runner)	2026-09-29T12:09:13.8930180Z [INSTALL_PODS] 0      0 --:--:-- --:--:-- --:--:--     0
Build iOS and Submit to TestFlight	Build for iOS (Local on Runner)	2026-09-29T12:09:13.9138020Z [INSTALL_PODS] 100   167    0   167    0     0  10449      0 --:--:-- --:--:-- --:--:-- 11133
Build iOS and Submit to TestFlight	Build for iOS (Local on Runner)	2026-09-29T12:09:14.0186740Z [INSTALL_PODS] 100  9.9M  100  9.9M    0     0  84.8M
Build iOS and Submit to TestFlight	Build for iOS (Local on Runner)	2026-09-29T12:09:14.0289580Z [INSTALL_PODS] 0 --:--:-- --:--:-- --:--:-- 84.8M
Build iOS and Submit to TestFlight	Build for iOS (Local on Runner)	2026-09-29T12:09:14.0291780Z [INSTALL_PODS] [ReactNativeDependencies] Verifying checksum for downloaded reactnative-dependencies-0.86.3-release.tar.gz...
Build iOS and Submit to TestFlight	Build for iOS (Local on Runner)	2026-09-29T12:09:14.0876310Z [INSTALL_PODS] [Cache] SHA1 verified for reactnative-dependencies-0.86.3-release.tar.gz
Build iOS and Submit to TestFlight	Build for iOS (Local on Runner)	2026-09-29T12:09:14.1000500Z [INSTALL_PODS] [ReactNativeDependencies] Saved reactnative-dependencies-0.86.3-release.tar.gz to shared cache (/Users/runner/Library/Caches/ReactNative)
Build iOS and Submit to TestFlight	Build for iOS (Local on Runner)	2026-09-29T12:09:14.1004730Z [INSTALL_PODS] [ReactNativeDependencies] Source: {http: "https://repo1.maven.org/maven2/com/facebook/react/react-native-artifacts/0.86.3/react-native-artifacts-0.86.3-reactnative-dependencies-debug.tar.gz"}
Build iOS and Submit to TestFlight	Build for iOS (Local on Runner)	2026-09-29T12:09:14.1005710Z [INSTALL_PODS] [ReactNativeCore] Setting up ReactNativeCore...
Build iOS and Submit to TestFlight	Build for iOS (Local on Runner)	2026-09-29T12:09:14.1737690Z [INSTALL_PODS] [ReactNativeCore] Building from source: false
Build iOS and Submit to TestFlight	Build for iOS (Local on Runner)	2026-09-29T12:09:14.1739170Z [INSTALL_PODS] Configuring the target with the New Architecture
Build iOS and Submit to TestFlight	Build for iOS (Local on Runner)	2026-09-29T12:09:14.1740990Z [INSTALL_PODS] [ReactNativeCore] Using React Native Core and React Native Dependencies prebuilt versions.
Build iOS and Submit to TestFlight	Build for iOS (Local on Runner)	2026-09-29T12:09:14.6894670Z [INSTALL_PODS] ^[[36m^[[1m[Codegen]^[[0m Analyzing /private/var/folders/36/tjdph2t965j8snz9_vkdnw0r0000gn/T/eas-build-local-nodejs/c3e672bf-5ca3-419f-af5c-3fc6c951fd2e/build/package.json^[[0m
Build iOS and Submit to TestFlight	Build for iOS (Local on Runner)	2026-09-29T12:09:14.6958140Z [INSTALL_PODS] ^[[36m^[[1m[Codegen]^[[0m ^[[33mSearching for codegen-enabled libraries in the app.^[[0m
Build iOS and Submit to TestFlight	Build for iOS (Local on Runner)	2026-09-29T12:09:14.6959860Z [INSTALL_PODS] ^[[36m^[[1m[Codegen]^[[0m ^[[33mThe "codegenConfig" field is not defined in package.json. Assuming there is nothing to generate at the app level.^[[0m
Build iOS and Submit to TestFlight	Build for iOS (Local on Runner)	2026-09-29T12:09:14.6961180Z [INSTALL_PODS] ^[[36m^[[1m[Codegen]^[[0m ^[[33mSearching for codegen-enabled libraries in react-native.config.js^[[0m
Build iOS and Submit to TestFlight	Build for iOS (Local on Runner)	2026-09-29T12:09:14.6962210Z [INSTALL_PODS] ^[[36m^[[1m[Codegen]^[[0m Found @react-native-async-storage/async-storage^[[0m
Build iOS and Submit to TestFlight	Build for iOS (Local on Runner)	2026-09-29T12:09:14.6963030Z [INSTALL_PODS] ^[[36m^[[1m[Codegen]^[[0m Found react-native-reanimated^[[0m
Build iOS and Submit to TestFlight	Build for iOS (Local on Runner)	2026-09-29T12:09:14.6963640Z [INSTALL_PODS] ^[[36m^[[1m[Codegen]^[[0m Found react-native-safe-area-context^[[0m
Build iOS and Submit to TestFlight	Build for iOS (Local on Runner)	2026-09-29T12:09:14.6964390Z [INSTALL_PODS] ^[[36m^[[1m[Codegen]^[[0m Found react-native-screens^[[0m
Build iOS and Submit to TestFlight	Build for iOS (Local on Runner)	2026-09-29T12:09:14.6965070Z [INSTALL_PODS] ^[[36m^[[1m[Codegen]^[[0m Found react-native-svg^[[0m
Build iOS and Submit to TestFlight	Build for iOS (Local on Runner)	2026-09-29T12:09:14.6965780Z [INSTALL_PODS] ^[[36m^[[1m[Codegen]^[[0m Found react-native-worklets^[[0m
Build iOS and Submit to TestFlight	Build for iOS (Local on Runner)	2026-09-29T12:09:14.6966550Z [INSTALL_PODS] ^[[36m^[[1m[Codegen]^[[0m Processing rnasyncstorage^[[0m
Build iOS and Submit to TestFlight	Build for iOS (Local on Runner)	2026-09-29T12:09:14.6967280Z [INSTALL_PODS] ^[[36m^[[1m[Codegen]^[[0m ^[[33mSearching for podspec in the project dependencies.^[[0m
Build iOS and Submit to TestFlight	Build for iOS (Local on Runner)	2026-09-29T12:09:14.6968190Z [INSTALL_PODS] ^[[36m^[[1m[Codegen]^[[0m Supported Apple platforms: ios, macos, tvos, visionos for rnasyncstorage^[[0m
Build iOS and Submit to TestFlight	Build for iOS (Local on Runner)	2026-09-29T12:09:14.6969460Z [INSTALL_PODS] ^[[36m^[[1m[Codegen]^[[0m Processing rnreanimated^[[0m
Build iOS and Submit to TestFlight	Build for iOS (Local on Runner)	2026-09-29T12:09:14.6970670Z [INSTALL_PODS] ^[[36m^[[1m[Codegen]^[[0m ^[[33mSearching for podspec in the project dependencies.^[[0m
Build iOS and Submit to TestFlight	Build for iOS (Local on Runner)	2026-09-29T12:09:14.6971640Z [INSTALL_PODS] ^[[36m^[[1m[Codegen]^[[0m Supported Apple platforms: ios, macos, tvos, visionos for rnreanimated^[[0m
Build iOS and Submit to TestFlight	Build for iOS (Local on Runner)	2026-09-29T12:09:14.6972340Z [INSTALL_PODS] ^[[36m^[[1m[Codegen]^[[0m Processing safeareacontext^[[0m
Build iOS and Submit to TestFlight	Build for iOS (Local on Runner)	2026-09-29T12:09:14.6973130Z [INSTALL_PODS] ^[[36m^[[1m[Codegen]^[[0m ^[[33mSearching for podspec in the project dependencies.^[[0m
Build iOS and Submit to TestFlight	Build for iOS (Local on Runner)	2026-09-29T12:09:14.6974050Z [INSTALL_PODS] ^[[36m^[[1m[Codegen]^[[0m Supported Apple platforms: ios, macos, tvos, visionos for safeareacontext^[[0m
Build iOS and Submit to TestFlight	Build for iOS (Local on Runner)	2026-09-29T12:09:14.6974800Z [INSTALL_PODS] ^[[36m^[[1m[Codegen]^[[0m Processing rnscreens^[[0m
Build iOS and Submit to TestFlight	Build for iOS (Local on Runner)	2026-09-29T12:09:14.6975500Z [INSTALL_PODS] ^[[36m^[[1m[Codegen]^[[0m ^[[33mSearching for podspec in the project dependencies.^[[0m
Build iOS and Submit to TestFlight	Build for iOS (Local on Runner)	2026-09-29T12:09:14.6976450Z [INSTALL_PODS] ^[[36m^[[1m[Codegen]^[[0m Supported Apple platforms: ios, tvos, visionos for rnscreens^[[0m
Build iOS and Submit to TestFlight	Build for iOS (Local on Runner)	2026-09-29T12:09:14.6977190Z [INSTALL_PODS] ^[[36m^[[1m[Codegen]^[[0m Processing rnsvg^[[0m
Build iOS and Submit to TestFlight	Build for iOS (Local on Runner)	2026-09-29T12:09:14.6977900Z [INSTALL_PODS] ^[[36m^[[1m[Codegen]^[[0m ^[[33mSearching for podspec in the project dependencies.^[[0m
Build iOS and Submit to TestFlight	Build for iOS (Local on Runner)	2026-09-29T12:09:14.6978730Z [INSTALL_PODS] ^[[36m^[[1m[Codegen]^[[0m Supported Apple platforms: ios, macos, tvos, visionos for rnsvg^[[0m
Build iOS and Submit to TestFlight	Build for iOS (Local on Runner)	2026-09-29T12:09:14.6979650Z [INSTALL_PODS] ^[[36m^[[1m[Codegen]^[[0m Processing rnworklets^[[0m
Build iOS and Submit to TestFlight	Build for iOS (Local on Runner)	2026-09-29T12:09:14.6980510Z [INSTALL_PODS] ^[[36m^[[1m[Codegen]^[[0m ^[[33mSearching for podspec in the project dependencies.^[[0m
Build iOS and Submit to TestFlight	Build for iOS (Local on Runner)	2026-09-29T12:09:14.6982150Z [INSTALL_PODS] ^[[36m^[[1m[Codegen]^[[0m Supported Apple platforms: ios, macos, tvos, visionos for rnworklets^[[0m
Build iOS and Submit to TestFlight	Build for iOS (Local on Runner)	2026-09-29T12:09:14.6983100Z [INSTALL_PODS] ^[[36m^[[1m[Codegen]^[[0m Generating Native Code for rnasyncstorage - ios^[[0m
Build iOS and Submit to TestFlight	Build for iOS (Local on Runner)	2026-09-29T12:09:14.6984630Z [INSTALL_PODS] ^[[36m^[[1m[Codegen]^[[0m Generated artifacts: /private/var/folders/36/tjdph2t965j8snz9_vkdnw0r0000gn/T/eas-build-local-nodejs/c3e672bf-5ca3-419f-af5c-3fc6c951fd2e/build/ios/build/generated/ios/ReactCodegen^[[0m
Build iOS and Submit to TestFlight	Build for iOS (Local on Runner)	2026-09-29T12:09:14.6985860Z [INSTALL_PODS] ^[[36m^[[1m[Codegen]^[[0m Generating Native Code for rnreanimated - ios^[[0m
Build iOS and Submit to TestFlight	Build for iOS (Local on Runner)	2026-09-29T12:09:14.6987600Z [INSTALL_PODS] ^[[36m^[[1m[Codegen]^[[0m Generated artifacts: /private/var/folders/36/tjdph2t965j8snz9_vkdnw0r0000gn/T/eas-build-local-nodejs/c3e672bf-5ca3-419f-af5c-3fc6c951fd2e/build/ios/build/generated/ios/ReactCodegen^[[0m
Build iOS and Submit to TestFlight	Build for iOS (Local on Runner)	2026-09-29T12:09:14.6988910Z [INSTALL_PODS] ^[[36m^[[1m[Codegen]^[[0m Generating Native Code for safeareacontext - ios^[[0m
Build iOS and Submit to TestFlight	Build for iOS (Local on Runner)	2026-09-29T12:09:14.6991010Z [INSTALL_PODS] ^[[36m^[[1m[Codegen]^[[0m Generated artifacts: /private/var/folders/36/tjdph2t965j8snz9_vkdnw0r0000gn/T/eas-build-local-nodejs/c3e672bf-5ca3-419f-af5c-3fc6c951fd2e/build/ios/build/generated/ios/ReactCodegen^[[0m
Build iOS and Submit to TestFlight	Build for iOS (Local on Runner)	2026-09-29T12:09:14.6992580Z [INSTALL_PODS] ^[[36m^[[1m[Codegen]^[[0m Generating Native Code for rnscreens - ios^[[0m
Build iOS and Submit to TestFlight	Build for iOS (Local on Runner)	2026-09-29T12:09:14.6994040Z [INSTALL_PODS] ^[[36m^[[1m[Codegen]^[[0m Generated artifacts: /private/var/folders/36/tjdph2t965j8snz9_vkdnw0r0000gn/T/eas-build-local-nodejs/c3e672bf-5ca3-419f-af5c-3fc6c951fd2e/build/ios/build/generated/ios/ReactCodegen^[[0m
Build iOS and Submit to TestFlight	Build for iOS (Local on Runner)	2026-09-29T12:09:14.6995210Z [INSTALL_PODS] ^[[36m^[[1m[Codegen]^[[0m Generating Native Code for rnsvg - ios^[[0m
Build iOS and Submit to TestFlight	Build for iOS (Local on Runner)	2026-09-29T12:09:14.6997000Z [INSTALL_PODS] ^[[36m^[[1m[Codegen]^[[0m Generated artifacts: /private/var/folders/36/tjdph2t965j8snz9_vkdnw0r0000gn/T/eas-build-local-nodejs/c3e672bf-5ca3-419f-af5c-3fc6c951fd2e/build/ios/build/generated/ios/ReactCodegen^[[0m
Build iOS and Submit to TestFlight	Build for iOS (Local on Runner)	2026-09-29T12:09:14.6998220Z [INSTALL_PODS] ^[[36m^[[1m[Codegen]^[[0m Generating Native Code for rnworklets - ios^[[0m
Build iOS and Submit to TestFlight	Build for iOS (Local on Runner)	2026-09-29T12:09:14.6999590Z [INSTALL_PODS] ^[[36m^[[1m[Codegen]^[[0m Generated artifacts: /private/var/folders/36/tjdph2t965j8snz9_vkdnw0r0000gn/T/eas-build-local-nodejs/c3e672bf-5ca3-419f-af5c-3fc6c951fd2e/build/ios/build/generated/ios/ReactCodegen^[[0m
Build iOS and Submit to TestFlight	Build for iOS (Local on Runner)	2026-09-29T12:09:14.7000760Z [INSTALL_PODS] ^[[36m^[[1m[Codegen]^[[0m Generating RCTThirdPartyComponentsProvider.h^[[0m
Build iOS and Submit to TestFlight	Build for iOS (Local on Runner)	2026-09-29T12:09:14.7002540Z [INSTALL_PODS] ^[[36m^[[1m[Codegen]^[[0m Generated artifact: /private/var/folders/36/tjdph2t965j8snz9_vkdnw0r0000gn/T/eas-build-local-nodejs/c3e672bf-5ca3-419f-af5c-3fc6c951fd2e/build/ios/build/generated/ios/ReactCodegen/RCTThirdPartyComponentsProvider.h^[[0m
Build iOS and Submit to TestFlight	Build for iOS (Local on Runner)	2026-09-29T12:09:14.7004010Z [INSTALL_PODS] ^[[36m^[[1m[Codegen]^[[0m Generating RCTThirdPartyComponentsProvider.mm^[[0m
Build iOS and Submit to TestFlight	Build for iOS (Local on Runner)	2026-09-29T12:09:14.7005670Z [INSTALL_PODS] ^[[36m^[[1m[Codegen]^[[0m Generated artifact: /private/var/folders/36/tjdph2t965j8snz9_vkdnw0r0000gn/T/eas-build-local-nodejs/c3e672bf-5ca3-419f-af5c-3fc6c951fd2e/build/ios/build/generated/ios/ReactCodegen/RCTThirdPartyComponentsProvider.mm^[[0m
Build iOS and Submit to TestFlight	Build for iOS (Local on Runner)	2026-09-29T12:09:14.7007320Z [INSTALL_PODS] ^[[36m^[[1m[Codegen]^[[0m Generating RCTModulesProvider.h^[[0m
Build iOS and Submit to TestFlight	Build for iOS (Local on Runner)	2026-09-29T12:09:14.7008890Z [INSTALL_PODS] ^[[36m^[[1m[Codegen]^[[0m Generated artifact: /private/var/folders/36/tjdph2t965j8snz9_vkdnw0r0000gn/T/eas-build-local-nodejs/c3e672bf-5ca3-419f-af5c-3fc6c951fd2e/build/ios/build/generated/ios/ReactCodegen/RCTModuleProviders.h^[[0m
Build iOS and Submit to TestFlight	Build for iOS (Local on Runner)	2026-09-29T12:09:14.7010120Z [INSTALL_PODS] ^[[36m^[[1m[Codegen]^[[0m Generating RCTModuleProviders.mm^[[0m
Build iOS and Submit to TestFlight	Build for iOS (Local on Runner)	2026-09-29T12:09:14.7011720Z [INSTALL_PODS] ^[[36m^[[1m[Codegen]^[[0m Generated artifact: /private/var/folders/36/tjdph2t965j8snz9_vkdnw0r0000gn/T/eas-build-local-nodejs/c3e672bf-5ca3-419f-af5c-3fc6c951fd2e/build/ios/build/generated/ios/ReactCodegen/RCTModuleProviders.mm^[[0m
Build iOS and Submit to TestFlight	Build for iOS (Local on Runner)	2026-09-29T12:09:14.7013260Z [INSTALL_PODS] ^[[36m^[[1m[Codegen]^[[0m Generating RCTAppDependencyProvider^[[0m
Build iOS and Submit to TestFlight	Build for iOS (Local on Runner)	2026-09-29T12:09:14.7014820Z [INSTALL_PODS] ^[[36m^[[1m[Codegen]^[[0m Generated artifact: /private/var/folders/36/tjdph2t965j8snz9_vkdnw0r0000gn/T/eas-build-local-nodejs/c3e672bf-5ca3-419f-af5c-3fc6c951fd2e/build/ios/build/generated/ios/ReactAppDependencyProvider/RCTAppDependencyProvider.h^[[0m
Build iOS and Submit to TestFlight	Build for iOS (Local on Runner)	2026-09-29T12:09:14.7017500Z [INSTALL_PODS] ^[[36m^[[1m[Codegen]^[[0m Generated artifact: /private/var/folders/36/tjdph2t965j8snz9_vkdnw0r0000gn/T/eas-build-local-nodejs/c3e672bf-5ca3-419f-af5c-3fc6c951fd2e/build/ios/build/generated/ios/ReactAppDependencyProvider/RCTAppDependencyProvider.mm^[[0m
Build iOS and Submit to TestFlight	Build for iOS (Local on Runner)	2026-09-29T12:09:14.7020050Z [INSTALL_PODS] ^[[36m^[[1m[Codegen]^[[0m Generated podspec: /private/var/folders/36/tjdph2t965j8snz9_vkdnw0r0000gn/T/eas-build-local-nodejs/c3e672bf-5ca3-419f-af5c-3fc6c951fd2e/build/ios/build/generated/ios/ReactAppDependencyProvider/ReactAppDependencyProvider.podspec^[[0m
Build iOS and Submit to TestFlight	Build for iOS (Local on Runner)	2026-09-29T12:09:14.7022570Z [INSTALL_PODS] ^[[36m^[[1m[Codegen]^[[0m Generated podspec: /private/var/folders/36/tjdph2t965j8snz9_vkdnw0r0000gn/T/eas-build-local-nodejs/c3e672bf-5ca3-419f-af5c-3fc6c951fd2e/build/ios/build/generated/ios/ReactCodegen/ReactCodegen.podspec^[[0m
Build iOS and Submit to TestFlight	Build for iOS (Local on Runner)	2026-09-29T12:09:14.7023990Z [INSTALL_PODS] ^[[36m^[[1m[Codegen]^[[0m Generating Package.swift^[[0m
Build iOS and Submit to TestFlight	Build for iOS (Local on Runner)	2026-09-29T12:09:14.7025390Z [INSTALL_PODS] ^[[36m^[[1m[Codegen]^[[0m Generated artifact: /private/var/folders/36/tjdph2t965j8snz9_vkdnw0r0000gn/T/eas-build-local-nodejs/c3e672bf-5ca3-419f-af5c-3fc6c951fd2e/build/ios/build/generated/ios/Package.swift^[[0m
Build iOS and Submit to TestFlight	Build for iOS (Local on Runner)	2026-09-29T12:09:14.7026460Z [INSTALL_PODS] ^[[36m^[[1m[Codegen]^[[0m ^[[33mDone.^[[0m
Build iOS and Submit to TestFlight	Build for iOS (Local on Runner)	2026-09-29T12:09:14.7026920Z [INSTALL_PODS] Analyzing dependencies
Build iOS and Submit to TestFlight	Build for iOS (Local on Runner)	2026-09-29T12:09:15.1795570Z [INSTALL_PODS] Fetching podspec for `React-Core-prebuilt` from `../node_modules/react-native/React-Core-prebuilt.podspec`
Build iOS and Submit to TestFlight	Build for iOS (Local on Runner)	2026-09-29T12:09:15.1881760Z [INSTALL_PODS] [ReactNativeCore] Cache miss: downloading reactnative-core-0.86.3-debug.tar.gz from https://repo1.maven.org/maven2/com/facebook/react/react-native-artifacts/0.86.3/react-native-artifacts-0.86.3-reactnative-core-debug.tar.gz
Build iOS and Submit to TestFlight	Build for iOS (Local on Runner)	2026-09-29T12:09:15.2038850Z [INSTALL_PODS] % Total    % Received % Xferd  Average Speed   Time
Build iOS and Submit to TestFlight	Build for iOS (Local on Runner)	2026-09-29T12:09:15.2053410Z [INSTALL_PODS] Time     Time  Current
Build iOS and Submit to TestFlight	Build for iOS (Local on Runner)	2026-09-29T12:09:15.2056570Z [INSTALL_PODS]                                  Dload  Upload   Total   Spent    Left  Speed
Build iOS and Submit to TestFlight	Build for iOS (Local on Runner)	2026-09-29T12:09:15.2057400Z [INSTALL_PODS] 
Build iOS and Submit to TestFlight	Build for iOS (Local on Runner)	2026-09-29T12:09:15.2058320Z   0     0    0     0    0     0      0      0 --:--:-- --:--:-- --:--:--     0
Build iOS and Submit to TestFlight	Build for iOS (Local on Runner)	2026-09-29T12:09:15.2175710Z [INSTALL_PODS] 100   167    0   167    0     0  12360      0 --:
Build iOS and Submit to TestFlight	Build for iOS (Local on Runner)	2026-09-29T12:09:15.2185910Z [INSTALL_PODS] --:-- --:--:-- --:--:-- 12846
Build iOS and Submit to TestFlight	Build for iOS (Local on Runner)	2026-09-29T12:09:15.7768660Z [INSTALL_PODS] 61 94.2M   61 57.7M    0     0   102M      0 --:--:-- --:--:-- --:--:
Build iOS and Submit to TestFlight	Build for iOS (Local on Runner)	2026-09-29T12:09:15.7871670Z [INSTALL_PODS] --  102M
Build iOS and Submit to TestFlight	Build for iOS (Local on Runner)	2026-09-29T12:09:16.0817770Z [INSTALL_PODS] 100 94.2M  100 94.2M    0     0   107M      0 --:
Build iOS and Submit to TestFlight	Build for iOS (Local on Runner)	2026-09-29T12:09:16.0921560Z [INSTALL_PODS] --:-- --:--:-- --:--:--  116M
Build iOS and Submit to TestFlight	Build for iOS (Local on Runner)	2026-09-29T12:09:16.0948830Z [INSTALL_PODS] [ReactNativeCore] Verifying checksum for downloaded reactnative-core-0.86.3-debug.tar.gz...
Build iOS and Submit to TestFlight	Build for iOS (Local on Runner)	2026-09-29T12:09:16.2192440Z [INSTALL_PODS] [Cache] SHA1 verified for reactnative-core-0.86.3-debug.tar.gz
Build iOS and Submit to TestFlight	Build for iOS (Local on Runner)	2026-09-29T12:09:16.2791860Z [INSTALL_PODS] [ReactNativeCore] Saved reactnative-core-0.86.3-debug.tar.gz to shared cache (/Users/runner/Library/Caches/ReactNative)
Build iOS and Submit to TestFlight	Build for iOS (Local on Runner)	2026-09-29T12:09:16.2916650Z [INSTALL_PODS] [ReactNativeCore] Cache miss: downloading reactnative-core-0.86.3-release.tar.gz from https://repo1.maven.org/maven2/com/facebook/react/react-native-artifacts/0.86.3/react-native-artifacts-0.86.3-reactnative-core-release.tar.gz
Build iOS and Submit to TestFlight	Build for iOS (Local on Runner)	2026-09-29T12:09:16.3086520Z [INSTALL_PODS] % Total    % Received % Xferd  Average Speed   Time    Time     Time  Curr
Build iOS and Submit to TestFlight	Build for iOS (Local on Runner)	2026-09-29T12:09:16.3087810Z [INSTALL_PODS] ent
Build iOS and Submit to TestFlight	Build for iOS (Local on Runner)	2026-09-29T12:09:16.3088710Z [INSTALL_PODS]                                  Dload  Upload   Total   Spent    Left  Speed
Build iOS and Submit to TestFlight	Build for iOS (Local on Runner)	2026-09-29T12:09:16.3089190Z [INSTALL_PODS] 
Build iOS and Submit to TestFlight	Build for iOS (Local on Runner)	2026-09-29T12:09:16.3089540Z   0     0    0     0    0     0      0      0 --:--:-- --:--:-- --:--:--     0
Build iOS and Submit to TestFlight	Build for iOS (Local on Runner)	2026-09-29T12:09:16.3235890Z [INSTALL_PODS] 100   167    0   167    0     0  11104      0 --:--:-- --:--:-- --:--:-- 11928
Build iOS and Submit to TestFlight	Build for iOS (Local on Runner)	2026-09-29T12:09:16.7702300Z [INSTALL_PODS] 93 29.5M   93 27.6M    0     0  59.
Build iOS and Submit to TestFlight	Build for iOS (Local on Runner)	2026-09-29T12:09:16.7703570Z [INSTALL_PODS] 8M      0 --:--:-- --:--:-- --:--:-- 59.8M
Build iOS and Submit to TestFlight	Build for iOS (Local on Runner)	2026-09-29T12:09:16.7815430Z [INSTALL_PODS] 100 29.5M  100 29.5M    0     0  62.5M      0 --:--:--
Build iOS and Submit to TestFlight	Build for iOS (Local on Runner)	2026-09-29T12:09:16.7816110Z [INSTALL_PODS] --:--:-- --:--:--  175M
Build iOS and Submit to TestFlight	Build for iOS (Local on Runner)	2026-09-29T12:09:16.7934250Z [INSTALL_PODS] [ReactNativeCore] Verifying checksum for downloaded reactnative-core-0.86.3-release.tar.gz...
Build iOS and Submit to TestFlight	Build for iOS (Local on Runner)	2026-09-29T12:09:16.8661420Z [INSTALL_PODS] [Cache] SHA1 verified for reactnative-core-0.86.3-release.tar.gz
Build iOS and Submit to TestFlight	Build for iOS (Local on Runner)	2026-09-29T12:09:16.8859590Z [INSTALL_PODS] [ReactNativeCore] Saved reactnative-core-0.86.3-release.tar.gz to shared cache (/Users/runner/Library/Caches/ReactNative)
Build iOS and Submit to TestFlight	Build for iOS (Local on Runner)	2026-09-29T12:09:16.8864240Z [INSTALL_PODS] [ReactNativeCore] Resolved stable ReactNativeCore-prebuilt version:
Build iOS and Submit to TestFlight	Build for iOS (Local on Runner)	2026-09-29T12:09:16.8866690Z [INSTALL_PODS] [ReactNativeCore]   ../../ios/Pods/ReactNativeCore-artifacts/reactnative-core-0.86.3-debug.tar.gz
Build iOS and Submit to TestFlight	Build for iOS (Local on Runner)	2026-09-29T12:09:16.8869440Z [INSTALL_PODS] [ReactNativeCore]   ../../ios/Pods/ReactNativeCore-artifacts/reactnative-core-0.86.3-release.tar.gz
Build iOS and Submit to TestFlight	Build for iOS (Local on Runner)	2026-09-29T12:09:17.0103510Z [INSTALL_PODS] Fetching podspec for `ReactNativeDependencies` from `../node_modules/react-native/third-party-podspecs/ReactNativeDependencies.podspec`
Build iOS and Submit to TestFlight	Build for iOS (Local on Runner)	2026-09-29T12:09:17.1345540Z [INSTALL_PODS] [ReactNativeDependencies] Using tarball from URL: https://repo1.maven.org/maven2/com/facebook/react/react-native-artifacts/0.86.3/react-native-artifacts-0.86.3-reactnative-dependencies-debug.tar.gz
Build iOS and Submit to TestFlight	Build for iOS (Local on Runner)	2026-09-29T12:09:17.1447080Z [INSTALL_PODS] [ReactNativeDependencies] Tarball reactnative-dependencies-0.86.3-debug.tar.gz already exists in Pods. Skipping download.
Build iOS and Submit to TestFlight	Build for iOS (Local on Runner)	2026-09-29T12:09:17.1537470Z [INSTALL_PODS] [ReactNativeDependencies] Tarball reactnative-dependencies-0.86.3-release.tar.gz already exists in Pods. Skipping download.
Build iOS and Submit to TestFlight	Build for iOS (Local on Runner)	2026-09-29T12:09:17.1539050Z [INSTALL_PODS] Fetching podspec for `hermes-engine` from `../node_modules/react-native/sdks/hermes-engine/hermes-engine.podspec`
Build iOS and Submit to TestFlight	Build for iOS (Local on Runner)	2026-09-29T12:09:17.2768720Z [INSTALL_PODS] [Hermes] Using release tarball from URL: https://repo1.maven.org/maven2/com/facebook/hermes/hermes-ios/250829098.0.17/hermes-ios-250829098.0.17-hermes-ios-debug.tar.gz
Build iOS and Submit to TestFlight	Build for iOS (Local on Runner)	2026-09-29T12:09:17.2969480Z [INSTALL_PODS] [Hermes] Cache miss: downloading hermes-ios-250829098.0.17-debug.tar.gz from https://repo1.maven.org/maven2/com/facebook/hermes/hermes-ios/250829098.0.17/hermes-ios-250829098.0.17-hermes-ios-debug.tar.gz
Build iOS and Submit to TestFlight	Build for iOS (Local on Runner)	2026-09-29T12:09:17.3170230Z [INSTALL_PODS] % Total    % Received % Xferd  Average Speed   Time    Time
Build iOS and Submit to TestFlight	Build for iOS (Local on Runner)	2026-09-29T12:09:17.3271450Z [INSTALL_PODS] Time  Current
Build iOS and Submit to TestFlight	Build for iOS (Local on Runner)	2026-09-29T12:09:17.3372050Z [INSTALL_PODS]                                  Dload  Upload   Total   Spent    Left  Speed
Build iOS and Submit to TestFlight	Build for iOS (Local on Runner)	2026-09-29T12:09:17.3472390Z [INSTALL_PODS] 
Build iOS and Submit to TestFlight	Build for iOS (Local on Runner)	2026-09-29T12:09:17.3572990Z   0     0    0     0    0     0      0      0 --:--:-- --:--:-- --:--:--     0
Build iOS and Submit to TestFlight	Build for iOS (Local on Runner)	2026-09-29T12:09:17.3674640Z [INSTALL_PODS] 100   167    0   167    0     0  11773      0 --:--:--
Build iOS and Submit to TestFlight	Build for iOS (Local on Runner)	2026-09-29T12:09:17.3777060Z [INSTALL_PODS] --:--:-- --:--:-- 11928
Build iOS and Submit to TestFlight	Build for iOS (Local on Runner)	2026-09-29T12:09:17.6317820Z [INSTALL_PODS] 100 31.2M  100 31.2M    0     0  98.4M      0
Build iOS and Submit to TestFlight	Build for iOS (Local on Runner)	2026-09-29T12:09:17.6420830Z [INSTALL_PODS] --:--:-- --:--:-- --:--:-- 98.4M
Build iOS and Submit to TestFlight	Build for iOS (Local on Runner)	2026-09-29T12:09:17.6531200Z [INSTALL_PODS] [Hermes] Verifying checksum for downloaded hermes-ios-250829098.0.17-debug.tar.gz...
Build iOS and Submit to TestFlight	Build for iOS (Local on Runner)	2026-09-29T12:09:17.7311090Z [INSTALL_PODS] [Hermes] SHA1 verified for hermes-ios-250829098.0.17-debug.tar.gz
Build iOS and Submit to TestFlight	Build for iOS (Local on Runner)	2026-09-29T12:09:17.7487370Z [INSTALL_PODS] [Hermes] Saved hermes-ios-250829098.0.17-debug.tar.gz to shared cache (/Users/runner/Library/Caches/ReactNative)
Build iOS and Submit to TestFlight	Build for iOS (Local on Runner)	2026-09-29T12:09:17.7591790Z [INSTALL_PODS] [Hermes] Cache miss: downloading hermes-ios-250829098.0.17-release.tar.gz from https://repo1.maven.org/maven2/com/facebook/hermes/hermes-ios/250829098.0.17/hermes-ios-250829098.0.17-hermes-ios-release.tar.gz
Build iOS and Submit to TestFlight	Build for iOS (Local on Runner)	2026-09-29T12:09:17.7751980Z [INSTALL_PODS] % Total    % Received % Xferd  Average Speed   Time    Time     Time  Curre
Build iOS and Submit to TestFlight	Build for iOS (Local on Runner)	2026-09-29T12:09:17.7753780Z [INSTALL_PODS] nt
Build iOS and Submit to TestFlight	Build for iOS (Local on Runner)	2026-09-29T12:09:17.7754930Z [INSTALL_PODS]                                  Dload  Upload   Total   Spent    Left  Speed
Build iOS and Submit to TestFlight	Build for iOS (Local on Runner)	2026-09-29T12:09:17.7755410Z [INSTALL_PODS] 
Build iOS and Submit to TestFlight	Build for iOS (Local on Runner)	2026-09-29T12:09:17.7756910Z   0     0    0     0    0     0      0      0 --:--:-- --:--:-- --:--:--     0
Build iOS and Submit to TestFlight	Build for iOS (Local on Runner)	2026-09-29T12:09:17.7936730Z [INSTALL_PODS] 100   167    0   167    0     0   9027      0 --:--:-- --
Build iOS and Submit to TestFlight	Build for iOS (Local on Runner)	2026-09-29T12:09:17.7938360Z [INSTALL_PODS] :--:-- --:--:--  9277
Build iOS and Submit to TestFlight	Build for iOS (Local on Runner)	2026-09-29T12:09:17.9958730Z [INSTALL_PODS] 100 24.3M  100 24.3M    0     0   110M      0 --:--:-- --:--:-- --:--:--  110M
Build iOS and Submit to TestFlight	Build for iOS (Local on Runner)	2026-09-29T12:09:18.0156080Z [INSTALL_PODS] [Hermes] Verifying checksum for downloaded hermes-ios-250829098.0.17-release.tar.gz...
Build iOS and Submit to TestFlight	Build for iOS (Local on Runner)	2026-09-29T12:09:18.0799490Z [INSTALL_PODS] [Hermes] SHA1 verified for hermes-ios-250829098.0.17-release.tar.gz
Build iOS and Submit to TestFlight	Build for iOS (Local on Runner)	2026-09-29T12:09:18.0956860Z [INSTALL_PODS] [Hermes] Saved hermes-ios-250829098.0.17-release.tar.gz to shared cache (/Users/runner/Library/Caches/ReactNative)
Build iOS and Submit to TestFlight	Build for iOS (Local on Runner)	2026-09-29T12:09:18.8417800Z [INSTALL_PODS] Adding spec repo `trunk` with CDN `https://cdn.cocoapods.org/`
Build iOS and Submit to TestFlight	Build for iOS (Local on Runner)	2026-09-29T12:09:18.8418840Z [INSTALL_PODS] Downloading dependencies
Build iOS and Submit to TestFlight	Build for iOS (Local on Runner)	2026-09-29T12:09:18.8419410Z [INSTALL_PODS] Installing EXApplication (57.0.3)
Build iOS and Submit to TestFlight	Build for iOS (Local on Runner)	2026-09-29T12:09:18.8419940Z [INSTALL_PODS] Installing EXConstants (57.0.19)
Build iOS and Submit to TestFlight	Build for iOS (Local on Runner)	2026-09-29T12:09:18.8420710Z [INSTALL_PODS] Installing Expo (57.0.25)
Build iOS and Submit to TestFlight	Build for iOS (Local on Runner)	2026-09-29T12:09:18.8421170Z [INSTALL_PODS] Installing ExpoAsset (57.0.18)
Build iOS and Submit to TestFlight	Build for iOS (Local on Runner)	2026-09-29T12:09:18.8421620Z [INSTALL_PODS] Installing ExpoClipboard (57.0.2)
Build iOS and Submit to TestFlight	Build for iOS (Local on Runner)	2026-09-29T12:09:18.8422080Z [INSTALL_PODS] Installing ExpoDevice (57.0.2)
Build iOS and Submit to TestFlight	Build for iOS (Local on Runner)	2026-09-29T12:09:18.8422480Z [INSTALL_PODS] Installing ExpoDomWebView (57.0.1)
Build iOS and Submit to TestFlight	Build for iOS (Local on Runner)	2026-09-29T12:09:18.8422950Z [INSTALL_PODS] Installing ExpoFileSystem (57.0.7)
Build iOS and Submit to TestFlight	Build for iOS (Local on Runner)	2026-09-29T12:09:18.8423370Z [INSTALL_PODS] Installing ExpoFont (57.0.4)
Build iOS and Submit to TestFlight	Build for iOS (Local on Runner)	2026-09-29T12:09:18.8423770Z [INSTALL_PODS] Installing ExpoKeepAwake (57.0.2)
Build iOS and Submit to TestFlight	Build for iOS (Local on Runner)	2026-09-29T12:09:18.8424260Z [INSTALL_PODS] Installing ExpoLogBox (57.0.4)
Build iOS and Submit to TestFlight	Build for iOS (Local on Runner)	2026-09-29T12:09:18.8424730Z [INSTALL_PODS] Installing ExpoModulesCore (57.0.19)
Build iOS and Submit to TestFlight	Build for iOS (Local on Runner)	2026-09-29T12:09:18.8425240Z [INSTALL_PODS] Installing ExpoModulesJSI (57.1.1)
Build iOS and Submit to TestFlight	Build for iOS (Local on Runner)	2026-09-29T12:09:22.4208270Z [INSTALL_PODS] Installing ExpoModulesWorklets (57.0.19)
Build iOS and Submit to TestFlight	Build for iOS (Local on Runner)	2026-09-29T12:09:22.4255080Z [INSTALL_PODS] Installing ExpoModulesWorkletsAdapter (57.0.19)
Build iOS and Submit to TestFlight	Build for iOS (Local on Runner)	2026-09-29T12:09:22.4273770Z [INSTALL_PODS] Installing ExpoNotifications (57.0.21)
Build iOS and Submit to TestFlight	Build for iOS (Local on Runner)	2026-09-29T12:09:22.4282770Z [INSTALL_PODS] Installing ExpoSecureStore (57.0.4)
Build iOS and Submit to TestFlight	Build for iOS (Local on Runner)	2026-09-29T12:09:22.4357850Z [INSTALL_PODS] Installing FBLazyVector (0.86.3)
Build iOS and Submit to TestFlight	Build for iOS (Local on Runner)	2026-09-29T12:09:22.4360550Z [INSTALL_PODS] Installing RCTDeprecation (0.86.3)
Build iOS and Submit to TestFlight	Build for iOS (Local on Runner)	2026-09-29T12:09:22.4362220Z [INSTALL_PODS] Installing RCTRequired (0.86.3)
Build iOS and Submit to TestFlight	Build for iOS (Local on Runner)	2026-09-29T12:09:22.4363750Z [INSTALL_PODS] Installing RCTSwiftUI (0.86.3)
Build iOS and Submit to TestFlight	Build for iOS (Local on Runner)	2026-09-29T12:09:22.4365020Z [INSTALL_PODS] Installing RCTSwiftUIWrapper (0.86.3)
Build iOS and Submit to TestFlight	Build for iOS (Local on Runner)	2026-09-29T12:09:22.4366210Z [INSTALL_PODS] Installing RCTTypeSafety (0.86.3)
Build iOS and Submit to TestFlight	Build for iOS (Local on Runner)	2026-09-29T12:09:22.4367820Z [INSTALL_PODS] Installing RNCAsyncStorage (2.2.0)
Build iOS and Submit to TestFlight	Build for iOS (Local on Runner)	2026-09-29T12:09:22.4369090Z [INSTALL_PODS] Installing RNReanimated (4.5.1)
Build iOS and Submit to TestFlight	Build for iOS (Local on Runner)	2026-09-29T12:09:22.4375830Z [INSTALL_PODS] Installing RNSVG (15.15.4)
Build iOS and Submit to TestFlight	Build for iOS (Local on Runner)	2026-09-29T12:09:22.4378770Z [INSTALL_PODS] Installing RNScreens (4.26.2)
Build iOS and Submit to TestFlight	Build for iOS (Local on Runner)	2026-09-29T12:09:22.4380100Z [INSTALL_PODS] Installing RNWorklets (0.10.1)
Build iOS and Submit to TestFlight	Build for iOS (Local on Runner)	2026-09-29T12:09:22.4381520Z [INSTALL_PODS] Installing React (0.86.3)
Build iOS and Submit to TestFlight	Build for iOS (Local on Runner)	2026-09-29T12:09:22.4383010Z [INSTALL_PODS] Installing React-Core (0.86.3)
Build iOS and Submit to TestFlight	Build for iOS (Local on Runner)	2026-09-29T12:09:22.4384480Z [INSTALL_PODS] Installing React-Core-prebuilt (0.86.3)
Build iOS and Submit to TestFlight	Build for iOS (Local on Runner)	2026-09-29T12:09:36.9832240Z [INSTALL_PODS] Installing React-CoreModules (0.86.3)
Build iOS and Submit to TestFlight	Build for iOS (Local on Runner)	2026-09-29T12:09:36.9922030Z [INSTALL_PODS] Installing React-Fabric (0.86.3)
Build iOS and Submit to TestFlight	Build for iOS (Local on Runner)	2026-09-29T12:09:36.9923420Z [INSTALL_PODS] Installing React-FabricComponents (0.86.3)
Build iOS and Submit to TestFlight	Build for iOS (Local on Runner)	2026-09-29T12:09:36.9924180Z [INSTALL_PODS] Installing React-FabricImage (0.86.3)
Build iOS and Submit to TestFlight	Build for iOS (Local on Runner)	2026-09-29T12:09:36.9924800Z [INSTALL_PODS] Installing React-ImageManager (0.86.3)
Build iOS and Submit to TestFlight	Build for iOS (Local on Runner)	2026-09-29T12:09:36.9925720Z [INSTALL_PODS] Installing React-Mapbuffer (0.86.3)
Build iOS and Submit to TestFlight	Build for iOS (Local on Runner)	2026-09-29T12:09:36.9926960Z [INSTALL_PODS] Installing React-NativeModulesApple (0.86.3)
Build iOS and Submit to TestFlight	Build for iOS (Local on Runner)	2026-09-29T12:09:36.9927510Z [INSTALL_PODS] Installing React-RCTActionSheet (0.86.3)
Build iOS and Submit to TestFlight	Build for iOS (Local on Runner)	2026-09-29T12:09:36.9928120Z [INSTALL_PODS] Installing React-RCTAnimation (0.86.3)
Build iOS and Submit to TestFlight	Build for iOS (Local on Runner)	2026-09-29T12:09:36.9928640Z [INSTALL_PODS] Installing React-RCTAppDelegate (0.86.3)
Build iOS and Submit to TestFlight	Build for iOS (Local on Runner)	2026-09-29T12:09:36.9929120Z [INSTALL_PODS] Installing React-RCTBlob (0.86.3)
Build iOS and Submit to TestFlight	Build for iOS (Local on Runner)	2026-09-29T12:09:36.9929660Z [INSTALL_PODS] Installing React-RCTFBReactNativeSpec (0.86.3)
Build iOS and Submit to TestFlight	Build for iOS (Local on Runner)	2026-09-29T12:09:36.9930110Z [INSTALL_PODS] Installing React-RCTFabric (0.86.3)
Build iOS and Submit to TestFlight	Build for iOS (Local on Runner)	2026-09-29T12:09:36.9930560Z [INSTALL_PODS] Installing React-RCTImage (0.86.3)
Build iOS and Submit to TestFlight	Build for iOS (Local on Runner)	2026-09-29T12:09:36.9931000Z [INSTALL_PODS] Installing React-RCTLinking (0.86.3)
Build iOS and Submit to TestFlight	Build for iOS (Local on Runner)	2026-09-29T12:09:36.9931390Z [INSTALL_PODS] Installing React-RCTNetwork (0.86.3)
Build iOS and Submit to TestFlight	Build for iOS (Local on Runner)	2026-09-29T12:09:36.9931850Z [INSTALL_PODS] Installing React-RCTRuntime (0.86.3)
Build iOS and Submit to TestFlight	Build for iOS (Local on Runner)	2026-09-29T12:09:36.9939470Z [INSTALL_PODS] Installing React-RCTSettings (0.86.3)
Build iOS and Submit to TestFlight	Build for iOS (Local on Runner)	2026-09-29T12:09:36.9939920Z [INSTALL_PODS] Installing React-RCTText (0.86.3)
Build iOS and Submit to TestFlight	Build for iOS (Local on Runner)	2026-09-29T12:09:36.9940410Z [INSTALL_PODS] Installing React-RCTVibration (0.86.3)
Build iOS and Submit to TestFlight	Build for iOS (Local on Runner)	2026-09-29T12:09:36.9940920Z [INSTALL_PODS] Installing React-RuntimeApple (0.86.3)
Build iOS and Submit to TestFlight	Build for iOS (Local on Runner)	2026-09-29T12:09:36.9941460Z [INSTALL_PODS] Installing React-RuntimeCore (0.86.3)
Build iOS and Submit to TestFlight	Build for iOS (Local on Runner)	2026-09-29T12:09:36.9941910Z [INSTALL_PODS] Installing React-RuntimeHermes (0.86.3)
Build iOS and Submit to TestFlight	Build for iOS (Local on Runner)	2026-09-29T12:09:36.9942380Z [INSTALL_PODS] Installing React-callinvoker (0.86.3)
Build iOS and Submit to TestFlight	Build for iOS (Local on Runner)	2026-09-29T12:09:36.9942850Z [INSTALL_PODS] Installing React-cxxreact (0.86.3)
Build iOS and Submit to TestFlight	Build for iOS (Local on Runner)	2026-09-29T12:09:36.9943250Z [INSTALL_PODS] Installing React-debug (0.86.3)
Build iOS and Submit to TestFlight	Build for iOS (Local on Runner)	2026-09-29T12:09:36.9943900Z [INSTALL_PODS] Installing React-defaultsnativemodule (0.86.3)
Build iOS and Submit to TestFlight	Build for iOS (Local on Runner)	2026-09-29T12:09:36.9944440Z [INSTALL_PODS] Installing React-domnativemodule (0.86.3)
Build iOS and Submit to TestFlight	Build for iOS (Local on Runner)	2026-09-29T12:09:36.9944920Z [INSTALL_PODS] Installing React-featureflags (0.86.3)
Build iOS and Submit to TestFlight	Build for iOS (Local on Runner)	2026-09-29T12:09:36.9945610Z [INSTALL_PODS] Installing React-featureflagsnativemodule (0.86.3)
Build iOS and Submit to TestFlight	Build for iOS (Local on Runner)	2026-09-29T12:09:36.9946150Z [INSTALL_PODS] Installing React-graphics (0.86.3)
Build iOS and Submit to TestFlight	Build for iOS (Local on Runner)	2026-09-29T12:09:36.9946680Z [INSTALL_PODS] Installing React-hermes (0.86.3)
Build iOS and Submit to TestFlight	Build for iOS (Local on Runner)	2026-09-29T12:09:36.9947240Z [INSTALL_PODS] Installing React-idlecallbacksnativemodule (0.86.3)
Build iOS and Submit to TestFlight	Build for iOS (Local on Runner)	2026-09-29T12:09:36.9947870Z [INSTALL_PODS] Installing React-intersectionobservernativemodule (0.86.3)
Build iOS and Submit to TestFlight	Build for iOS (Local on Runner)	2026-09-29T12:09:36.9948420Z [INSTALL_PODS] Installing React-jserrorhandler (0.86.3)
Build iOS and Submit to TestFlight	Build for iOS (Local on Runner)	2026-09-29T12:09:36.9948810Z [INSTALL_PODS] Installing React-jsi (0.86.3)
Build iOS and Submit to TestFlight	Build for iOS (Local on Runner)	2026-09-29T12:09:36.9949230Z [INSTALL_PODS] Installing React-jsiexecutor (0.86.3)
Build iOS and Submit to TestFlight	Build for iOS (Local on Runner)	2026-09-29T12:09:36.9949700Z [INSTALL_PODS] Installing React-jsinspector (0.86.3)
Build iOS and Submit to TestFlight	Build for iOS (Local on Runner)	2026-09-29T12:09:36.9950240Z [INSTALL_PODS] Installing React-jsinspectorcdp (0.86.3)
Build iOS and Submit to TestFlight	Build for iOS (Local on Runner)	2026-09-29T12:09:36.9973520Z [INSTALL_PODS] Installing React-jsinspectornetwork (0.86.3)
Build iOS and Submit to TestFlight	Build for iOS (Local on Runner)	2026-09-29T12:09:36.9974340Z [INSTALL_PODS] Installing React-jsinspectortracing (0.86.3)
Build iOS and Submit to TestFlight	Build for iOS (Local on Runner)	2026-09-29T12:09:36.9974920Z [INSTALL_PODS] Installing React-jsitooling (0.86.3)
Build iOS and Submit to TestFlight	Build for iOS (Local on Runner)	2026-09-29T12:09:36.9975490Z [INSTALL_PODS] Installing React-jsitracing (0.86.3)
Build iOS and Submit to TestFlight	Build for iOS (Local on Runner)	2026-09-29T12:09:36.9976040Z [INSTALL_PODS] Installing React-logger (0.86.3)
Build iOS and Submit to TestFlight	Build for iOS (Local on Runner)	2026-09-29T12:09:36.9976570Z [INSTALL_PODS] Installing React-microtasksnativemodule (0.86.3)
Build iOS and Submit to TestFlight	Build for iOS (Local on Runner)	2026-09-29T12:09:36.9977210Z [INSTALL_PODS] Installing React-mutationobservernativemodule (0.86.3)
Build iOS and Submit to TestFlight	Build for iOS (Local on Runner)	2026-09-29T12:09:36.9977720Z [INSTALL_PODS] Installing React-networking (0.86.3)
Build iOS and Submit to TestFlight	Build for iOS (Local on Runner)	2026-09-29T12:09:36.9978120Z [INSTALL_PODS] Installing React-oscompat (0.86.3)
Build iOS and Submit to TestFlight	Build for iOS (Local on Runner)	2026-09-29T12:09:36.9978570Z [INSTALL_PODS] Installing React-perflogger (0.86.3)
Build iOS and Submit to TestFlight	Build for iOS (Local on Runner)	2026-09-29T12:09:36.9979140Z [INSTALL_PODS] Installing React-performancecdpmetrics (0.86.3)
Build iOS and Submit to TestFlight	Build for iOS (Local on Runner)	2026-09-29T12:09:36.9979700Z [INSTALL_PODS] Installing React-performancetimeline (0.86.3)
Build iOS and Submit to TestFlight	Build for iOS (Local on Runner)	2026-09-29T12:09:36.9980270Z [INSTALL_PODS] Installing React-rendererconsistency (0.86.3)
Build iOS and Submit to TestFlight	Build for iOS (Local on Runner)	2026-09-29T12:09:36.9980770Z [INSTALL_PODS] Installing React-renderercss (0.86.3)
Build iOS and Submit to TestFlight	Build for iOS (Local on Runner)	2026-09-29T12:09:36.9981260Z [INSTALL_PODS] Installing React-rendererdebug (0.86.3)
Build iOS and Submit to TestFlight	Build for iOS (Local on Runner)	2026-09-29T12:09:36.9982340Z [INSTALL_PODS] Installing React-runtimeexecutor (0.86.3)
Build iOS and Submit to TestFlight	Build for iOS (Local on Runner)	2026-09-29T12:09:36.9982780Z [INSTALL_PODS] Installing React-runtimescheduler (0.86.3)
Build iOS and Submit to TestFlight	Build for iOS (Local on Runner)	2026-09-29T12:09:36.9983370Z [INSTALL_PODS] Installing React-timing (0.86.3)
Build iOS and Submit to TestFlight	Build for iOS (Local on Runner)	2026-09-29T12:09:36.9983920Z [INSTALL_PODS] Installing React-utils (0.86.3)
Build iOS and Submit to TestFlight	Build for iOS (Local on Runner)	2026-09-29T12:09:36.9984550Z [INSTALL_PODS] Installing React-viewtransitionnativemodule (0.86.3)
Build iOS and Submit to TestFlight	Build for iOS (Local on Runner)	2026-09-29T12:09:36.9985400Z [INSTALL_PODS] Installing React-webperformancenativemodule (0.86.3)
Build iOS and Submit to TestFlight	Build for iOS (Local on Runner)	2026-09-29T12:09:36.9986100Z [INSTALL_PODS] Installing ReactAppDependencyProvider (0.86.3)
Build iOS and Submit to TestFlight	Build for iOS (Local on Runner)	2026-09-29T12:09:36.9986630Z [INSTALL_PODS] Installing ReactCodegen (0.86.3)
Build iOS and Submit to TestFlight	Build for iOS (Local on Runner)	2026-09-29T12:09:36.9987000Z [INSTALL_PODS] Installing ReactCommon (0.86.3)
Build iOS and Submit to TestFlight	Build for iOS (Local on Runner)	2026-09-29T12:09:36.9987500Z [INSTALL_PODS] Installing ReactNativeDependencies (0.86.3)
Build iOS and Submit to TestFlight	Build for iOS (Local on Runner)	2026-09-29T12:09:44.7842210Z [INSTALL_PODS] Installing Yoga (0.0.0)
Build iOS and Submit to TestFlight	Build for iOS (Local on Runner)	2026-09-29T12:09:44.7849600Z [INSTALL_PODS] Installing hermes-engine (250829098.0.17)
Build iOS and Submit to TestFlight	Build for iOS (Local on Runner)	2026-09-29T12:09:47.0132000Z [INSTALL_PODS] Installing react-native-safe-area-context (5.7.0)
Build iOS and Submit to TestFlight	Build for iOS (Local on Runner)	2026-09-29T12:09:47.0325230Z [INSTALL_PODS] [Expo] Ensuring required slices in ExpoModulesJSI.xcframework
Build iOS and Submit to TestFlight	Build for iOS (Local on Runner)	2026-09-29T12:10:02.7103550Z [INSTALL_PODS] Generating Pods project
Build iOS and Submit to TestFlight	Build for iOS (Local on Runner)	2026-09-29T12:10:02.7105220Z [INSTALL_PODS] Setting USE_HERMES build settings
Build iOS and Submit to TestFlight	Build for iOS (Local on Runner)	2026-09-29T12:10:02.7106100Z [INSTALL_PODS] Setting REACT_NATIVE_PATH build settings
Build iOS and Submit to TestFlight	Build for iOS (Local on Runner)	2026-09-29T12:10:02.7107300Z [INSTALL_PODS] Setting SWIFT_ACTIVE_COMPILATION_CONDITIONS build settings
Build iOS and Submit to TestFlight	Build for iOS (Local on Runner)	2026-09-29T12:10:04.5040850Z [INSTALL_PODS] [Ccache]: Removing Ccache from CC, LD, CXX & LDPLUSPLUS build settings
Build iOS and Submit to TestFlight	Build for iOS (Local on Runner)	2026-09-29T12:10:04.5045740Z [INSTALL_PODS] Setting SWIFT_ENABLE_EXPLICIT_MODULES build settings
Build iOS and Submit to TestFlight	Build for iOS (Local on Runner)	2026-09-29T12:10:04.5046650Z [INSTALL_PODS] [ReactNativeCore] Processing VFS overlay file...
Build iOS and Submit to TestFlight	Build for iOS (Local on Runner)	2026-09-29T12:10:04.5048190Z [INSTALL_PODS] [ReactNativeCore]   Created VFS overlay at /private/var/folders/36/tjdph2t965j8snz9_vkdnw0r0000gn/T/eas-build-local-nodejs/c3e672bf-5ca3-419f-af5c-3fc6c951fd2e/build/ios/Pods/React-Core-prebuilt/React-VFS.yaml
Build iOS and Submit to TestFlight	Build for iOS (Local on Runner)	2026-09-29T12:10:04.5049720Z [INSTALL_PODS] [ReactNativeCore] VFS overlay setup complete
Build iOS and Submit to TestFlight	Build for iOS (Local on Runner)	2026-09-29T12:10:04.5050570Z [INSTALL_PODS] [ReactNativeCore] Configuring xcconfig for prebuilt React Native Core...
Build iOS and Submit to TestFlight	Build for iOS (Local on Runner)	2026-09-29T12:10:04.5051540Z [INSTALL_PODS] [ReactNativeCore] Prebuilt xcconfig configuration complete
Build iOS and Submit to TestFlight	Build for iOS (Local on Runner)	2026-09-29T12:10:04.5052890Z [INSTALL_PODS] [SPM] Cleaning old SPM dependencies from Pods project
Build iOS and Submit to TestFlight	Build for iOS (Local on Runner)	2026-09-29T12:10:04.5053900Z [INSTALL_PODS] [SPM] Adding SPM dependencies to Pods project
Build iOS and Submit to TestFlight	Build for iOS (Local on Runner)	2026-09-29T12:10:04.5055000Z [INSTALL_PODS] [Privacy Manifest Aggregation] No existing PrivacyInfo.xcprivacy file found, creating a new one.
Build iOS and Submit to TestFlight	Build for iOS (Local on Runner)	2026-09-29T12:10:04.5057080Z [INSTALL_PODS] [Privacy Manifest Aggregation] Reading .xcprivacy files to aggregate all used Required Reason APIs.
Build iOS and Submit to TestFlight	Build for iOS (Local on Runner)	2026-09-29T12:10:04.5057820Z [INSTALL_PODS] file_root: NGNflow
Build iOS and Submit to TestFlight	Build for iOS (Local on Runner)	2026-09-29T12:10:04.5059070Z [INSTALL_PODS] Setting CLANG_CXX_LANGUAGE_STANDARD to c++20 on /private/var/folders/36/tjdph2t965j8snz9_vkdnw0r0000gn/T/eas-build-local-nodejs/c3e672bf-5ca3-419f-af5c-3fc6c951fd2e/build/ios/NGNflow.xcodeproj
Build iOS and Submit to TestFlight	Build for iOS (Local on Runner)	2026-09-29T12:10:06.7865690Z [INSTALL_PODS] ==================== DEPRECATION NOTICE =====================
Build iOS and Submit to TestFlight	Build for iOS (Local on Runner)	2026-09-29T12:10:06.7866830Z [INSTALL_PODS] Calling `pod install` directly is deprecated in React Native
Build iOS and Submit to TestFlight	Build for iOS (Local on Runner)	2026-09-29T12:10:06.7867840Z [INSTALL_PODS] because we are moving away from Cocoapods toward alternative
Build iOS and Submit to TestFlight	Build for iOS (Local on Runner)	2026-09-29T12:10:06.7868630Z [INSTALL_PODS] solutions to build the project.
Build iOS and Submit to TestFlight	Build for iOS (Local on Runner)	2026-09-29T12:10:06.7869310Z [INSTALL_PODS] * If you are using Expo, please run:
Build iOS and Submit to TestFlight	Build for iOS (Local on Runner)	2026-09-29T12:10:06.7869920Z [INSTALL_PODS] `npx expo run:ios`
Build iOS and Submit to TestFlight	Build for iOS (Local on Runner)	2026-09-29T12:10:06.7870650Z [INSTALL_PODS] * If you are using the Community CLI, please run:
Build iOS and Submit to TestFlight	Build for iOS (Local on Runner)	2026-09-29T12:10:06.7871120Z [INSTALL_PODS] `yarn ios`
Build iOS and Submit to TestFlight	Build for iOS (Local on Runner)	2026-09-29T12:10:06.7871600Z [INSTALL_PODS] =============================================================
Build iOS and Submit to TestFlight	Build for iOS (Local on Runner)	2026-09-29T12:10:06.7872080Z [INSTALL_PODS] Pod install took 55 [s] to run
Build iOS and Submit to TestFlight	Build for iOS (Local on Runner)	2026-09-29T12:10:06.7876110Z [INSTALL_PODS] ✅ Fixed React-GeneratedCode path to absolute: /private/var/folders/36/tjdph2t965j8snz9_vkdnw0r0000gn/T/eas-build-local-nodejs/c3e672bf-5ca3-419f-af5c-3fc6c951fd2e/build/node_modules/react-native
Build iOS and Submit to TestFlight	Build for iOS (Local on Runner)	2026-09-29T12:10:06.7885450Z [INSTALL_PODS] Integrating client project
Build iOS and Submit to TestFlight	Build for iOS (Local on Runner)	2026-09-29T12:10:06.7886220Z [INSTALL_PODS] [!] Please close any current Xcode sessions and use `NGNflow.xcworkspace` for this project from now on.
Build iOS and Submit to TestFlight	Build for iOS (Local on Runner)	2026-09-29T12:10:07.0744210Z [INSTALL_PODS] [Expo] Installing the build script for target NGNflow
Build iOS and Submit to TestFlight	Build for iOS (Local on Runner)	2026-09-29T12:10:08.0857540Z [INSTALL_PODS] [!] React-Core-prebuilt has added 1 script phase. Please inspect before executing a build. See `https://guides.cocoapods.org/syntax/podspec.html#script_phases` for more information.
Build iOS and Submit to TestFlight	Build for iOS (Local on Runner)	2026-09-29T12:10:08.0859640Z [INSTALL_PODS] Pod installation complete! There are 99 dependencies from the Podfile and 98 total pods installed.
Build iOS and Submit to TestFlight	Build for iOS (Local on Runner)	2026-09-29T12:10:08.0926030Z [INSTALL_PODS] [!] ReactNativeDependencies has added 1 script phase. Please inspect before executing a build. See `https://guides.cocoapods.org/syntax/podspec.html#script_phases` for more information.
Build iOS and Submit to TestFlight	Build for iOS (Local on Runner)	2026-09-29T12:10:08.0929040Z [INSTALL_PODS] [Expo] Disabling SWIFT_EMIT_MODULE_INTERFACE for pod targets (prebuilt React compatibility)
Build iOS and Submit to TestFlight	Build for iOS (Local on Runner)	2026-09-29T12:10:08.1043790Z [INSTALL_PODS] [!] hermes-engine has added 1 script phase. Please inspect before executing a build. See `https://guides.cocoapods.org/syntax/podspec.html#script_phases` for more information.
Build iOS and Submit to TestFlight	Build for iOS (Local on Runner)	2026-09-29T12:10:08.1045380Z [INSTALL_PODS] [Expo] Raised resource bundle deployment targets to match their pods: RNCAsyncStorage-RNCAsyncStorage_resources, RNSVG-RNSVGFilters
Build iOS and Submit to TestFlight	Build for iOS (Local on Runner)	2026-09-29T12:10:08.1292620Z [CONFIGURE_XCODE_PROJECT] Configuring Xcode project
Build iOS and Submit to TestFlight	Build for iOS (Local on Runner)	2026-09-29T12:10:08.1395290Z [CONFIGURE_XCODE_PROJECT] Assigning provisioning profile '*[expo] com.olamicreas.ngnflow AppStore 2026-09-26T22:22:28.954Z' (Apple Team ID: 2R4679C9P5) to target 'NGNflow'
Build iOS and Submit to TestFlight	Build for iOS (Local on Runner)	2026-09-29T12:10:08.3196500Z [CONFIGURE_XCODE_PROJECT] Updating versions in /var/folders/36/tjdph2t965j8snz9_vkdnw0r0000gn/T/eas-build-local-nodejs/c3e672bf-5ca3-419f-af5c-3fc6c951fd2e/build/ios/NGNflow/Info.plist
Build iOS and Submit to TestFlight	Build for iOS (Local on Runner)	2026-09-29T12:10:10.0337690Z [EAGER_BUNDLE] Starting Metro Bundler
Build iOS and Submit to TestFlight	Build for iOS (Local on Runner)	2026-09-29T12:10:27.4499940Z [EAGER_BUNDLE] iOS Bundled 16827ms index.js (3081 modules)
Build iOS and Submit to TestFlight	Build for iOS (Local on Runner)	2026-09-29T12:10:27.4598570Z [EAGER_BUNDLE] Writing bundle output to: /var/folders/36/tjdph2t965j8snz9_vkdnw0r0000gn/T/gaf7b0mygxd/main.jsbundle
Build iOS and Submit to TestFlight	Build for iOS (Local on Runner)	2026-09-29T12:10:27.4756710Z [EAGER_BUNDLE] Copying 16 asset files
Build iOS and Submit to TestFlight	Build for iOS (Local on Runner)	2026-09-29T12:10:27.4932520Z [EAGER_BUNDLE] Done writing bundle output
Build iOS and Submit to TestFlight	Build for iOS (Local on Runner)	2026-09-29T12:10:27.6667560Z [RUN_FASTLANE] Creating Gymfile
Build iOS and Submit to TestFlight	Build for iOS (Local on Runner)	2026-09-29T12:10:27.6703770Z [RUN_FASTLANE] Gymfile created
Build iOS and Submit to TestFlight	Build for iOS (Local on Runner)	2026-09-29T12:10:29.8988830Z [RUN_FASTLANE] Successfully loaded '/private/var/folders/36/tjdph2t965j8snz9_vkdnw0r0000gn/T/eas-build-local-nodejs/c3e672bf-5ca3-419f-af5c-3fc6c951fd2e/build/ios/Gymfile' 📄
Build iOS and Submit to TestFlight	Build for iOS (Local on Runner)	2026-09-29T12:10:29.8990030Z [RUN_FASTLANE] 
Build iOS and Submit to TestFlight	Build for iOS (Local on Runner)	2026-09-29T12:10:29.9109270Z [RUN_FASTLANE] +---------------------------------------------------------------------------------------------------------------------------------------------------------------------+
Build iOS and Submit to TestFlight	Build for iOS (Local on Runner)	2026-09-29T12:10:29.9123620Z [RUN_FASTLANE] |                                                                  Detected Values from './Gymfile'                                                                   |
Build iOS and Submit to TestFlight	Build for iOS (Local on Runner)	2026-09-29T12:10:29.9125120Z [RUN_FASTLANE] +-----------------------+---------------------------------------------------------------------------------------------------------------------------------------------+
Build iOS and Submit to TestFlight	Build for iOS (Local on Runner)	2026-09-29T12:10:29.9126590Z [RUN_FASTLANE] | suppress_xcode_output | true                                                                                                                                        |
Build iOS and Submit to TestFlight	Build for iOS (Local on Runner)	2026-09-29T12:10:29.9127990Z [RUN_FASTLANE] | clean                 | false                                                                                                                                       |
Build iOS and Submit to TestFlight	Build for iOS (Local on Runner)	2026-09-29T12:10:29.9129130Z [RUN_FASTLANE] | scheme                | NGNflow                                                                                                                                     |
Build iOS and Submit to TestFlight	Build for iOS (Local on Runner)	2026-09-29T12:10:29.9137800Z [RUN_FASTLANE] | configuration         | Release                                                                                                                                     |
Build iOS and Submit to TestFlight	Build for iOS (Local on Runner)	2026-09-29T12:10:29.9138860Z [RUN_FASTLANE] | export_options        |                                                                                                                                             |
Build iOS and Submit to TestFlight	Build for iOS (Local on Runner)	2026-09-29T12:10:29.9140150Z [RUN_FASTLANE] | export_xcargs         | OTHER_CODE_SIGN_FLAGS="--keychain /var/folders/36/tjdph2t965j8snz9_vkdnw0r0000gn/T/eas-build-0ca719cf-2daf-4d08-9c89-3ce83044c84a.keychain" |
Build iOS and Submit to TestFlight	Build for iOS (Local on Runner)	2026-09-29T12:10:29.9141550Z [RUN_FASTLANE] | disable_xcpretty      | true                                                                                                                                        |
Build iOS and Submit to TestFlight	Build for iOS (Local on Runner)	2026-09-29T12:10:29.9144390Z [RUN_FASTLANE] | buildlog_path         | /var/folders/36/tjdph2t965j8snz9_vkdnw0r0000gn/T/eas-build-local-nodejs/c3e672bf-5ca3-419f-af5c-3fc6c951fd2e/logs                           |
Build iOS and Submit to TestFlight	Build for iOS (Local on Runner)	2026-09-29T12:10:29.9145790Z [RUN_FASTLANE] | derived_data_path     | ./build                                                                                                                                     |
Build iOS and Submit to TestFlight	Build for iOS (Local on Runner)	2026-09-29T12:10:29.9146890Z [RUN_FASTLANE] | result_bundle         | true                                                                                                                                        |
Build iOS and Submit to TestFlight	Build for iOS (Local on Runner)	2026-09-29T12:10:29.9148280Z [RUN_FASTLANE] | result_bundle_path    | /var/folders/36/tjdph2t965j8snz9_vkdnw0r0000gn/T/result-bundle-1790683827666.xcresult                                                       |
Build iOS and Submit to TestFlight	Build for iOS (Local on Runner)	2026-09-29T12:10:29.9149660Z [RUN_FASTLANE] | output_directory      | ./build                                                                                                                                     |
Build iOS and Submit to TestFlight	Build for iOS (Local on Runner)	2026-09-29T12:10:29.9150880Z [RUN_FASTLANE] +-----------------------+---------------------------------------------------------------------------------------------------------------------------------------------+
Build iOS and Submit to TestFlight	Build for iOS (Local on Runner)	2026-09-29T12:10:29.9433620Z [RUN_FASTLANE] Resolving Swift Package Manager dependencies...
Build iOS and Submit to TestFlight	Build for iOS (Local on Runner)	2026-09-29T12:10:29.9438420Z [RUN_FASTLANE] $ xcodebuild -resolvePackageDependencies -workspace ./NGNflow.xcworkspace -scheme NGNflow -configuration Release -derivedDataPath ./build
Build iOS and Submit to TestFlight	Build for iOS (Local on Runner)	2026-09-29T12:10:33.2043650Z [RUN_FASTLANE] ▸ Command line invocation:
Build iOS and Submit to TestFlight	Build for iOS (Local on Runner)	2026-09-29T12:10:33.2047240Z [RUN_FASTLANE] ▸     /Applications/Xcode_26.6.app/Contents/Developer/usr/bin/xcodebuild -resolvePackageDependencies -workspace ./NGNflow.xcworkspace -scheme NGNflow -configuration Release -derivedDataPath ./build
Build iOS and Submit to TestFlight	Build for iOS (Local on Runner)	2026-09-29T12:10:46.1674160Z [RUN_FASTLANE] ▸ resolved source packages:
Build iOS and Submit to TestFlight	Build for iOS (Local on Runner)	2026-09-29T12:10:46.1724380Z [RUN_FASTLANE] $ xcodebuild -showBuildSettings -workspace ./NGNflow.xcworkspace -scheme NGNflow -configuration Release -derivedDataPath ./build 2>&1
Build iOS and Submit to TestFlight	Build for iOS (Local on Runner)	2026-09-29T12:10:49.2328320Z [RUN_FASTLANE] Command timed out after 3 seconds on try 1 of 4, trying again with a 6 second timeout...
Build iOS and Submit to TestFlight	Build for iOS (Local on Runner)	2026-09-29T12:10:55.3655500Z [RUN_FASTLANE] Command timed out after 6 seconds on try 2 of 4, trying again with a 12 second timeout...
Build iOS and Submit to TestFlight	Build for iOS (Local on Runner)	2026-09-29T12:11:01.6430860Z [RUN_FASTLANE] Detected provisioning profile mapping: {"com.olamicreas.ngnflow": "58d9281e-4bc0-4d8c-b03a-424f1e87b755"}
Build iOS and Submit to TestFlight	Build for iOS (Local on Runner)	2026-09-29T12:11:01.6810340Z [RUN_FASTLANE] 
Build iOS and Submit to TestFlight	Build for iOS (Local on Runner)	2026-09-29T12:11:01.6834590Z [RUN_FASTLANE] +----------------------------------------------------------------------------------------------------------------------------------------------------------------------------------------------------------+
Build iOS and Submit to TestFlight	Build for iOS (Local on Runner)	2026-09-29T12:11:01.7190150Z [RUN_FASTLANE] |                                                                                         Summary for gym 2.239.0                                                                                          |
Build iOS and Submit to TestFlight	Build for iOS (Local on Runner)	2026-09-29T12:11:01.7191690Z [RUN_FASTLANE] +------------------------------------------------------------+---------------------------------------------------------------------------------------------------------------------------------------------+
Build iOS and Submit to TestFlight	Build for iOS (Local on Runner)	2026-09-29T12:11:01.7292430Z [RUN_FASTLANE] | workspace                                                  | ./NGNflow.xcworkspace                                                                                                                       |
Build iOS and Submit to TestFlight	Build for iOS (Local on Runner)	2026-09-29T12:11:01.7396720Z [RUN_FASTLANE] | scheme                                                     | NGNflow                                                                                                                                     |
Build iOS and Submit to TestFlight	Build for iOS (Local on Runner)	2026-09-29T12:11:01.7508030Z [RUN_FASTLANE] | clean                                                      | false                                                                                                                                       |
Build iOS and Submit to TestFlight	Build for iOS (Local on Runner)	2026-09-29T12:11:01.7612160Z [RUN_FASTLANE] | output_directory                                           | ./build                                                                                                                                     |
Build iOS and Submit to TestFlight	Build for iOS (Local on Runner)	2026-09-29T12:11:01.7716930Z [RUN_FASTLANE] | output_name                                                | NGNflow                                                                                                                                     |
Build iOS and Submit to TestFlight	Build for iOS (Local on Runner)	2026-09-29T12:11:01.7845180Z [RUN_FASTLANE] | configuration                                              | Release                                                                                                                                     |
Build iOS and Submit to TestFlight	Build for iOS (Local on Runner)	2026-09-29T12:11:01.7967510Z [RUN_FASTLANE] | silent                                                     | false                                                                                                                                       |
Build iOS and Submit to TestFlight	Build for iOS (Local on Runner)	2026-09-29T12:11:01.8101270Z [RUN_FASTLANE] | skip_package_ipa                                           | false                                                                                                                                       |
Build iOS and Submit to TestFlight	Build for iOS (Local on Runner)	2026-09-29T12:11:01.8217230Z [RUN_FASTLANE] | skip_package_pkg                                           | false                                                                                                                                       |
Build iOS and Submit to TestFlight	Build for iOS (Local on Runner)	2026-09-29T12:11:01.8319510Z [RUN_FASTLANE] | export_options.method                                      | app-store                                                                                                                                   |
Build iOS and Submit to TestFlight	Build for iOS (Local on Runner)	2026-09-29T12:11:01.8424020Z [RUN_FASTLANE] | export_options.provisioningProfiles.com.olamicreas.ngnflow | 58d9281e-4bc0-4d8c-b03a-424f1e87b755                                                                                                        |
Build iOS and Submit to TestFlight	Build for iOS (Local on Runner)	2026-09-29T12:11:01.8528930Z [RUN_FASTLANE] | export_xcargs                                              | OTHER_CODE_SIGN_FLAGS="--keychain /var/folders/36/tjdph2t965j8snz9_vkdnw0r0000gn/T/eas-build-0ca719cf-2daf-4d08-9c89-3ce83044c84a.keychain" |
Build iOS and Submit to TestFlight	Build for iOS (Local on Runner)	2026-09-29T12:11:01.8636180Z [RUN_FASTLANE] | build_path                                                 | /Users/runner/Library/Developer/Xcode/Archives/2026-09-29                                                                                   |
Build iOS and Submit to TestFlight	Build for iOS (Local on Runner)	2026-09-29T12:11:01.8741600Z [RUN_FASTLANE] | derived_data_path                                          | ./build                                                                                                                                     |
Build iOS and Submit to TestFlight	Build for iOS (Local on Runner)	2026-09-29T12:11:01.8844760Z [RUN_FASTLANE] | result_bundle                                              | true                                                                                                                                        |
Build iOS and Submit to TestFlight	Build for iOS (Local on Runner)	2026-09-29T12:11:01.8947420Z [RUN_FASTLANE] | result_bundle_path                                         | /var/folders/36/tjdph2t965j8snz9_vkdnw0r0000gn/T/result-bundle-1790683827666.xcresult                                                       |
Build iOS and Submit to TestFlight	Build for iOS (Local on Runner)	2026-09-29T12:11:01.8949640Z [RUN_FASTLANE] | buildlog_path                                              | /var/folders/36/tjdph2t965j8snz9_vkdnw0r0000gn/T/eas-build-local-nodejs/c3e672bf-5ca3-419f-af5c-3fc6c951fd2e/logs                           |
Build iOS and Submit to TestFlight	Build for iOS (Local on Runner)	2026-09-29T12:11:01.9091660Z [RUN_FASTLANE] | destination                                                | generic/platform=iOS                                                                                                                        |
Build iOS and Submit to TestFlight	Build for iOS (Local on Runner)	2026-09-29T12:11:01.9231970Z [RUN_FASTLANE] | suppress_xcode_output                                      | true                                                                                                                                        |
Build iOS and Submit to TestFlight	Build for iOS (Local on Runner)	2026-09-29T12:11:01.9376720Z [RUN_FASTLANE] | xcodebuild_formatter                                       | xcbeautify                                                                                                                                  |
Build iOS and Submit to TestFlight	Build for iOS (Local on Runner)	2026-09-29T12:11:01.9489240Z [RUN_FASTLANE] | build_timing_summary                                       | false                                                                                                                                       |
Build iOS and Submit to TestFlight	Build for iOS (Local on Runner)	2026-09-29T12:11:01.9614950Z [RUN_FASTLANE] | disable_xcpretty                                           | true                                                                                                                                        |
Build iOS and Submit to TestFlight	Build for iOS (Local on Runner)	2026-09-29T12:11:01.9719520Z [RUN_FASTLANE] | skip_profile_detection                                     | false                                                                                                                                       |
Build iOS and Submit to TestFlight	Build for iOS (Local on Runner)	2026-09-29T12:11:01.9822310Z [RUN_FASTLANE] | xcodebuild_command                                         | xcodebuild                                                                                                                                  |
Build iOS and Submit to TestFlight	Build for iOS (Local on Runner)	2026-09-29T12:11:01.9968610Z [RUN_FASTLANE] | skip_package_dependencies_resolution                       | false                                                                                                                                       |
Build iOS and Submit to TestFlight	Build for iOS (Local on Runner)	2026-09-29T12:11:02.0082820Z [RUN_FASTLANE] | disable_package_automatic_updates                          | false                                                                                                                                       |
Build iOS and Submit to TestFlight	Build for iOS (Local on Runner)	2026-09-29T12:11:02.0197100Z [RUN_FASTLANE] | skip_package_repository_fetches                            | false                                                                                                                                       |
Build iOS and Submit to TestFlight	Build for iOS (Local on Runner)	2026-09-29T12:11:02.0300700Z [RUN_FASTLANE] | use_system_scm                                             | false                                                                                                                                       |
Build iOS and Submit to TestFlight	Build for iOS (Local on Runner)	2026-09-29T12:11:02.0403230Z [RUN_FASTLANE] | generate_appstore_info                                     | false                                                                                                                                       |
Build iOS and Submit to TestFlight	Build for iOS (Local on Runner)	2026-09-29T12:11:02.0505430Z [RUN_FASTLANE] | xcode_path                                                 | /Applications/Xcode_26.6.app                                                                                                                |
Build iOS and Submit to TestFlight	Build for iOS (Local on Runner)	2026-09-29T12:11:02.0607640Z [RUN_FASTLANE] +------------------------------------------------------------+---------------------------------------------------------------------------------------------------------------------------------------------+
Build iOS and Submit to TestFlight	Build for iOS (Local on Runner)	2026-09-29T12:11:02.0712490Z [RUN_FASTLANE] $ set -o pipefail && xcodebuild -workspace ./NGNflow.xcworkspace -scheme NGNflow -configuration Release -derivedDataPath ./build -destination 'generic/platform=iOS' -archivePath /Users/runner/Library/Developer/Xcode/Archives/2026-09-29/NGNflow\ 2026-09-29\ 12.11.01.xcarchive -resultBundlePath '/var/folders/36/tjdph2t965j8snz9_vkdnw0r0000gn/T/result-bundle-1790683827666.xcresult' archive | tee /var/folders/36/tjdph2t965j8snz9_vkdnw0r0000gn/T/eas-build-local-nodejs/c3e672bf-5ca3-419f-af5c-3fc6c951fd2e/logs/NGNflow-NGNflow.log > /dev/null
Build iOS and Submit to TestFlight	Build for iOS (Local on Runner)	2026-09-29T12:11:20.8093020Z [RUN_FASTLANE] › Executing react-native Pods/hermes-engine » [CP-User] [Hermes] Replace Hermes for the right configuration, if needed
Build iOS and Submit to TestFlight	Build for iOS (Local on Runner)	2026-09-29T12:11:20.8289240Z [RUN_FASTLANE] › Executing react-native Pods/ReactNativeDependencies » [CP-User] [RNDeps] Replace React Native Dependencies for the right configuration, if needed
Build iOS and Submit to TestFlight	Build for iOS (Local on Runner)	2026-09-29T12:11:20.8514720Z [RUN_FASTLANE] › Executing react-native Pods/hermes-engine » [CP] Copy XCFrameworks
Build iOS and Submit to TestFlight	Build for iOS (Local on Runner)	2026-09-29T12:11:21.1438560Z [RUN_FASTLANE] › Preparing Pods/React-timing-React-timing_privacy » ResourceBundle-React-timing_privacy-React-timing-Info.plist
Build iOS and Submit to TestFlight	Build for iOS (Local on Runner)	2026-09-29T12:11:21.1549490Z [RUN_FASTLANE] › Copying   ios/build/Build/Intermediates.noindex/ArchiveIntermediates/NGNflow/IntermediateBuildFilesPath/UninstalledProducts/iphoneos/React-timing_privacy.bundle/PrivacyInfo.xcprivacy ➜ ../../../../../var/folders/36/tjdph2t965j8snz9_vkdnw0r0000gn/T/eas-build-local-nodejs/c3e672bf-5ca3-419f-af5c-3fc6c951fd2e/build/node_modules/react-native/ReactCommon/react/timing/PrivacyInfo.xcprivacy
Build iOS and Submit to TestFlight	Build for iOS (Local on Runner)	2026-09-29T12:11:21.1666640Z [RUN_FASTLANE] › Preparing Pods/React-cxxreact-React-cxxreact_privacy » ResourceBundle-React-cxxreact_privacy-React-cxxreact-Info.plist
Build iOS and Submit to TestFlight	Build for iOS (Local on Runner)	2026-09-29T12:11:21.1773860Z [RUN_FASTLANE] › Copying   ios/build/Build/Intermediates.noindex/ArchiveIntermediates/NGNflow/IntermediateBuildFilesPath/UninstalledProducts/iphoneos/React-cxxreact_privacy.bundle/PrivacyInfo.xcprivacy ➜ ../../../../../var/folders/36/tjdph2t965j8snz9_vkdnw0r0000gn/T/eas-build-local-nodejs/c3e672bf-5ca3-419f-af5c-3fc6c951fd2e/build/node_modules/react-native/ReactCommon/cxxreact/PrivacyInfo.xcprivacy
Build iOS and Submit to TestFlight	Build for iOS (Local on Runner)	2026-09-29T12:11:21.1919140Z [RUN_FASTLANE] › Preparing Pods/React-Core-React-Core_privacy » ResourceBundle-React-Core_privacy-React-Core-Info.plist
Build iOS and Submit to TestFlight	Build for iOS (Local on Runner)	2026-09-29T12:11:21.2099710Z [RUN_FASTLANE] › Copying   ios/build/Build/Intermediates.noindex/ArchiveIntermediates/NGNflow/IntermediateBuildFilesPath/UninstalledProducts/iphoneos/React-Core_privacy.bundle/PrivacyInfo.xcprivacy ➜ ../../../../../var/folders/36/tjdph2t965j8snz9_vkdnw0r0000gn/T/eas-build-local-nodejs/c3e672bf-5ca3-419f-af5c-3fc6c951fd2e/build/node_modules/react-native/React/Resources/PrivacyInfo.xcprivacy
Build iOS and Submit to TestFlight	Build for iOS (Local on Runner)	2026-09-29T12:11:21.2210410Z [RUN_FASTLANE] › Creating  Pods/React-timing-React-timing_privacy » React-timing_privacy.bundle
Build iOS and Submit to TestFlight	Build for iOS (Local on Runner)	2026-09-29T12:11:21.2389290Z [RUN_FASTLANE] › Creating  Pods/React-cxxreact-React-cxxreact_privacy » React-cxxreact_privacy.bundle
Build iOS and Submit to TestFlight	Build for iOS (Local on Runner)	2026-09-29T12:11:21.2390380Z [RUN_FASTLANE] › Preparing Pods/RNSVG-RNSVGFilters » ResourceBundle-RNSVGFilters-RNSVG-Info.plist
Build iOS and Submit to TestFlight	Build for iOS (Local on Runner)	2026-09-29T12:11:21.2393160Z [RUN_FASTLANE] › Copying   ios/build/Build/Intermediates.noindex/ArchiveIntermediates/NGNflow/IntermediateBuildFilesPath/UninstalledProducts/iphoneos/RNSVGFilters.bundle/RNSVGCompositeXor.iphoneos.metallib ➜ ../../../../../var/folders/36/tjdph2t965j8snz9_vkdnw0r0000gn/T/eas-build-local-nodejs/c3e672bf-5ca3-419f-af5c-3fc6c951fd2e/build/node_modules/react-native-svg/apple/Filters/MetalCI/RNSVGCompositeXor.iphoneos.metallib
Build iOS and Submit to TestFlight	Build for iOS (Local on Runner)	2026-09-29T12:11:21.2509390Z [RUN_FASTLANE] › Copying   ios/build/Build/Intermediates.noindex/ArchiveIntermediates/NGNflow/IntermediateBuildFilesPath/UninstalledProducts/iphoneos/RNSVGFilters.bundle/RNSVGArithmeticFilter.iphoneos.metallib ➜ ../../../../../var/folders/36/tjdph2t965j8snz9_vkdnw0r0000gn/T/eas-build-local-nodejs/c3e672bf-5ca3-419f-af5c-3fc6c951fd2e/build/node_modules/react-native-svg/apple/Filters/MetalCI/RNSVGArithmeticFilter.iphoneos.metallib
Build iOS and Submit to TestFlight	Build for iOS (Local on Runner)	2026-09-29T12:11:21.2620650Z [RUN_FASTLANE] › Creating  Pods/React-Core-React-Core_privacy » React-Core_privacy.bundle
Build iOS and Submit to TestFlight	Build for iOS (Local on Runner)	2026-09-29T12:11:21.2724650Z [RUN_FASTLANE] › Preparing Pods/RNCAsyncStorage-RNCAsyncStorage_resources » ResourceBundle-RNCAsyncStorage_resources-RNCAsyncStorage-Info.plist
Build iOS and Submit to TestFlight	Build for iOS (Local on Runner)	2026-09-29T12:11:21.2865140Z [RUN_FASTLANE] › Copying   ios/build/Build/Intermediates.noindex/ArchiveIntermediates/NGNflow/IntermediateBuildFilesPath/UninstalledProducts/iphoneos/RNCAsyncStorage_resources.bundle/PrivacyInfo.xcprivacy ➜ ../../../../../var/folders/36/tjdph2t965j8snz9_vkdnw0r0000gn/T/eas-build-local-nodejs/c3e672bf-5ca3-419f-af5c-3fc6c951fd2e/build/node_modules/@react-native-async-storage/async-storage/ios/PrivacyInfo.xcprivacy
Build iOS and Submit to TestFlight	Build for iOS (Local on Runner)	2026-09-29T12:11:21.3024990Z [RUN_FASTLANE] › Creating  Pods/RNSVG-RNSVGFilters » RNSVGFilters.bundle
Build iOS and Submit to TestFlight	Build for iOS (Local on Runner)	2026-09-29T12:11:21.3050990Z [RUN_FASTLANE] › Preparing Pods/ExpoNotifications-ExpoNotifications_privacy » ResourceBundle-ExpoNotifications_privacy-ExpoNotifications-Info.plist
Build iOS and Submit to TestFlight	Build for iOS (Local on Runner)	2026-09-29T12:11:21.3165570Z [RUN_FASTLANE] › Copying   ios/build/Build/Intermediates.noindex/ArchiveIntermediates/NGNflow/IntermediateBuildFilesPath/UninstalledProducts/iphoneos/ExpoNotifications_privacy.bundle/PrivacyInfo.xcprivacy ➜ ../../../../../var/folders/36/tjdph2t965j8snz9_vkdnw0r0000gn/T/eas-build-local-nodejs/c3e672bf-5ca3-419f-af5c-3fc6c951fd2e/build/node_modules/expo-notifications/ios/PrivacyInfo.xcprivacy
Build iOS and Submit to TestFlight	Build for iOS (Local on Runner)	2026-09-29T12:11:21.3291020Z [RUN_FASTLANE] › Creating  Pods/RNCAsyncStorage-RNCAsyncStorage_resources » RNCAsyncStorage_resources.bundle
Build iOS and Submit to TestFlight	Build for iOS (Local on Runner)	2026-09-29T12:11:21.3396180Z [RUN_FASTLANE] › Preparing Pods/ExpoFileSystem-ExpoFileSystem_privacy » ResourceBundle-ExpoFileSystem_privacy-ExpoFileSystem-Info.plist
Build iOS and Submit to TestFlight	Build for iOS (Local on Runner)	2026-09-29T12:11:21.3501370Z [RUN_FASTLANE] › Copying   ios/build/Build/Intermediates.noindex/ArchiveIntermediates/NGNflow/IntermediateBuildFilesPath/UninstalledProducts/iphoneos/ExpoFileSystem_privacy.bundle/PrivacyInfo.xcprivacy ➜ ../../../../../var/folders/36/tjdph2t965j8snz9_vkdnw0r0000gn/T/eas-build-local-nodejs/c3e672bf-5ca3-419f-af5c-3fc6c951fd2e/build/node_modules/expo/node_modules/expo-file-system/ios/PrivacyInfo.xcprivacy
Build iOS and Submit to TestFlight	Build for iOS (Local on Runner)	2026-09-29T12:11:21.3608250Z [RUN_FASTLANE] › Executing react-native Pods/ReactNativeDependencies » [CP] Copy XCFrameworks
Build iOS and Submit to TestFlight	Build for iOS (Local on Runner)	2026-09-29T12:11:21.3716040Z [RUN_FASTLANE] › Creating  Pods/ExpoNotifications-ExpoNotifications_privacy » ExpoNotifications_privacy.bundle
Build iOS and Submit to TestFlight	Build for iOS (Local on Runner)	2026-09-29T12:11:21.3850790Z [RUN_FASTLANE] › Preparing Pods/ExpoDevice-ExpoDevice_privacy » ResourceBundle-ExpoDevice_privacy-ExpoDevice-Info.plist
Build iOS and Submit to TestFlight	Build for iOS (Local on Runner)	2026-09-29T12:11:21.4005900Z [RUN_FASTLANE] › Copying   ios/build/Build/Intermediates.noindex/ArchiveIntermediates/NGNflow/IntermediateBuildFilesPath/UninstalledProducts/iphoneos/ExpoDevice_privacy.bundle/PrivacyInfo.xcprivacy ➜ ../../../../../var/folders/36/tjdph2t965j8snz9_vkdnw0r0000gn/T/eas-build-local-nodejs/c3e672bf-5ca3-419f-af5c-3fc6c951fd2e/build/node_modules/expo-device/ios/PrivacyInfo.xcprivacy
Build iOS and Submit to TestFlight	Build for iOS (Local on Runner)	2026-09-29T12:11:21.4007860Z [RUN_FASTLANE] › Creating  Pods/ExpoFileSystem-ExpoFileSystem_privacy » ExpoFileSystem_privacy.bundle
Build iOS and Submit to TestFlight	Build for iOS (Local on Runner)	2026-09-29T12:11:21.4008810Z [RUN_FASTLANE] › Preparing Pods/EXConstants-ExpoConstants_privacy » ResourceBundle-ExpoConstants_privacy-EXConstants-Info.plist
Build iOS and Submit to TestFlight	Build for iOS (Local on Runner)	2026-09-29T12:11:21.4011140Z [RUN_FASTLANE] › Copying   ios/build/Build/Intermediates.noindex/ArchiveIntermediates/NGNflow/IntermediateBuildFilesPath/UninstalledProducts/iphoneos/ExpoConstants_privacy.bundle/PrivacyInfo.xcprivacy ➜ ../../../../../var/folders/36/tjdph2t965j8snz9_vkdnw0r0000gn/T/eas-build-local-nodejs/c3e672bf-5ca3-419f-af5c-3fc6c951fd2e/build/node_modules/expo-constants/ios/PrivacyInfo.xcprivacy
Build iOS and Submit to TestFlight	Build for iOS (Local on Runner)	2026-09-29T12:11:21.4122390Z [RUN_FASTLANE] › Creating  Pods/ExpoDevice-ExpoDevice_privacy » ExpoDevice_privacy.bundle
Build iOS and Submit to TestFlight	Build for iOS (Local on Runner)	2026-09-29T12:11:21.4234420Z [RUN_FASTLANE] › Preparing expo-constants Pods/EXConstants-EXConstants » ResourceBundle-EXConstants-EXConstants-Info.plist
Build iOS and Submit to TestFlight	Build for iOS (Local on Runner)	2026-09-29T12:11:21.4354200Z [RUN_FASTLANE] › Creating  Pods/EXConstants-ExpoConstants_privacy » ExpoConstants_privacy.bundle
Build iOS and Submit to TestFlight	Build for iOS (Local on Runner)	2026-09-29T12:11:21.4486960Z [RUN_FASTLANE] › Preparing Pods/EXApplication-ExpoApplication_privacy » ResourceBundle-ExpoApplication_privacy-EXApplication-Info.plist
Build iOS and Submit to TestFlight	Build for iOS (Local on Runner)	2026-09-29T12:11:21.4607540Z [RUN_FASTLANE] › Copying   ios/build/Build/Intermediates.noindex/ArchiveIntermediates/NGNflow/IntermediateBuildFilesPath/UninstalledProducts/iphoneos/ExpoApplication_privacy.bundle/PrivacyInfo.xcprivacy ➜ ../../../../../var/folders/36/tjdph2t965j8snz9_vkdnw0r0000gn/T/eas-build-local-nodejs/c3e672bf-5ca3-419f-af5c-3fc6c951fd2e/build/node_modules/expo-application/ios/PrivacyInfo.xcprivacy
Build iOS and Submit to TestFlight	Build for iOS (Local on Runner)	2026-09-29T12:11:21.4791790Z [RUN_FASTLANE] › Executing react-native Pods/React-Core-prebuilt » [CP-User] [RNCore] Replace React Native Core for the right configuration, if needed
Build iOS and Submit to TestFlight	Build for iOS (Local on Runner)	2026-09-29T12:11:24.3011350Z [RUN_FASTLANE] › Creating  Pods/EXApplication-ExpoApplication_privacy » ExpoApplication_privacy.bundle
Build iOS and Submit to TestFlight	Build for iOS (Local on Runner)	2026-09-29T12:11:24.3113870Z [RUN_FASTLANE] › Creating  expo-constants Pods/EXConstants-EXConstants » EXConstants.bundle
Build iOS and Submit to TestFlight	Build for iOS (Local on Runner)	2026-09-29T12:11:24.3221040Z [RUN_FASTLANE] › Executing react-native Pods/React-Core-prebuilt » [CP] Copy XCFrameworks
Build iOS and Submit to TestFlight	Build for iOS (Local on Runner)	2026-09-29T12:11:25.4074990Z [RUN_FASTLANE] › Executing expo-modules-jsi Pods/ExpoModulesJSI » [CP-User] Build ExpoModulesJSI xcframework
Build iOS and Submit to TestFlight	Build for iOS (Local on Runner)	2026-09-29T12:12:16.1299860Z [RUN_FASTLANE] › Executing react-native Pods/React-RCTFBReactNativeSpec » [CP-User] [RN]Check FBReactNativeSpec
Build iOS and Submit to TestFlight	Build for iOS (Local on Runner)	2026-09-29T12:12:16.1556670Z [RUN_FASTLANE] › Executing NGNflow Pods/ReactCodegen » [CP-User] Generate Specs
Build iOS and Submit to TestFlight	Build for iOS (Local on Runner)	2026-09-29T12:12:16.1859800Z [RUN_FASTLANE] › Compiling NGNflow Pods/ReactCodegen » safeareacontext-generated.mm
Build iOS and Submit to TestFlight	Build for iOS (Local on Runner)	2026-09-29T12:12:16.1961610Z [RUN_FASTLANE] › Compiling NGNflow Pods/ReactCodegen » rnworklets-generated.mm
Build iOS and Submit to TestFlight	Build for iOS (Local on Runner)	2026-09-29T12:12:16.2063710Z [RUN_FASTLANE] › Compiling NGNflow Pods/ReactCodegen » rnsvg-generated.mm
Build iOS and Submit to TestFlight	Build for iOS (Local on Runner)	2026-09-29T12:12:16.2167150Z [RUN_FASTLANE] › Compiling NGNflow Pods/ReactCodegen » rnscreens-generated.mm
Build iOS and Submit to TestFlight	Build for iOS (Local on Runner)	2026-09-29T12:12:16.2671700Z [RUN_FASTLANE] › Compiling NGNflow Pods/ReactCodegen » rnreanimated-generated.mm
Build iOS and Submit to TestFlight	Build for iOS (Local on Runner)	2026-09-29T12:12:16.2773680Z [RUN_FASTLANE] › Compiling NGNflow Pods/ReactCodegen » rnasyncstorage-generated.mm
Build iOS and Submit to TestFlight	Build for iOS (Local on Runner)	2026-09-29T12:12:16.2878770Z [RUN_FASTLANE] › Compiling NGNflow Pods/ReactCodegen » States.cpp
Build iOS and Submit to TestFlight	Build for iOS (Local on Runner)	2026-09-29T12:12:16.2981760Z [RUN_FASTLANE] › Compiling NGNflow Pods/ReactCodegen » States.cpp
Build iOS and Submit to TestFlight	Build for iOS (Local on Runner)	2026-09-29T12:12:16.3085110Z [RUN_FASTLANE] › Compiling NGNflow Pods/ReactCodegen » States.cpp
Build iOS and Submit to TestFlight	Build for iOS (Local on Runner)	2026-09-29T12:12:16.3188080Z [RUN_FASTLANE] › Compiling NGNflow Pods/ReactCodegen » States.cpp
Build iOS and Submit to TestFlight	Build for iOS (Local on Runner)	2026-09-29T12:12:16.3290950Z [RUN_FASTLANE] › Compiling NGNflow Pods/ReactCodegen » ShadowNodes.cpp
Build iOS and Submit to TestFlight	Build for iOS (Local on Runner)	2026-09-29T12:12:16.3394960Z [RUN_FASTLANE] › Compiling NGNflow Pods/ReactCodegen » ShadowNodes.cpp
Build iOS and Submit to TestFlight	Build for iOS (Local on Runner)	2026-09-29T12:12:16.3497320Z [RUN_FASTLANE] › Compiling NGNflow Pods/ReactCodegen » ShadowNodes.cpp
Build iOS and Submit to TestFlight	Build for iOS (Local on Runner)	2026-09-29T12:12:16.3624790Z [RUN_FASTLANE] › Compiling NGNflow Pods/ReactCodegen » ShadowNodes.cpp
Build iOS and Submit to TestFlight	Build for iOS (Local on Runner)	2026-09-29T12:12:16.3746800Z [RUN_FASTLANE] › Compiling NGNflow Pods/ReactCodegen » RCTUnstableModulesRequiringMainQueueSetupProvider.mm
Build iOS and Submit to TestFlight	Build for iOS (Local on Runner)	2026-09-29T12:12:16.3863700Z [RUN_FASTLANE] › Compiling NGNflow Pods/ReactCodegen » RCTThirdPartyComponentsProvider.mm
Build iOS and Submit to TestFlight	Build for iOS (Local on Runner)	2026-09-29T12:12:16.3973030Z [RUN_FASTLANE] › Compiling NGNflow Pods/ReactCodegen » RCTModulesConformingToProtocolsProvider.mm
Build iOS and Submit to TestFlight	Build for iOS (Local on Runner)	2026-09-29T12:12:16.4088730Z [RUN_FASTLANE] › Compiling NGNflow Pods/ReactCodegen » RCTModuleProviders.mm
Build iOS and Submit to TestFlight	Build for iOS (Local on Runner)	2026-09-29T12:12:16.4213680Z [RUN_FASTLANE] › Compiling NGNflow Pods/ReactCodegen » Props.cpp
Build iOS and Submit to TestFlight	Build for iOS (Local on Runner)	2026-09-29T12:12:16.4336150Z [RUN_FASTLANE] › Compiling NGNflow Pods/ReactCodegen » Props.cpp
Build iOS and Submit to TestFlight	Build for iOS (Local on Runner)	2026-09-29T12:12:16.4438920Z [RUN_FASTLANE] › Compiling NGNflow Pods/ReactCodegen » Props.cpp
Build iOS and Submit to TestFlight	Build for iOS (Local on Runner)	2026-09-29T12:12:16.4547890Z [RUN_FASTLANE] › Compiling NGNflow Pods/ReactCodegen » Props.cpp
Build iOS and Submit to TestFlight	Build for iOS (Local on Runner)	2026-09-29T12:12:20.0356110Z [RUN_FASTLANE] › Compiling NGNflow Pods/ReactCodegen » EventEmitters.cpp
Build iOS and Submit to TestFlight	Build for iOS (Local on Runner)	2026-09-29T12:12:20.0454110Z [RUN_FASTLANE] › Compiling NGNflow Pods/ReactCodegen » EventEmitters.cpp
Build iOS and Submit to TestFlight	Build for iOS (Local on Runner)	2026-09-29T12:12:20.0559770Z [RUN_FASTLANE] › Compiling NGNflow Pods/ReactCodegen » EventEmitters.cpp
Build iOS and Submit to TestFlight	Build for iOS (Local on Runner)	2026-09-29T12:12:21.6168790Z [RUN_FASTLANE] › Compiling NGNflow Pods/ReactCodegen » EventEmitters.cpp
Build iOS and Submit to TestFlight	Build for iOS (Local on Runner)	2026-09-29T12:12:21.6272890Z [RUN_FASTLANE] › Compiling NGNflow Pods/ReactCodegen » ComponentDescriptors.cpp
Build iOS and Submit to TestFlight	Build for iOS (Local on Runner)	2026-09-29T12:12:23.8950470Z [RUN_FASTLANE] › Compiling NGNflow Pods/ReactCodegen » ComponentDescriptors.cpp
Build iOS and Submit to TestFlight	Build for iOS (Local on Runner)	2026-09-29T12:12:31.2214210Z [RUN_FASTLANE] › Compiling NGNflow Pods/ReactCodegen » ComponentDescriptors.cpp
Build iOS and Submit to TestFlight	Build for iOS (Local on Runner)	2026-09-29T12:12:31.2217570Z [RUN_FASTLANE] › Compiling NGNflow Pods/ReactCodegen » ComponentDescriptors.cpp
Build iOS and Submit to TestFlight	Build for iOS (Local on Runner)	2026-09-29T12:12:31.9765890Z [RUN_FASTLANE] › Executing expo-modules-jsi Pods/ExpoModulesJSI » [CP] Copy XCFrameworks
Build iOS and Submit to TestFlight	Build for iOS (Local on Runner)	2026-09-29T12:12:31.9867370Z [RUN_FASTLANE] › Compiling expo Pods/ExpoLogBox » ExpoRedBoxSwap.mm
Build iOS and Submit to TestFlight	Build for iOS (Local on Runner)	2026-09-29T12:12:32.8538580Z [RUN_FASTLANE] › Compiling react-native-safe-area-context Pods/react-native-safe-area-context » RNCSafeAreaViewState.cpp
Build iOS and Submit to TestFlight	Build for iOS (Local on Runner)	2026-09-29T12:12:37.7922500Z [RUN_FASTLANE] › Compiling react-native-safe-area-context Pods/react-native-safe-area-context » RNCSafeAreaViewShadowNode.cpp
Build iOS and Submit to TestFlight	Build for iOS (Local on Runner)	2026-09-29T12:12:40.5802670Z [RUN_FASTLANE] › Compiling react-native-safe-area-context Pods/react-native-safe-area-context » RNCSafeAreaViewComponentView.mm
Build iOS and Submit to TestFlight	Build for iOS (Local on Runner)	2026-09-29T12:12:40.5909310Z [RUN_FASTLANE] › Compiling react-native-safe-area-context Pods/react-native-safe-area-context » RNCSafeAreaProviderComponentView.mm
Build iOS and Submit to TestFlight	Build for iOS (Local on Runner)	2026-09-29T12:12:47.9636570Z [RUN_FASTLANE] › Compiling react-native-safe-area-context Pods/react-native-safe-area-context » RNCSafeAreaContext.mm
Build iOS and Submit to TestFlight	Build for iOS (Local on Runner)	2026-09-29T12:12:47.9743410Z [RUN_FASTLANE] › Compiling NGNflow Pods/ReactCodegen » ReactCodegen-dummy.m
Build iOS and Submit to TestFlight	Build for iOS (Local on Runner)	2026-09-29T12:12:47.9825270Z [RUN_FASTLANE] › Packaging NGNflow Pods/ReactCodegen » libReactCodegen.a
Build iOS and Submit to TestFlight	Build for iOS (Local on Runner)	2026-09-29T12:12:47.9954770Z [RUN_FASTLANE] › Compiling react-native-safe-area-context Pods/react-native-safe-area-context » react-native-safe-area-context-dummy.m
Build iOS and Submit to TestFlight	Build for iOS (Local on Runner)	2026-09-29T12:12:48.0046470Z [RUN_FASTLANE] › Compiling @expo/log-box Pods/ExpoLogBox » ExpoLogBox-dummy.m
Build iOS and Submit to TestFlight	Build for iOS (Local on Runner)	2026-09-29T12:12:48.0150820Z [RUN_FASTLANE] › Packaging @expo/log-box Pods/ExpoLogBox » libExpoLogBox.a
Build iOS and Submit to TestFlight	Build for iOS (Local on Runner)	2026-09-29T12:12:48.8428650Z [RUN_FASTLANE] › Compiling NGNflow Pods/ReactAppDependencyProvider » ReactAppDependencyProvider-dummy.m
Build iOS and Submit to TestFlight	Build for iOS (Local on Runner)	2026-09-29T12:12:48.8528880Z [RUN_FASTLANE] › Executing @expo/log-box Pods/ExpoLogBox » Copy generated compatibility header
Build iOS and Submit to TestFlight	Build for iOS (Local on Runner)	2026-09-29T12:12:48.8632100Z [RUN_FASTLANE] › Compiling react-native-worklets Pods/RNWorklets » WorkletsVersion.cpp
Build iOS and Submit to TestFlight	Build for iOS (Local on Runner)	2026-09-29T12:12:50.4888100Z [RUN_FASTLANE] › Compiling react-native-worklets Pods/RNWorklets » WorkletsNetworking.mm
Build iOS and Submit to TestFlight	Build for iOS (Local on Runner)	2026-09-29T12:12:50.4987610Z [RUN_FASTLANE] › Compiling react-native-worklets Pods/RNWorklets » WorkletsModuleProxy.cpp
Build iOS and Submit to TestFlight	Build for iOS (Local on Runner)	2026-09-29T12:12:51.0426300Z [RUN_FASTLANE] › Packaging NGNflow Pods/ReactAppDependencyProvider » libReactAppDependencyProvider.a
Build iOS and Submit to TestFlight	Build for iOS (Local on Runner)	2026-09-29T12:12:51.0532830Z [RUN_FASTLANE] › Compiling react-native-worklets Pods/RNWorklets » WorkletsModule.mm
Build iOS and Submit to TestFlight	Build for iOS (Local on Runner)	2026-09-29T12:12:52.8504620Z [RUN_FASTLANE] › Compiling react-native-worklets Pods/RNWorklets » WorkletsJSIUtils.cpp
Build iOS and Submit to TestFlight	Build for iOS (Local on Runner)	2026-09-29T12:12:52.8609450Z [RUN_FASTLANE] › Compiling react-native-worklets Pods/RNWorklets » WorkletRuntimeRegistry.cpp
Build iOS and Submit to TestFlight	Build for iOS (Local on Runner)	2026-09-29T12:12:52.8713260Z [RUN_FASTLANE] › Compiling react-native-worklets Pods/RNWorklets » WorkletRuntimeDecorator.cpp
Build iOS and Submit to TestFlight	Build for iOS (Local on Runner)	2026-09-29T12:12:54.8227210Z [RUN_FASTLANE] › Compiling react-native-worklets Pods/RNWorklets » WorkletRuntime.cpp
Build iOS and Submit to TestFlight	Build for iOS (Local on Runner)	2026-09-29T12:12:55.1591540Z [RUN_FASTLANE] › Compiling react-native-worklets Pods/RNWorklets » WorkletHermesRuntime.cpp
Build iOS and Submit to TestFlight	Build for iOS (Local on Runner)	2026-09-29T12:12:55.1694600Z [RUN_FASTLANE] › Compiling react-native-worklets Pods/RNWorklets » WorkletEventHandler.cpp
Build iOS and Submit to TestFlight	Build for iOS (Local on Runner)	2026-09-29T12:12:56.3183070Z [RUN_FASTLANE] › Compiling react-native-worklets Pods/RNWorklets » VersionUtils.cpp
Build iOS and Submit to TestFlight	Build for iOS (Local on Runner)	2026-09-29T12:12:58.4384900Z [RUN_FASTLANE] › Compiling react-native-worklets Pods/RNWorklets » UIScheduler.cpp
Build iOS and Submit to TestFlight	Build for iOS (Local on Runner)	2026-09-29T12:12:58.4504700Z [RUN_FASTLANE] › Compiling react-native-worklets Pods/RNWorklets » UIRuntimeDecorator.cpp
Build iOS and Submit to TestFlight	Build for iOS (Local on Runner)	2026-09-29T12:12:58.4607620Z [RUN_FASTLANE] › Compiling react-native-worklets Pods/RNWorklets » SynchronizableAccess.cpp
Build iOS and Submit to TestFlight	Build for iOS (Local on Runner)	2026-09-29T12:12:58.4709970Z [RUN_FASTLANE] › Compiling react-native-worklets Pods/RNWorklets » Synchronizable.cpp
Build iOS and Submit to TestFlight	Build for iOS (Local on Runner)	2026-09-29T12:12:58.7140470Z [RUN_FASTLANE] › Compiling react-native-worklets Pods/RNWorklets » StableApi.cpp
Build iOS and Submit to TestFlight	Build for iOS (Local on Runner)	2026-09-29T12:12:59.0318720Z [RUN_FASTLANE] › Compiling react-native-worklets Pods/RNWorklets » SlowAnimations.mm
Build iOS and Submit to TestFlight	Build for iOS (Local on Runner)	2026-09-29T12:12:59.1581600Z [RUN_FASTLANE] › Compiling react-native-worklets Pods/RNWorklets » Shareable.cpp
Build iOS and Submit to TestFlight	Build for iOS (Local on Runner)	2026-09-29T12:12:59.7388640Z [RUN_FASTLANE] › Compiling react-native-worklets Pods/RNWorklets » SerializableRemoteFunction.cpp
Build iOS and Submit to TestFlight	Build for iOS (Local on Runner)	2026-09-29T12:13:00.1232000Z [RUN_FASTLANE] › Compiling react-native-worklets Pods/RNWorklets » SerializableFactory.cpp
Build iOS and Submit to TestFlight	Build for iOS (Local on Runner)	2026-09-29T12:13:00.6849870Z [RUN_FASTLANE] › Compiling react-native-worklets Pods/RNWorklets » Serializable.cpp
Build iOS and Submit to TestFlight	Build for iOS (Local on Runner)	2026-09-29T12:13:01.5425790Z [RUN_FASTLANE] › Compiling react-native-worklets Pods/RNWorklets » RuntimeManager.cpp
Build iOS and Submit to TestFlight	Build for iOS (Local on Runner)	2026-09-29T12:13:01.5528070Z [RUN_FASTLANE] › Compiling react-native-worklets Pods/RNWorklets » RNRuntimeWorkletDecorator.cpp
Build iOS and Submit to TestFlight	Build for iOS (Local on Runner)	2026-09-29T12:13:01.9768650Z [RUN_FASTLANE] › Compiling react-native-worklets Pods/RNWorklets » PlatformLogger.mm
Build iOS and Submit to TestFlight	Build for iOS (Local on Runner)	2026-09-29T12:13:02.6413440Z [RUN_FASTLANE] › Compiling react-native-worklets Pods/RNWorklets » MemoryManager.cpp
Build iOS and Submit to TestFlight	Build for iOS (Local on Runner)	2026-09-29T12:13:02.7883750Z [RUN_FASTLANE] › Compiling react-native-worklets Pods/RNWorklets » JSScheduler.cpp
Build iOS and Submit to TestFlight	Build for iOS (Local on Runner)	2026-09-29T12:13:02.8619510Z [RUN_FASTLANE] › Compiling react-native-worklets Pods/RNWorklets » JSLogger.cpp
Build iOS and Submit to TestFlight	Build for iOS (Local on Runner)	2026-09-29T12:13:03.5477170Z [RUN_FASTLANE] › Compiling react-native-worklets Pods/RNWorklets » JSIWorkletsModuleProxy.cpp
Build iOS and Submit to TestFlight	Build for iOS (Local on Runner)	2026-09-29T12:13:05.9104340Z [RUN_FASTLANE] › Compiling react-native-worklets Pods/RNWorklets » JSISerializer.cpp
Build iOS and Submit to TestFlight	Build for iOS (Local on Runner)	2026-09-29T12:13:05.9107210Z [RUN_FASTLANE] › Compiling react-native-worklets Pods/RNWorklets » IOSUIScheduler.mm
Build iOS and Submit to TestFlight	Build for iOS (Local on Runner)	2026-09-29T12:13:05.9110350Z [RUN_FASTLANE] › Compiling react-native-worklets Pods/RNWorklets » HermesProfiling.cpp
Build iOS and Submit to TestFlight	Build for iOS (Local on Runner)	2026-09-29T12:13:05.9115310Z [RUN_FASTLANE] › Compiling react-native-worklets Pods/RNWorklets » FeatureFlags.cpp
Build iOS and Submit to TestFlight	Build for iOS (Local on Runner)	2026-09-29T12:13:05.9808690Z [RUN_FASTLANE] › Compiling react-native-worklets Pods/RNWorklets » EventLoop.cpp
Build iOS and Submit to TestFlight	Build for iOS (Local on Runner)	2026-09-29T12:13:07.0647970Z [RUN_FASTLANE] › Compiling react-native-worklets Pods/RNWorklets » EventHandlerRegistry.cpp
Build iOS and Submit to TestFlight	Build for iOS (Local on Runner)	2026-09-29T12:13:07.2476010Z [RUN_FASTLANE] › Compiling react-native-worklets Pods/RNWorklets » AsyncQueueImpl.cpp
Build iOS and Submit to TestFlight	Build for iOS (Local on Runner)	2026-09-29T12:13:07.2584880Z [RUN_FASTLANE] › Compiling react-native-worklets Pods/RNWorklets » AnimationFrameQueue.mm
Build iOS and Submit to TestFlight	Build for iOS (Local on Runner)	2026-09-29T12:13:09.5795580Z [RUN_FASTLANE] › Compiling react-native-worklets Pods/RNWorklets » AnimationFrameBatchinator.cpp
Build iOS and Submit to TestFlight	Build for iOS (Local on Runner)	2026-09-29T12:13:09.5895410Z [RUN_FASTLANE] › Compiling react-native-safe-area-context Pods/react-native-safe-area-context » RNCSafeAreaViewMode.m
Build iOS and Submit to TestFlight	Build for iOS (Local on Runner)	2026-09-29T12:13:09.6026150Z [RUN_FASTLANE] › Compiling react-native-safe-area-context Pods/react-native-safe-area-context » RNCSafeAreaViewManager.m
Build iOS and Submit to TestFlight	Build for iOS (Local on Runner)	2026-09-29T12:13:09.6112670Z [RUN_FASTLANE] › Compiling react-native-safe-area-context Pods/react-native-safe-area-context » RNCSafeAreaViewLocalData.m
Build iOS and Submit to TestFlight	Build for iOS (Local on Runner)	2026-09-29T12:13:09.6217400Z [RUN_FASTLANE] › Compiling react-native-safe-area-context Pods/react-native-safe-area-context » RNCSafeAreaViewEdges.m
Build iOS and Submit to TestFlight	Build for iOS (Local on Runner)	2026-09-29T12:13:09.6322250Z [RUN_FASTLANE] › Compiling react-native-safe-area-context Pods/react-native-safe-area-context » RNCSafeAreaViewEdgeMode.m
Build iOS and Submit to TestFlight	Build for iOS (Local on Runner)	2026-09-29T12:13:09.6432230Z [RUN_FASTLANE] › Compiling react-native-safe-area-context Pods/react-native-safe-area-context » RNCSafeAreaView.m
Build iOS and Submit to TestFlight	Build for iOS (Local on Runner)	2026-09-29T12:13:09.6545170Z [RUN_FASTLANE] › Compiling react-native-safe-area-context Pods/react-native-safe-area-context » RNCSafeAreaUtils.m
Build iOS and Submit to TestFlight	Build for iOS (Local on Runner)	2026-09-29T12:13:09.6657440Z [RUN_FASTLANE] › Compiling react-native-safe-area-context Pods/react-native-safe-area-context » RNCSafeAreaShadowView.m
Build iOS and Submit to TestFlight	Build for iOS (Local on Runner)	2026-09-29T12:13:09.6762230Z [RUN_FASTLANE] › Compiling react-native-safe-area-context Pods/react-native-safe-area-context » RNCSafeAreaProviderManager.m
Build iOS and Submit to TestFlight	Build for iOS (Local on Runner)	2026-09-29T12:13:09.6871830Z [RUN_FASTLANE] › Compiling react-native-safe-area-context Pods/react-native-safe-area-context » RNCSafeAreaProvider.m
Build iOS and Submit to TestFlight	Build for iOS (Local on Runner)	2026-09-29T12:13:09.6973350Z [RUN_FASTLANE] › Compiling react-native-safe-area-context Pods/react-native-safe-area-context » RNCOnInsetsChangeEvent.m
Build iOS and Submit to TestFlight	Build for iOS (Local on Runner)	2026-09-29T12:13:09.7079800Z [RUN_FASTLANE] › Packaging react-native-safe-area-context Pods/react-native-safe-area-context » libreact-native-safe-area-context.a
Build iOS and Submit to TestFlight	Build for iOS (Local on Runner)	2026-09-29T12:13:14.9571300Z [RUN_FASTLANE] › Compiling react-native-svg Pods/RNSVG » RNSVGViewBox.mm
Build iOS and Submit to TestFlight	Build for iOS (Local on Runner)	2026-09-29T12:13:14.9673720Z [RUN_FASTLANE] › Compiling react-native-svg Pods/RNSVG » RNSVGUseManager.mm
Build iOS and Submit to TestFlight	Build for iOS (Local on Runner)	2026-09-29T12:13:14.9776140Z [RUN_FASTLANE] › Compiling react-native-svg Pods/RNSVG » RNSVGUse.mm
Build iOS and Submit to TestFlight	Build for iOS (Local on Runner)	2026-09-29T12:13:19.9541990Z [RUN_FASTLANE] › Compiling react-native-svg Pods/RNSVG » RNSVGTopAlignedLabel.ios.mm
Build iOS and Submit to TestFlight	Build for iOS (Local on Runner)	2026-09-29T12:13:19.9689010Z [RUN_FASTLANE] › Compiling react-native-svg Pods/RNSVG » RNSVGTextProperties.mm
Build iOS and Submit to TestFlight	Build for iOS (Local on Runner)	2026-09-29T12:13:19.9852280Z [RUN_FASTLANE] › Compiling react-native-svg Pods/RNSVG » RNSVGTextPathManager.mm
Build iOS and Submit to TestFlight	Build for iOS (Local on Runner)	2026-09-29T12:13:19.9975010Z [RUN_FASTLANE] › Compiling react-native-svg Pods/RNSVG » RNSVGTextPath.mm
Build iOS and Submit to TestFlight	Build for iOS (Local on Runner)	2026-09-29T12:13:23.5932270Z [RUN_FASTLANE] › Compiling react-native-svg Pods/RNSVG » RNSVGTextManager.mm
Build iOS and Submit to TestFlight	Build for iOS (Local on Runner)	2026-09-29T12:13:24.5339710Z [RUN_FASTLANE] › Compiling react-native-svg Pods/RNSVG » RNSVGText.mm
Build iOS and Submit to TestFlight	Build for iOS (Local on Runner)	2026-09-29T12:13:28.5598460Z [RUN_FASTLANE] › Compiling react-native-svg Pods/RNSVG » RNSVGTSpanManager.mm
Build iOS and Submit to TestFlight	Build for iOS (Local on Runner)	2026-09-29T12:13:28.5701170Z [RUN_FASTLANE] › Compiling react-native-svg Pods/RNSVG » RNSVGTSpan.mm
Build iOS and Submit to TestFlight	Build for iOS (Local on Runner)	2026-09-29T12:13:30.1283260Z [RUN_FASTLANE] › Compiling react-native-svg Pods/RNSVG » RNSVGSymbolManager.mm
Build iOS and Submit to TestFlight	Build for iOS (Local on Runner)	2026-09-29T12:13:30.2262280Z [RUN_FASTLANE] › Compiling react-native-svg Pods/RNSVG » RNSVGSymbol.mm
Build iOS and Submit to TestFlight	Build for iOS (Local on Runner)	2026-09-29T12:13:32.8000600Z [RUN_FASTLANE] › Compiling react-native-svg Pods/RNSVG » RNSVGSvgViewModule.mm
Build iOS and Submit to TestFlight	Build for iOS (Local on Runner)	2026-09-29T12:13:32.8107970Z [RUN_FASTLANE] › Compiling react-native-svg Pods/RNSVG » RNSVGSvgViewManager.mm
Build iOS and Submit to TestFlight	Build for iOS (Local on Runner)	2026-09-29T12:13:32.8238470Z [RUN_FASTLANE] › Compiling react-native-svg Pods/RNSVG » RNSVGSvgView.mm
Build iOS and Submit to TestFlight	Build for iOS (Local on Runner)	2026-09-29T12:13:37.3778230Z [RUN_FASTLANE] › Compiling react-native-svg Pods/RNSVG » RNSVGSolidColorBrush.mm
Build iOS and Submit to TestFlight	Build for iOS (Local on Runner)	2026-09-29T12:13:37.3893650Z [RUN_FASTLANE] › Compiling react-native-svg Pods/RNSVG » RNSVGShadowNodes.cpp
Build iOS and Submit to TestFlight	Build for iOS (Local on Runner)	2026-09-29T12:13:37.3995850Z [RUN_FASTLANE] › Compiling react-native-svg Pods/RNSVG » RNSVGRenderableModule.mm
Build iOS and Submit to TestFlight	Build for iOS (Local on Runner)	2026-09-29T12:13:37.9453530Z [RUN_FASTLANE] › Compiling react-native-svg Pods/RNSVG » RNSVGRenderableManager.mm
Build iOS and Submit to TestFlight	Build for iOS (Local on Runner)	2026-09-29T12:13:38.2192750Z [RUN_FASTLANE] › Compiling react-native-svg Pods/RNSVG » RNSVGRenderable.mm
Build iOS and Submit to TestFlight	Build for iOS (Local on Runner)	2026-09-29T12:13:39.9501440Z [RUN_FASTLANE] › Compiling react-native-svg Pods/RNSVG » RNSVGRenderUtils.mm
Build iOS and Submit to TestFlight	Build for iOS (Local on Runner)	2026-09-29T12:13:40.3695530Z [RUN_FASTLANE] › Compiling react-native-svg Pods/RNSVG » RNSVGRectManager.mm
Build iOS and Submit to TestFlight	Build for iOS (Local on Runner)	2026-09-29T12:13:40.7559440Z [RUN_FASTLANE] › Compiling react-native-svg Pods/RNSVG » RNSVGRect.mm
Build iOS and Submit to TestFlight	Build for iOS (Local on Runner)	2026-09-29T12:13:44.3974910Z [RUN_FASTLANE] › Compiling react-native-svg Pods/RNSVG » RNSVGRadialGradientManager.mm
Build iOS and Submit to TestFlight	Build for iOS (Local on Runner)	2026-09-29T12:13:44.4078970Z [RUN_FASTLANE] › Compiling react-native-svg Pods/RNSVG » RNSVGRadialGradient.mm
Build iOS and Submit to TestFlight	Build for iOS (Local on Runner)	2026-09-29T12:13:45.2211850Z [RUN_FASTLANE] › Compiling react-native-svg Pods/RNSVG » RNSVGPropHelper.mm
Build iOS and Submit to TestFlight	Build for iOS (Local on Runner)	2026-09-29T12:13:45.4400930Z [RUN_FASTLANE] › Compiling react-native-svg Pods/RNSVG » RNSVGPatternManager.mm
Build iOS and Submit to TestFlight	Build for iOS (Local on Runner)	2026-09-29T12:13:47.5814310Z [RUN_FASTLANE] › Compiling react-native-svg Pods/RNSVG » RNSVGPattern.mm
Build iOS and Submit to TestFlight	Build for iOS (Local on Runner)	2026-09-29T12:13:50.4306330Z [RUN_FASTLANE] › Compiling react-native-svg Pods/RNSVG » RNSVGPathParser.mm
Build iOS and Submit to TestFlight	Build for iOS (Local on Runner)	2026-09-29T12:13:50.4408800Z [RUN_FASTLANE] › Compiling react-native-svg Pods/RNSVG » RNSVGPathMeasure.mm
Build iOS and Submit to TestFlight	Build for iOS (Local on Runner)	2026-09-29T12:13:50.4510590Z [RUN_FASTLANE] › Compiling react-native-svg Pods/RNSVG » RNSVGPathManager.mm
Build iOS and Submit to TestFlight	Build for iOS (Local on Runner)	2026-09-29T12:13:51.2530620Z [RUN_FASTLANE] › Compiling react-native-svg Pods/RNSVG » RNSVGPath.mm
Build iOS and Submit to TestFlight	Build for iOS (Local on Runner)	2026-09-29T12:13:55.4810730Z [RUN_FASTLANE] › Compiling react-native-svg Pods/RNSVG » RNSVGPainterBrush.mm
Build iOS and Submit to TestFlight	Build for iOS (Local on Runner)	2026-09-29T12:13:55.4922530Z [RUN_FASTLANE] › Compiling react-native-svg Pods/RNSVG » RNSVGPainter.mm
Build iOS and Submit to TestFlight	Build for iOS (Local on Runner)	2026-09-29T12:13:55.5027550Z [RUN_FASTLANE] › Compiling react-native-svg Pods/RNSVG » RNSVGNodeManager.mm
Build iOS and Submit to TestFlight	Build for iOS (Local on Runner)	2026-09-29T12:13:56.5154520Z [RUN_FASTLANE] › Compiling react-native-svg Pods/RNSVG » RNSVGNode.mm
Build iOS and Submit to TestFlight	Build for iOS (Local on Runner)	2026-09-29T12:13:59.3553610Z [RUN_FASTLANE] › Compiling react-native-svg Pods/RNSVG » RNSVGMaskManager.mm
Build iOS and Submit to TestFlight	Build for iOS (Local on Runner)	2026-09-29T12:13:59.9262170Z [RUN_FASTLANE] › Compiling react-native-svg Pods/RNSVG » RNSVGMask.mm
Build iOS and Submit to TestFlight	Build for iOS (Local on Runner)	2026-09-29T12:14:04.0980180Z [RUN_FASTLANE] › Compiling react-native-svg Pods/RNSVG » RNSVGMarkerPosition.mm
Build iOS and Submit to TestFlight	Build for iOS (Local on Runner)	2026-09-29T12:14:04.1083590Z [RUN_FASTLANE] › Compiling react-native-svg Pods/RNSVG » RNSVGMarkerManager.mm
Build iOS and Submit to TestFlight	Build for iOS (Local on Runner)	2026-09-29T12:14:04.1185970Z [RUN_FASTLANE] › Compiling react-native-svg Pods/RNSVG » RNSVGMarker.mm
Build iOS and Submit to TestFlight	Build for iOS (Local on Runner)	2026-09-29T12:14:09.7379210Z [RUN_FASTLANE] › Compiling react-native-svg Pods/RNSVG » RNSVGLinearGradientManager.mm
Build iOS and Submit to TestFlight	Build for iOS (Local on Runner)	2026-09-29T12:14:09.7481550Z [RUN_FASTLANE] › Compiling react-native-svg Pods/RNSVG » RNSVGLinearGradient.mm
Build iOS and Submit to TestFlight	Build for iOS (Local on Runner)	2026-09-29T12:14:10.3897890Z [RUN_FASTLANE] › Compiling react-native-svg Pods/RNSVG » RNSVGLineManager.mm
Build iOS and Submit to TestFlight	Build for iOS (Local on Runner)	2026-09-29T12:14:10.8013470Z [RUN_FASTLANE] › Compiling react-native-svg Pods/RNSVG » RNSVGLine.mm
Build iOS and Submit to TestFlight	Build for iOS (Local on Runner)	2026-09-29T12:14:17.2452050Z [RUN_FASTLANE] › Compiling react-native-svg Pods/RNSVG » RNSVGLength.mm
Build iOS and Submit to TestFlight	Build for iOS (Local on Runner)	2026-09-29T12:14:17.2493030Z [RUN_FASTLANE] › Compiling react-native-svg Pods/RNSVG » RNSVGLayoutableShadowNode.cpp
Build iOS and Submit to TestFlight	Build for iOS (Local on Runner)	2026-09-29T12:14:17.2595920Z [RUN_FASTLANE] › Compiling react-native-svg Pods/RNSVG » RNSVGImageState.cpp
Build iOS and Submit to TestFlight	Build for iOS (Local on Runner)	2026-09-29T12:14:18.1351620Z [RUN_FASTLANE] › Compiling react-native-svg Pods/RNSVG » RNSVGImageShadowNode.cpp
Build iOS and Submit to TestFlight	Build for iOS (Local on Runner)	2026-09-29T12:14:19.0447420Z [RUN_FASTLANE] › Compiling react-native-svg Pods/RNSVG » RNSVGImageManager.mm
Build iOS and Submit to TestFlight	Build for iOS (Local on Runner)	2026-09-29T12:14:20.7116140Z [RUN_FASTLANE] › Compiling react-native-svg Pods/RNSVG » RNSVGImage.mm
Build iOS and Submit to TestFlight	Build for iOS (Local on Runner)	2026-09-29T12:14:23.4920210Z [RUN_FASTLANE] › Compiling react-native-svg Pods/RNSVG » RNSVGGroupManager.mm
Build iOS and Submit to TestFlight	Build for iOS (Local on Runner)	2026-09-29T12:14:23.5062220Z [RUN_FASTLANE] › Compiling react-native-svg Pods/RNSVG » RNSVGGroup.mm
Build iOS and Submit to TestFlight	Build for iOS (Local on Runner)	2026-09-29T12:14:28.4532870Z [RUN_FASTLANE] › Compiling react-native-svg Pods/RNSVG » RNSVGGlyphContext.mm
Build iOS and Submit to TestFlight	Build for iOS (Local on Runner)	2026-09-29T12:14:28.4642580Z [RUN_FASTLANE] › Compiling react-native-svg Pods/RNSVG » RNSVGForeignObjectManager.mm
Build iOS and Submit to TestFlight	Build for iOS (Local on Runner)	2026-09-29T12:14:28.4770800Z [RUN_FASTLANE] › Compiling react-native-svg Pods/RNSVG » RNSVGForeignObject.mm
Build iOS and Submit to TestFlight	Build for iOS (Local on Runner)	2026-09-29T12:14:39.7577350Z [RUN_FASTLANE] › Compiling react-native-svg Pods/RNSVG » RNSVGFontData.mm
Build iOS and Submit to TestFlight	Build for iOS (Local on Runner)	2026-09-29T12:14:39.7706810Z [RUN_FASTLANE] › Compiling react-native-svg Pods/RNSVG » RNSVGFilterRegion.mm
Build iOS and Submit to TestFlight	Build for iOS (Local on Runner)	2026-09-29T12:14:39.7815430Z [RUN_FASTLANE] › Compiling react-native-svg Pods/RNSVG » RNSVGFilterPrimitiveManager.mm
Build iOS and Submit to TestFlight	Build for iOS (Local on Runner)	2026-09-29T12:14:41.3435820Z [RUN_FASTLANE] › Compiling react-native-svg Pods/RNSVG » RNSVGFilterPrimitive.mm
Build iOS and Submit to TestFlight	Build for iOS (Local on Runner)	2026-09-29T12:14:43.2754790Z [RUN_FASTLANE] › Compiling react-native-svg Pods/RNSVG » RNSVGFilterManager.mm
Build iOS and Submit to TestFlight	Build for iOS (Local on Runner)	2026-09-29T12:14:43.2856480Z [RUN_FASTLANE] › Compiling react-native-svg Pods/RNSVG » RNSVGFilter.mm
Build iOS and Submit to TestFlight	Build for iOS (Local on Runner)	2026-09-29T12:14:46.6349370Z [RUN_FASTLANE] › Compiling react-native-svg Pods/RNSVG » RNSVGFeOffsetManager.mm
Build iOS and Submit to TestFlight	Build for iOS (Local on Runner)	2026-09-29T12:14:46.6450700Z [RUN_FASTLANE] › Compiling react-native-svg Pods/RNSVG » RNSVGFeOffset.mm
Build iOS and Submit to TestFlight	Build for iOS (Local on Runner)	2026-09-29T12:14:48.2993690Z [RUN_FASTLANE] › Compiling react-native-svg Pods/RNSVG » RNSVGFeMergeManager.mm
Build iOS and Submit to TestFlight	Build for iOS (Local on Runner)	2026-09-29T12:14:48.7688450Z [RUN_FASTLANE] › Compiling react-native-svg Pods/RNSVG » RNSVGFeMerge.mm
Build iOS and Submit to TestFlight	Build for iOS (Local on Runner)	2026-09-29T12:14:52.0520130Z [RUN_FASTLANE] › Compiling react-native-svg Pods/RNSVG » RNSVGFeGaussianBlurManager.mm
Build iOS and Submit to TestFlight	Build for iOS (Local on Runner)	2026-09-29T12:14:52.0639900Z [RUN_FASTLANE] › Compiling react-native-svg Pods/RNSVG » RNSVGFeGaussianBlur.mm
Build iOS and Submit to TestFlight	Build for iOS (Local on Runner)	2026-09-29T12:14:54.4418550Z [RUN_FASTLANE] › Compiling react-native-svg Pods/RNSVG » RNSVGFeFloodManager.mm
Build iOS and Submit to TestFlight	Build for iOS (Local on Runner)	2026-09-29T12:14:54.6783480Z [RUN_FASTLANE] › Compiling react-native-svg Pods/RNSVG » RNSVGFeFlood.mm
Build iOS and Submit to TestFlight	Build for iOS (Local on Runner)	2026-09-29T12:14:57.1654310Z [RUN_FASTLANE] › Compiling react-native-svg Pods/RNSVG » RNSVGFeCompositeManager.mm
Build iOS and Submit to TestFlight	Build for iOS (Local on Runner)	2026-09-29T12:14:57.3437240Z [RUN_FASTLANE] › Compiling react-native-svg Pods/RNSVG » RNSVGFeComposite.mm
Build iOS and Submit to TestFlight	Build for iOS (Local on Runner)	2026-09-29T12:14:59.5059210Z [RUN_FASTLANE] › Compiling react-native-svg Pods/RNSVG » RNSVGFeColorMatrixManager.mm
Build iOS and Submit to TestFlight	Build for iOS (Local on Runner)	2026-09-29T12:14:59.8895620Z [RUN_FASTLANE] › Compiling react-native-svg Pods/RNSVG » RNSVGFeColorMatrix.mm
Build iOS and Submit to TestFlight	Build for iOS (Local on Runner)	2026-09-29T12:15:02.3121530Z [RUN_FASTLANE] › Compiling react-native-svg Pods/RNSVG » RNSVGFeBlendManager.mm
Build iOS and Submit to TestFlight	Build for iOS (Local on Runner)	2026-09-29T12:15:02.5273190Z [RUN_FASTLANE] › Compiling react-native-svg Pods/RNSVG » RNSVGFeBlend.mm
Build iOS and Submit to TestFlight	Build for iOS (Local on Runner)	2026-09-29T12:15:06.3322710Z [RUN_FASTLANE] › Compiling react-native-svg Pods/RNSVG » RNSVGEllipseManager.mm
Build iOS and Submit to TestFlight	Build for iOS (Local on Runner)	2026-09-29T12:15:06.5658550Z [RUN_FASTLANE] › Compiling react-native-svg Pods/RNSVG » RNSVGEllipse.mm
Build iOS and Submit to TestFlight	Build for iOS (Local on Runner)	2026-09-29T12:15:09.3062640Z [RUN_FASTLANE] › Compiling react-native-svg Pods/RNSVG » RNSVGDefsManager.mm
Build iOS and Submit to TestFlight	Build for iOS (Local on Runner)	2026-09-29T12:15:09.7838680Z [RUN_FASTLANE] › Compiling react-native-svg Pods/RNSVG » RNSVGDefs.mm
Build iOS and Submit to TestFlight	Build for iOS (Local on Runner)	2026-09-29T12:15:12.5648440Z [RUN_FASTLANE] › Compiling react-native-svg Pods/RNSVG » RNSVGCustomFilter.mm
Build iOS and Submit to TestFlight	Build for iOS (Local on Runner)	2026-09-29T12:15:12.5758930Z [RUN_FASTLANE] › Compiling react-native-svg Pods/RNSVG » RNSVGConvert.mm
Build iOS and Submit to TestFlight	Build for iOS (Local on Runner)	2026-09-29T12:15:13.4756230Z [RUN_FASTLANE] › Compiling react-native-svg Pods/RNSVG » RNSVGContextBrush.mm
Build iOS and Submit to TestFlight	Build for iOS (Local on Runner)	2026-09-29T12:15:13.6397090Z [RUN_FASTLANE] › Compiling react-native-svg Pods/RNSVG » RNSVGCompositeXor.mm
Build iOS and Submit to TestFlight	Build for iOS (Local on Runner)	2026-09-29T12:15:13.6509770Z [RUN_FASTLANE] › Compiling react-native-svg Pods/RNSVG » RNSVGClipPathManager.mm
Build iOS and Submit to TestFlight	Build for iOS (Local on Runner)	2026-09-29T12:15:17.3038000Z [RUN_FASTLANE] › Compiling react-native-svg Pods/RNSVG » RNSVGClipPath.mm
Build iOS and Submit to TestFlight	Build for iOS (Local on Runner)	2026-09-29T12:15:20.7354750Z [RUN_FASTLANE] › Compiling react-native-svg Pods/RNSVG » RNSVGCircleManager.mm
Build iOS and Submit to TestFlight	Build for iOS (Local on Runner)	2026-09-29T12:15:20.7466880Z [RUN_FASTLANE] › Compiling react-native-svg Pods/RNSVG » RNSVGCircle.mm
Build iOS and Submit to TestFlight	Build for iOS (Local on Runner)	2026-09-29T12:15:24.7081880Z [RUN_FASTLANE] › Compiling react-native-svg Pods/RNSVG » RNSVGBrush.mm
Build iOS and Submit to TestFlight	Build for iOS (Local on Runner)	2026-09-29T12:15:24.7185260Z [RUN_FASTLANE] › Compiling react-native-svg Pods/RNSVG » RNSVGBezierElement.mm
Build iOS and Submit to TestFlight	Build for iOS (Local on Runner)	2026-09-29T12:15:24.7288750Z [RUN_FASTLANE] › Compiling react-native-svg Pods/RNSVG » RNSVGArithmeticFilter.mm
Build iOS and Submit to TestFlight	Build for iOS (Local on Runner)	2026-09-29T12:15:24.7391820Z [RUN_FASTLANE] › Compiling react-native-svg Pods/RNSVG » RCTConvert+RNSVG.mm
Build iOS and Submit to TestFlight	Build for iOS (Local on Runner)	2026-09-29T12:15:26.5123840Z [RUN_FASTLANE] › Compiling react-native-reanimated Pods/RNReanimated » vectors.cpp
Build iOS and Submit to TestFlight	Build for iOS (Local on Runner)	2026-09-29T12:15:26.5226160Z [RUN_FASTLANE] › Compiling react-native-reanimated Pods/RNReanimated » translate.cpp
Build iOS and Submit to TestFlight	Build for iOS (Local on Runner)	2026-09-29T12:15:28.3565980Z [RUN_FASTLANE] › Compiling react-native-reanimated Pods/RNReanimated » steps.cpp
Build iOS and Submit to TestFlight	Build for iOS (Local on Runner)	2026-09-29T12:15:28.3677340Z [RUN_FASTLANE] › Compiling react-native-reanimated Pods/RNReanimated » skew.cpp
Build iOS and Submit to TestFlight	Build for iOS (Local on Runner)	2026-09-29T12:15:30.8327340Z [RUN_FASTLANE] › Compiling react-native-reanimated Pods/RNReanimated » scale.cpp
Build iOS and Submit to TestFlight	Build for iOS (Local on Runner)	2026-09-29T12:15:31.8623740Z [RUN_FASTLANE] › Compiling react-native-reanimated Pods/RNReanimated » rotate.cpp
Build iOS and Submit to TestFlight	Build for iOS (Local on Runner)	2026-09-29T12:15:32.6913950Z [RUN_FASTLANE] › Compiling react-native-reanimated Pods/RNReanimated » props.cpp
Build iOS and Submit to TestFlight	Build for iOS (Local on Runner)	2026-09-29T12:15:34.2131100Z [RUN_FASTLANE] › Compiling react-native-reanimated Pods/RNReanimated » platform.cpp
Build iOS and Submit to TestFlight	Build for iOS (Local on Runner)	2026-09-29T12:15:34.2132040Z [RUN_FASTLANE] › Compiling react-native-reanimated Pods/RNReanimated » perspective.cpp
Build iOS and Submit to TestFlight	Build for iOS (Local on Runner)	2026-09-29T12:15:35.8786140Z [RUN_FASTLANE] › Compiling react-native-reanimated Pods/RNReanimated » matrix.cpp
Build iOS and Submit to TestFlight	Build for iOS (Local on Runner)	2026-09-29T12:15:38.1306040Z [RUN_FASTLANE] › Compiling react-native-reanimated Pods/RNReanimated » linear.cpp
Build iOS and Submit to TestFlight	Build for iOS (Local on Runner)	2026-09-29T12:15:38.1432410Z [RUN_FASTLANE] › Compiling react-native-reanimated Pods/RNReanimated » interpolators.cpp
Build iOS and Submit to TestFlight	Build for iOS (Local on Runner)	2026-09-29T12:15:39.4256580Z [RUN_FASTLANE] › Compiling react-native-reanimated Pods/RNReanimated » cubicBezier.cpp
Build iOS and Submit to TestFlight	Build for iOS (Local on Runner)	2026-09-29T12:15:39.4369580Z [RUN_FASTLANE] › Compiling react-native-reanimated Pods/RNReanimated » common.cpp
Build iOS and Submit to TestFlight	Build for iOS (Local on Runner)	2026-09-29T12:15:39.9087920Z [RUN_FASTLANE] › Compiling react-native-reanimated Pods/RNReanimated » algorithms.cpp
Build iOS and Submit to TestFlight	Build for iOS (Local on Runner)	2026-09-29T12:15:39.9205790Z [RUN_FASTLANE] › Compiling react-native-reanimated Pods/RNReanimated » ViewStylesRepository.cpp
Build iOS and Submit to TestFlight	Build for iOS (Local on Runner)	2026-09-29T12:15:45.1155210Z [RUN_FASTLANE] › Compiling react-native-reanimated Pods/RNReanimated » ValueInterpolator.cpp
Build iOS and Submit to TestFlight	Build for iOS (Local on Runner)	2026-09-29T12:15:45.7088890Z [RUN_FASTLANE] › Compiling react-native-reanimated Pods/RNReanimated » UpdatesRegistryManager.cpp
Build iOS and Submit to TestFlight	Build for iOS (Local on Runner)	2026-09-29T12:15:46.2884360Z [RUN_FASTLANE] › Compiling react-native-reanimated Pods/RNReanimated » UpdatesRegistry.cpp
Build iOS and Submit to TestFlight	Build for iOS (Local on Runner)	2026-09-29T12:15:51.8711440Z [RUN_FASTLANE] › Compiling react-native-reanimated Pods/RNReanimated » UIRuntimeDecorator.cpp
Build iOS and Submit to TestFlight	Build for iOS (Local on Runner)	2026-09-29T12:15:51.8808690Z [RUN_FASTLANE] › Compiling react-native-reanimated Pods/RNReanimated » UIEventHandlerRegistry.cpp
Build iOS and Submit to TestFlight	Build for iOS (Local on Runner)	2026-09-29T12:15:51.8910190Z [RUN_FASTLANE] › Compiling react-native-reanimated Pods/RNReanimated » UIEventHandler.cpp
Build iOS and Submit to TestFlight	Build for iOS (Local on Runner)	2026-09-29T12:15:51.9011860Z [RUN_FASTLANE] › Compiling react-native-reanimated Pods/RNReanimated » TransitionStyleInterpolator.cpp
Build iOS and Submit to TestFlight	Build for iOS (Local on Runner)	2026-09-29T12:15:54.6384370Z [RUN_FASTLANE] › Compiling react-native-reanimated Pods/RNReanimated » TransitionProgressProvider.cpp
Build iOS and Submit to TestFlight	Build for iOS (Local on Runner)	2026-09-29T12:15:54.6486770Z [RUN_FASTLANE] › Compiling react-native-reanimated Pods/RNReanimated » TransformsStyleInterpolator.cpp
Build iOS and Submit to TestFlight	Build for iOS (Local on Runner)	2026-09-29T12:15:56.6317590Z [RUN_FASTLANE] › Compiling react-native-reanimated Pods/RNReanimated » TransformOperationInterpolator.cpp
Build iOS and Submit to TestFlight	Build for iOS (Local on Runner)	2026-09-29T12:15:58.7425520Z [RUN_FASTLANE] › Compiling react-native-reanimated Pods/RNReanimated » TransformOperation.cpp
Build iOS and Submit to TestFlight	Build for iOS (Local on Runner)	2026-09-29T12:15:59.3074790Z [RUN_FASTLANE] › Compiling react-native-reanimated Pods/RNReanimated » TransformOp.cpp
Build iOS and Submit to TestFlight	Build for iOS (Local on Runner)	2026-09-29T12:15:59.3178760Z [RUN_FASTLANE] › Compiling react-native-reanimated Pods/RNReanimated » TransformMatrix3D.cpp
Build iOS and Submit to TestFlight	Build for iOS (Local on Runner)	2026-09-29T12:16:01.3709580Z [RUN_FASTLANE] › Compiling react-native-reanimated Pods/RNReanimated » TransformMatrix2D.cpp
Build iOS and Submit to TestFlight	Build for iOS (Local on Runner)	2026-09-29T12:16:01.3813710Z [RUN_FASTLANE] › Compiling react-native-reanimated Pods/RNReanimated » TransformMatrix.cpp
Build iOS and Submit to TestFlight	Build for iOS (Local on Runner)	2026-09-29T12:16:01.4597090Z [RUN_FASTLANE] › Compiling react-native-reanimated Pods/RNReanimated » SynchronousPropsBufferSerializer.cpp
Build iOS and Submit to TestFlight	Build for iOS (Local on Runner)	2026-09-29T12:16:01.4700810Z [RUN_FASTLANE] › Compiling react-native-reanimated Pods/RNReanimated » StyleOperationInterpolator.cpp
Build iOS and Submit to TestFlight	Build for iOS (Local on Runner)	2026-09-29T12:16:04.9868550Z [RUN_FASTLANE] › Compiling react-native-reanimated Pods/RNReanimated » StyleOperation.cpp
Build iOS and Submit to TestFlight	Build for iOS (Local on Runner)	2026-09-29T12:16:05.2203770Z [RUN_FASTLANE] › Compiling react-native-reanimated Pods/RNReanimated » StaticPropsRegistry.cpp
Build iOS and Submit to TestFlight	Build for iOS (Local on Runner)	2026-09-29T12:16:05.5248240Z [RUN_FASTLANE] › Compiling react-native-reanimated Pods/RNReanimated » SimpleValueInterpolator.cpp
Build iOS and Submit to TestFlight	Build for iOS (Local on Runner)	2026-09-29T12:16:11.5089560Z [RUN_FASTLANE] › Compiling react-native-reanimated Pods/RNReanimated » SharedTransitions.cpp
Build iOS and Submit to TestFlight	Build for iOS (Local on Runner)	2026-09-29T12:16:12.3777770Z [RUN_FASTLANE] › Compiling react-native-reanimated Pods/RNReanimated » ShadowTreeCloner.cpp
Build iOS and Submit to TestFlight	Build for iOS (Local on Runner)	2026-09-29T12:16:12.3881450Z [RUN_FASTLANE] › Compiling react-native-reanimated Pods/RNReanimated » SetGestureState.mm
Build iOS and Submit to TestFlight	Build for iOS (Local on Runner)	2026-09-29T12:16:12.3998070Z [RUN_FASTLANE] › Compiling react-native-reanimated Pods/RNReanimated » SVGStrokeDashArray.cpp
Build iOS and Submit to TestFlight	Build for iOS (Local on Runner)	2026-09-29T12:16:15.2966540Z [RUN_FASTLANE] › Compiling react-native-reanimated Pods/RNReanimated » SVGStops.cpp
Build iOS and Submit to TestFlight	Build for iOS (Local on Runner)	2026-09-29T12:16:15.7562820Z [RUN_FASTLANE] › Compiling react-native-reanimated Pods/RNReanimated » SVGPath.cpp
Build iOS and Submit to TestFlight	Build for iOS (Local on Runner)	2026-09-29T12:16:18.3991050Z [RUN_FASTLANE] › Compiling react-native-reanimated Pods/RNReanimated » SVGBrush.cpp
Build iOS and Submit to TestFlight	Build for iOS (Local on Runner)	2026-09-29T12:16:19.1753290Z [RUN_FASTLANE] › Compiling react-native-reanimated Pods/RNReanimated » ResolvableValueInterpolator.cpp
Build iOS and Submit to TestFlight	Build for iOS (Local on Runner)	2026-09-29T12:16:19.5527020Z [RUN_FASTLANE] › Compiling react-native-reanimated Pods/RNReanimated » RecordPropertiesInterpolator.cpp
Build iOS and Submit to TestFlight	Build for iOS (Local on Runner)	2026-09-29T12:16:23.0731200Z [RUN_FASTLANE] › Compiling react-native-reanimated Pods/RNReanimated » ReanimatedVersion.cpp
Build iOS and Submit to TestFlight	Build for iOS (Local on Runner)	2026-09-29T12:16:23.0839510Z [RUN_FASTLANE] › Compiling react-native-reanimated Pods/RNReanimated » ReanimatedMountHook.cpp
Build iOS and Submit to TestFlight	Build for iOS (Local on Runner)	2026-09-29T12:16:23.4267060Z [RUN_FASTLANE] › Compiling react-native-reanimated Pods/RNReanimated » ReanimatedModuleProxy.cpp
Build iOS and Submit to TestFlight	Build for iOS (Local on Runner)	2026-09-29T12:16:27.4157570Z [RUN_FASTLANE] › Compiling react-native-reanimated Pods/RNReanimated » ReanimatedModule.mm
Build iOS and Submit to TestFlight	Build for iOS (Local on Runner)	2026-09-29T12:16:27.4259780Z [RUN_FASTLANE] › Compiling react-native-reanimated Pods/RNReanimated » ReanimatedCommitHook.cpp
Build iOS and Submit to TestFlight	Build for iOS (Local on Runner)	2026-09-29T12:16:27.4383650Z [RUN_FASTLANE] › Compiling react-native-reanimated Pods/RNReanimated » RawProgressProvider.cpp
Build iOS and Submit to TestFlight	Build for iOS (Local on Runner)	2026-09-29T12:16:27.4488770Z [RUN_FASTLANE] › Compiling react-native-reanimated Pods/RNReanimated » RNRuntimeDecorator.cpp
Build iOS and Submit to TestFlight	Build for iOS (Local on Runner)	2026-09-29T12:16:29.3171800Z [RUN_FASTLANE] › Compiling react-native-reanimated Pods/RNReanimated » REASlowAnimations.mm
Build iOS and Submit to TestFlight	Build for iOS (Local on Runner)	2026-09-29T12:16:29.3274170Z [RUN_FASTLANE] › Compiling react-native-reanimated Pods/RNReanimated » REASharedTransitionBoundaryView.mm
Build iOS and Submit to TestFlight	Build for iOS (Local on Runner)	2026-09-29T12:16:30.5750740Z [RUN_FASTLANE] › Compiling react-native-reanimated Pods/RNReanimated » REASharedTransitionBoundaryShadowNode.cpp
Build iOS and Submit to TestFlight	Build for iOS (Local on Runner)	2026-09-29T12:16:30.5852700Z [RUN_FASTLANE] › Compiling react-native-reanimated Pods/RNReanimated » REAPseudoSelectorObserver.mm
Build iOS and Submit to TestFlight	Build for iOS (Local on Runner)	2026-09-29T12:16:30.8932880Z [RUN_FASTLANE] › Compiling react-native-reanimated Pods/RNReanimated » REAPseudoSelectorAttachQueue.mm
Build iOS and Submit to TestFlight	Build for iOS (Local on Runner)	2026-09-29T12:16:33.1206350Z [RUN_FASTLANE] › Compiling react-native-reanimated Pods/RNReanimated » REANodesManager.mm
Build iOS and Submit to TestFlight	Build for iOS (Local on Runner)	2026-09-29T12:16:34.4440510Z [RUN_FASTLANE] › Compiling react-native-reanimated Pods/RNReanimated » REAKeyboardEventObserver.mm
Build iOS and Submit to TestFlight	Build for iOS (Local on Runner)	2026-09-29T12:16:34.4544690Z [RUN_FASTLANE] › Compiling react-native-reanimated Pods/RNReanimated » REACSSPlatformTransitions.mm
Build iOS and Submit to TestFlight	Build for iOS (Local on Runner)	2026-09-29T12:16:36.2412990Z [RUN_FASTLANE] › Compiling react-native-reanimated Pods/RNReanimated » REACSSPlatformProps.mm
Build iOS and Submit to TestFlight	Build for iOS (Local on Runner)	2026-09-29T12:16:36.2527410Z [RUN_FASTLANE] › Compiling react-native-reanimated Pods/RNReanimated » Quaternion.cpp
Build iOS and Submit to TestFlight	Build for iOS (Local on Runner)	2026-09-29T12:16:36.2630580Z [RUN_FASTLANE] › Compiling react-native-reanimated Pods/RNReanimated » PseudoStylesRegistry.cpp
Build iOS and Submit to TestFlight	Build for iOS (Local on Runner)	2026-09-29T12:16:38.5909660Z [RUN_FASTLANE] › Compiling react-native-reanimated Pods/RNReanimated » PropsDiffer.cpp
Build iOS and Submit to TestFlight	Build for iOS (Local on Runner)	2026-09-29T12:16:39.4673450Z [RUN_FASTLANE] › Compiling react-native-reanimated Pods/RNReanimated » PropertyInterpolator.cpp
Build iOS and Submit to TestFlight	Build for iOS (Local on Runner)	2026-09-29T12:16:39.5477320Z [RUN_FASTLANE] › Compiling react-native-reanimated Pods/RNReanimated » PropValueProcessor.cpp
Build iOS and Submit to TestFlight	Build for iOS (Local on Runner)	2026-09-29T12:16:41.5696950Z [RUN_FASTLANE] › Compiling react-native-reanimated Pods/RNReanimated » PlatformDepMethodsHolderImpl.mm
Build iOS and Submit to TestFlight	Build for iOS (Local on Runner)	2026-09-29T12:16:45.1418620Z [RUN_FASTLANE] › Compiling react-native-reanimated Pods/RNReanimated » OperationsStyleInterpolator.cpp
Build iOS and Submit to TestFlight	Build for iOS (Local on Runner)	2026-09-29T12:16:45.1523650Z [RUN_FASTLANE] › Compiling react-native-reanimated Pods/RNReanimated » OperationsLoop.cpp
Build iOS and Submit to TestFlight	Build for iOS (Local on Runner)	2026-09-29T12:16:47.2212220Z [RUN_FASTLANE] › Compiling react-native-reanimated Pods/RNReanimated » NativeProxy.mm
Build iOS and Submit to TestFlight	Build for iOS (Local on Runner)	2026-09-29T12:16:50.2901800Z [RUN_FASTLANE] › Compiling react-native-reanimated Pods/RNReanimated » LayoutAnimationsUtils.cpp
Build iOS and Submit to TestFlight	Build for iOS (Local on Runner)	2026-09-29T12:16:50.2960770Z [RUN_FASTLANE] › Compiling react-native-reanimated Pods/RNReanimated » LayoutAnimationsProxy_Legacy.cpp
Build iOS and Submit to TestFlight	Build for iOS (Local on Runner)	2026-09-29T12:16:56.3383520Z [RUN_FASTLANE] › Compiling react-native-reanimated Pods/RNReanimated » LayoutAnimationsProxy_Experimental.cpp
Build iOS and Submit to TestFlight	Build for iOS (Local on Runner)	2026-09-29T12:17:03.2470390Z [RUN_FASTLANE] › Compiling react-native-reanimated Pods/RNReanimated » LayoutAnimationsProxyCommon.cpp
Build iOS and Submit to TestFlight	Build for iOS (Local on Runner)	2026-09-29T12:17:03.2564530Z [RUN_FASTLANE] › Compiling react-native-reanimated Pods/RNReanimated » LayoutAnimationsManager.cpp
Build iOS and Submit to TestFlight	Build for iOS (Local on Runner)	2026-09-29T12:17:03.8512300Z [RUN_FASTLANE] › Compiling react-native-reanimated Pods/RNReanimated » InterpolatorRegistry.cpp
Build iOS and Submit to TestFlight	Build for iOS (Local on Runner)	2026-09-29T12:17:12.2827640Z [RUN_FASTLANE] › Compiling react-native-reanimated Pods/RNReanimated » InterpolatorFactory.cpp
Build iOS and Submit to TestFlight	Build for iOS (Local on Runner)	2026-09-29T12:17:12.2936800Z [RUN_FASTLANE] › Compiling react-native-reanimated Pods/RNReanimated » GroupPropertiesInterpolator.cpp
Build iOS and Submit to TestFlight	Build for iOS (Local on Runner)	2026-09-29T12:17:12.3039220Z [RUN_FASTLANE] › Compiling react-native-reanimated Pods/RNReanimated » FilterStyleInterpolator.cpp
Build iOS and Submit to TestFlight	Build for iOS (Local on Runner)	2026-09-29T12:17:12.6611190Z [RUN_FASTLANE] › Compiling react-native-reanimated Pods/RNReanimated » FilterOperationInterpolator.cpp
Build iOS and Submit to TestFlight	Build for iOS (Local on Runner)	2026-09-29T12:17:12.8277440Z [RUN_FASTLANE] › Compiling react-native-reanimated Pods/RNReanimated » FilterOperation.cpp
Build iOS and Submit to TestFlight	Build for iOS (Local on Runner)	2026-09-29T12:17:16.5155950Z [RUN_FASTLANE] › Compiling react-native-reanimated Pods/RNReanimated » FilterOp.cpp
Build iOS and Submit to TestFlight	Build for iOS (Local on Runner)	2026-09-29T12:17:16.5258070Z [RUN_FASTLANE] › Compiling react-native-reanimated Pods/RNReanimated » FeatureFlags.cpp
Build iOS and Submit to TestFlight	Build for iOS (Local on Runner)	2026-09-29T12:17:16.5359990Z [RUN_FASTLANE] › Compiling react-native-reanimated Pods/RNReanimated » EasingFunctions.cpp
Build iOS and Submit to TestFlight	Build for iOS (Local on Runner)	2026-09-29T12:17:16.5565870Z [RUN_FASTLANE] › Compiling react-native-reanimated Pods/RNReanimated » EasingConfigs.cpp
Build iOS and Submit to TestFlight	Build for iOS (Local on Runner)	2026-09-29T12:17:16.5590900Z [RUN_FASTLANE] › Compiling react-native-reanimated Pods/RNReanimated » CSSValueVariant.cpp
Build iOS and Submit to TestFlight	Build for iOS (Local on Runner)	2026-09-29T12:17:22.1613410Z [RUN_FASTLANE] › Compiling react-native-reanimated Pods/RNReanimated » CSSTransitionsRegistry.cpp
Build iOS and Submit to TestFlight	Build for iOS (Local on Runner)	2026-09-29T12:17:22.1717180Z [RUN_FASTLANE] › Compiling react-native-reanimated Pods/RNReanimated » CSSTransitionConfig.cpp
Build iOS and Submit to TestFlight	Build for iOS (Local on Runner)	2026-09-29T12:17:22.1820010Z [RUN_FASTLANE] › Compiling react-native-reanimated Pods/RNReanimated » CSSTransition.cpp
Build iOS and Submit to TestFlight	Build for iOS (Local on Runner)	2026-09-29T12:17:22.4682390Z [RUN_FASTLANE] › Compiling react-native-reanimated Pods/RNReanimated » CSSPlatformTransitionProxy.cpp
Build iOS and Submit to TestFlight	Build for iOS (Local on Runner)	2026-09-29T12:17:22.4941250Z [RUN_FASTLANE] › Compiling react-native-reanimated Pods/RNReanimated » CSSNumber.cpp
Build iOS and Submit to TestFlight	Build for iOS (Local on Runner)	2026-09-29T12:17:25.0768970Z [RUN_FASTLANE] › Compiling react-native-reanimated Pods/RNReanimated » CSSLoopTransition.cpp
Build iOS and Submit to TestFlight	Build for iOS (Local on Runner)	2026-09-29T12:17:25.8667110Z [RUN_FASTLANE] › Compiling react-native-reanimated Pods/RNReanimated » CSSLoopAnimation.cpp
Build iOS and Submit to TestFlight	Build for iOS (Local on Runner)	2026-09-29T12:17:25.8768130Z [RUN_FASTLANE] › Compiling react-native-reanimated Pods/RNReanimated » CSSLengthVector.cpp
Build iOS and Submit to TestFlight	Build for iOS (Local on Runner)	2026-09-29T12:17:28.3695000Z [RUN_FASTLANE] › Compiling react-native-reanimated Pods/RNReanimated » CSSLengthArray.cpp
Build iOS and Submit to TestFlight	Build for iOS (Local on Runner)	2026-09-29T12:17:28.6488580Z [RUN_FASTLANE] › Compiling react-native-reanimated Pods/RNReanimated » CSSLength.cpp
Build iOS and Submit to TestFlight	Build for iOS (Local on Runner)	2026-09-29T12:17:28.8155810Z [RUN_FASTLANE] › Compiling react-native-reanimated Pods/RNReanimated » CSSKeyword.cpp
Build iOS and Submit to TestFlight	Build for iOS (Local on Runner)	2026-09-29T12:17:31.5527830Z [RUN_FASTLANE] › Compiling react-native-reanimated Pods/RNReanimated » CSSKeyframesRegistry.cpp
Build iOS and Submit to TestFlight	Build for iOS (Local on Runner)	2026-09-29T12:17:32.1163000Z [RUN_FASTLANE] › Compiling react-native-reanimated Pods/RNReanimated » CSSKeyframesConfig.cpp
Build iOS and Submit to TestFlight	Build for iOS (Local on Runner)	2026-09-29T12:17:32.4381100Z [RUN_FASTLANE] › Compiling react-native-reanimated Pods/RNReanimated » CSSDropShadow.cpp
Build iOS and Submit to TestFlight	Build for iOS (Local on Runner)	2026-09-29T12:17:34.8003860Z [RUN_FASTLANE] › Compiling react-native-reanimated Pods/RNReanimated » CSSDiscreteArray.cpp
Build iOS and Submit to TestFlight	Build for iOS (Local on Runner)	2026-09-29T12:17:35.1575440Z [RUN_FASTLANE] › Compiling react-native-reanimated Pods/RNReanimated » CSSColor.cpp
Build iOS and Submit to TestFlight	Build for iOS (Local on Runner)	2026-09-29T12:17:35.2856850Z [RUN_FASTLANE] › Compiling react-native-reanimated Pods/RNReanimated » CSSBoxShadow.cpp
Build iOS and Submit to TestFlight	Build for iOS (Local on Runner)	2026-09-29T12:17:37.9148160Z [RUN_FASTLANE] › Compiling react-native-reanimated Pods/RNReanimated » CSSBoolean.cpp
Build iOS and Submit to TestFlight	Build for iOS (Local on Runner)	2026-09-29T12:17:37.9946740Z [RUN_FASTLANE] › Compiling react-native-reanimated Pods/RNReanimated » CSSAnimationsRegistry.cpp
Build iOS and Submit to TestFlight	Build for iOS (Local on Runner)	2026-09-29T12:17:39.0046270Z [RUN_FASTLANE] › Compiling react-native-reanimated Pods/RNReanimated » CSSAnimationsGroup.cpp
Build iOS and Submit to TestFlight	Build for iOS (Local on Runner)	2026-09-29T12:17:40.6742980Z [RUN_FASTLANE] › Compiling react-native-reanimated Pods/RNReanimated » CSSAnimationConfig.cpp
Build iOS and Submit to TestFlight	Build for iOS (Local on Runner)	2026-09-29T12:17:40.9533330Z [RUN_FASTLANE] › Compiling react-native-reanimated Pods/RNReanimated » CSSAnimation.cpp
Build iOS and Submit to TestFlight	Build for iOS (Local on Runner)	2026-09-29T12:17:41.6515880Z [RUN_FASTLANE] › Compiling react-native-reanimated Pods/RNReanimated » CSSAngle.cpp
Build iOS and Submit to TestFlight	Build for iOS (Local on Runner)	2026-09-29T12:17:44.8089390Z [RUN_FASTLANE] › Compiling react-native-reanimated Pods/RNReanimated » ArrayPropertiesInterpolator.cpp
Build iOS and Submit to TestFlight	Build for iOS (Local on Runner)	2026-09-29T12:17:44.8203590Z [RUN_FASTLANE] › Compiling react-native-reanimated Pods/RNReanimated » AnimationStyleInterpolatorFactory.cpp
Build iOS and Submit to TestFlight	Build for iOS (Local on Runner)	2026-09-29T12:17:44.9680130Z [RUN_FASTLANE] › Compiling react-native-reanimated Pods/RNReanimated » AnimationStyleInterpolator.cpp
Build iOS and Submit to TestFlight	Build for iOS (Local on Runner)	2026-09-29T12:17:47.1073890Z [RUN_FASTLANE] › Compiling react-native-reanimated Pods/RNReanimated » AnimationProgressProvider.cpp
Build iOS and Submit to TestFlight	Build for iOS (Local on Runner)	2026-09-29T12:17:47.5982280Z [RUN_FASTLANE] › Compiling react-native-reanimated Pods/RNReanimated » AnimatedSensorModule.cpp
Build iOS and Submit to TestFlight	Build for iOS (Local on Runner)	2026-09-29T12:17:48.1231220Z [RUN_FASTLANE] › Compiling react-native-reanimated Pods/RNReanimated » AnimatedPropsRegistry.cpp
Build iOS and Submit to TestFlight	Build for iOS (Local on Runner)	2026-09-29T12:17:51.3215060Z [RUN_FASTLANE] › Compiling @react-native-async-storage/async-storage Pods/RNCAsyncStorage » RNCAsyncStorage.mm
Build iOS and Submit to TestFlight	Build for iOS (Local on Runner)	2026-09-29T12:17:51.3317380Z [RUN_FASTLANE] › Compiling react-native-worklets Pods/RNWorklets » RNWorklets-dummy.m
Build iOS and Submit to TestFlight	Build for iOS (Local on Runner)	2026-09-29T12:17:51.3449300Z [RUN_FASTLANE] › Packaging react-native-worklets Pods/RNWorklets » libRNWorklets.a
Build iOS and Submit to TestFlight	Build for iOS (Local on Runner)	2026-09-29T12:17:52.2020170Z [RUN_FASTLANE] › Compiling @react-native-async-storage/async-storage Pods/RNCAsyncStorage » RNCAsyncStorage-dummy.m
Build iOS and Submit to TestFlight	Build for iOS (Local on Runner)	2026-09-29T12:17:52.5970030Z [RUN_FASTLANE] › Packaging @react-native-async-storage/async-storage Pods/RNCAsyncStorage » libRNCAsyncStorage.a
Build iOS and Submit to TestFlight	Build for iOS (Local on Runner)	2026-09-29T12:17:52.6426300Z [RUN_FASTLANE] › Compiling react-native-svg Pods/RNSVG » RNSVG-dummy.m
Build iOS and Submit to TestFlight	Build for iOS (Local on Runner)	2026-09-29T12:17:52.6853900Z [RUN_FASTLANE] › Packaging react-native-svg Pods/RNSVG » libRNSVG.a
Build iOS and Submit to TestFlight	Build for iOS (Local on Runner)	2026-09-29T12:17:53.3019740Z [RUN_FASTLANE] › Compiling react-native-screens Pods/RNScreens » UIWindow+RNScreens.mm
Build iOS and Submit to TestFlight	Build for iOS (Local on Runner)	2026-09-29T12:17:56.1425390Z [RUN_FASTLANE] › Compiling react-native-screens Pods/RNScreens » UIViewController+RNScreens.mm
Build iOS and Submit to TestFlight	Build for iOS (Local on Runner)	2026-09-29T12:17:56.8477680Z [RUN_FASTLANE] › Compiling react-native-screens Pods/RNScreens » UIView+RNSUtility.mm
Build iOS and Submit to TestFlight	Build for iOS (Local on Runner)	2026-09-29T12:17:56.8579740Z [RUN_FASTLANE] › Compiling react-native-screens Pods/RNScreens » UIScrollView+RNScreens.mm
Build iOS and Submit to TestFlight	Build for iOS (Local on Runner)	2026-09-29T12:17:57.1226100Z [RUN_FASTLANE] › Compiling react-native-screens Pods/RNScreens » UINavigationBar+RNSUtility.mm
Build iOS and Submit to TestFlight	Build for iOS (Local on Runner)	2026-09-29T12:17:57.1529020Z [RUN_FASTLANE] › Compiling react-native-screens Pods/RNScreens » RNScreensTurboModule.cpp
Build iOS and Submit to TestFlight	Build for iOS (Local on Runner)	2026-09-29T12:17:57.8729430Z [RUN_FASTLANE] › Compiling react-native-screens Pods/RNScreens » RNSTabsScreenViewController.mm
Build iOS and Submit to TestFlight	Build for iOS (Local on Runner)	2026-09-29T12:17:59.7465170Z [RUN_FASTLANE] › Compiling react-native-screens Pods/RNScreens » RNSTabsScreenEventEmitter.mm
Build iOS and Submit to TestFlight	Build for iOS (Local on Runner)	2026-09-29T12:17:59.7604280Z [RUN_FASTLANE] › Compiling react-native-screens Pods/RNScreens » RNSTabsScreenComponentView.mm
Build iOS and Submit to TestFlight	Build for iOS (Local on Runner)	2026-09-29T12:18:03.1758620Z [RUN_FASTLANE] › Compiling react-native-screens Pods/RNScreens » RNSTabsNavigationStateObserverRegistry.mm
Build iOS and Submit to TestFlight	Build for iOS (Local on Runner)	2026-09-29T12:18:03.7649080Z [RUN_FASTLANE] › Compiling react-native-screens Pods/RNScreens » RNSTabsNavigationState.mm
Build iOS and Submit to TestFlight	Build for iOS (Local on Runner)	2026-09-29T12:18:03.7751480Z [RUN_FASTLANE] › Compiling react-native-screens Pods/RNScreens » RNSTabsHostState.cpp
Build iOS and Submit to TestFlight	Build for iOS (Local on Runner)	2026-09-29T12:18:04.8207100Z [RUN_FASTLANE] › Compiling react-native-screens Pods/RNScreens » RNSTabsHostShadowNode.cpp
Build iOS and Submit to TestFlight	Build for iOS (Local on Runner)	2026-09-29T12:18:09.1433190Z [RUN_FASTLANE] › Compiling react-native-screens Pods/RNScreens » RNSTabsHostEventEmitter.mm
Build iOS and Submit to TestFlight	Build for iOS (Local on Runner)	2026-09-29T12:18:11.0052370Z [RUN_FASTLANE] › Compiling react-native-screens Pods/RNScreens » RNSTabsHostComponentView.mm
Build iOS and Submit to TestFlight	Build for iOS (Local on Runner)	2026-09-29T12:18:12.7172590Z [RUN_FASTLANE] › Compiling react-native-screens Pods/RNScreens » RNSTabsHostComponentView+RNSImageLoader.mm
Build iOS and Submit to TestFlight	Build for iOS (Local on Runner)	2026-09-29T12:18:14.3675340Z [RUN_FASTLANE] › Compiling react-native-screens Pods/RNScreens » RNSTabsBottomAccessoryShadowStateProxy.mm
Build iOS and Submit to TestFlight	Build for iOS (Local on Runner)	2026-09-29T12:18:15.9519380Z [RUN_FASTLANE] › Compiling react-native-screens Pods/RNScreens » RNSTabsBottomAccessoryShadowNode.cpp
Build iOS and Submit to TestFlight	Build for iOS (Local on Runner)	2026-09-29T12:18:16.6810380Z [RUN_FASTLANE] › Compiling react-native-screens Pods/RNScreens » RNSTabsBottomAccessoryHelper.mm
Build iOS and Submit to TestFlight	Build for iOS (Local on Runner)	2026-09-29T12:18:18.5575740Z [RUN_FASTLANE] › Compiling react-native-screens Pods/RNScreens » RNSTabsBottomAccessoryEventEmitter.mm
Build iOS and Submit to TestFlight	Build for iOS (Local on Runner)	2026-09-29T12:18:19.5078130Z [RUN_FASTLANE] › Compiling react-native-screens Pods/RNScreens » RNSTabsBottomAccessoryContentComponentView.mm
Build iOS and Submit to TestFlight	Build for iOS (Local on Runner)	2026-09-29T12:18:21.1327780Z [RUN_FASTLANE] › Compiling react-native-screens Pods/RNScreens » RNSTabsBottomAccessoryComponentView.mm
Build iOS and Submit to TestFlight	Build for iOS (Local on Runner)	2026-09-29T12:18:23.1562990Z [RUN_FASTLANE] › Compiling react-native-screens Pods/RNScreens » RNSTabBarController.mm
Build iOS and Submit to TestFlight	Build for iOS (Local on Runner)	2026-09-29T12:18:23.1665360Z [RUN_FASTLANE] › Compiling react-native-screens Pods/RNScreens » RNSTabBarAppearanceCoordinator.mm
Build iOS and Submit to TestFlight	Build for iOS (Local on Runner)	2026-09-29T12:18:25.2733480Z [RUN_FASTLANE] › Compiling react-native-screens Pods/RNScreens » RNSStackScreenState.cpp
Build iOS and Submit to TestFlight	Build for iOS (Local on Runner)	2026-09-29T12:18:25.2835580Z [RUN_FASTLANE] › Compiling react-native-screens Pods/RNScreens » RNSStackScreenShadowNode.cpp
Build iOS and Submit to TestFlight	Build for iOS (Local on Runner)	2026-09-29T12:18:26.4892250Z [RUN_FASTLANE] › Compiling react-native-screens Pods/RNScreens » RNSStackHeaderSubviewState.cpp
Build iOS and Submit to TestFlight	Build for iOS (Local on Runner)	2026-09-29T12:18:26.4994170Z [RUN_FASTLANE] › Compiling react-native-screens Pods/RNScreens » RNSStackHeaderSubviewShadowNode.cpp
Build iOS and Submit to TestFlight	Build for iOS (Local on Runner)	2026-09-29T12:18:28.7671520Z [RUN_FASTLANE] › Compiling react-native-screens Pods/RNScreens » RNSStackHeaderItemState.cpp
Build iOS and Submit to TestFlight	Build for iOS (Local on Runner)	2026-09-29T12:18:28.7795050Z [RUN_FASTLANE] › Compiling react-native-screens Pods/RNScreens » RNSStackHeaderItemShadowNode.cpp
Build iOS and Submit to TestFlight	Build for iOS (Local on Runner)	2026-09-29T12:18:30.0914480Z [RUN_FASTLANE] › Compiling react-native-screens Pods/RNScreens » RNSStackHeaderConfigState.cpp
Build iOS and Submit to TestFlight	Build for iOS (Local on Runner)	2026-09-29T12:18:30.3617410Z [RUN_FASTLANE] › Compiling react-native-screens Pods/RNScreens » RNSStackHeaderConfigShadowNode.cpp
Build iOS and Submit to TestFlight	Build for iOS (Local on Runner)	2026-09-29T12:18:31.3407870Z [RUN_FASTLANE] › Compiling react-native-screens Pods/RNScreens » RNSSplitScreenShadowNode.cpp
Build iOS and Submit to TestFlight	Build for iOS (Local on Runner)	2026-09-29T12:18:33.1337290Z [RUN_FASTLANE] › Compiling react-native-screens Pods/RNScreens » RNSSearchBar.mm
Build iOS and Submit to TestFlight	Build for iOS (Local on Runner)	2026-09-29T12:18:34.9921410Z [RUN_FASTLANE] › Compiling react-native-screens Pods/RNScreens » RNSScrollViewHelper.mm
Build iOS and Submit to TestFlight	Build for iOS (Local on Runner)	2026-09-29T12:18:35.0062400Z [RUN_FASTLANE] › Compiling react-native-screens Pods/RNScreens » RNSScrollViewFinder.mm
Build iOS and Submit to TestFlight	Build for iOS (Local on Runner)	2026-09-29T12:18:35.0196670Z [RUN_FASTLANE] › Compiling react-native-screens Pods/RNScreens » RNSScrollEdgeEffectApplicator.mm
Build iOS and Submit to TestFlight	Build for iOS (Local on Runner)	2026-09-29T12:18:35.0302570Z [RUN_FASTLANE] › Compiling react-native-screens Pods/RNScreens » RNSScreenWindowTraits.mm
Build iOS and Submit to TestFlight	Build for iOS (Local on Runner)	2026-09-29T12:18:36.9363050Z [RUN_FASTLANE] › Compiling react-native-screens Pods/RNScreens » RNSScreenViewEvent.mm
Build iOS and Submit to TestFlight	Build for iOS (Local on Runner)	2026-09-29T12:18:36.9461320Z [RUN_FASTLANE] › Compiling react-native-screens Pods/RNScreens » RNSScreenState.cpp
Build iOS and Submit to TestFlight	Build for iOS (Local on Runner)	2026-09-29T12:18:37.8487940Z [RUN_FASTLANE] › Compiling react-native-screens Pods/RNScreens » RNSScreenStackHeaderSubviewState.cpp
Build iOS and Submit to TestFlight	Build for iOS (Local on Runner)	2026-09-29T12:18:38.0795150Z [RUN_FASTLANE] › Compiling react-native-screens Pods/RNScreens » RNSScreenStackHeaderSubviewShadowNode.cpp
Build iOS and Submit to TestFlight	Build for iOS (Local on Runner)	2026-09-29T12:18:41.2076810Z [RUN_FASTLANE] › Compiling react-native-screens Pods/RNScreens » RNSScreenStackHeaderSubview.mm
Build iOS and Submit to TestFlight	Build for iOS (Local on Runner)	2026-09-29T12:18:43.5567720Z [RUN_FASTLANE] › Compiling react-native-screens Pods/RNScreens » RNSScreenStackHeaderConfigState.cpp
Build iOS and Submit to TestFlight	Build for iOS (Local on Runner)	2026-09-29T12:18:43.5669940Z [RUN_FASTLANE] › Compiling react-native-screens Pods/RNScreens » RNSScreenStackHeaderConfigShadowNode.cpp
Build iOS and Submit to TestFlight	Build for iOS (Local on Runner)	2026-09-29T12:18:45.0046850Z [RUN_FASTLANE] › Compiling react-native-screens Pods/RNScreens » RNSScreenStackHeaderConfig.mm
Build iOS and Submit to TestFlight	Build for iOS (Local on Runner)	2026-09-29T12:18:46.6574210Z [RUN_FASTLANE] › Compiling react-native-screens Pods/RNScreens » RNSScreenStackAnimator.mm
Build iOS and Submit to TestFlight	Build for iOS (Local on Runner)	2026-09-29T12:18:46.6677780Z [RUN_FASTLANE] › Compiling react-native-screens Pods/RNScreens » RNSScreenStack.mm
Build iOS and Submit to TestFlight	Build for iOS (Local on Runner)	2026-09-29T12:18:49.5926260Z [RUN_FASTLANE] › Compiling react-native-screens Pods/RNScreens » RNSScreenShadowNodeCommitHook.cpp
Build iOS and Submit to TestFlight	Build for iOS (Local on Runner)	2026-09-29T12:18:49.6060890Z [RUN_FASTLANE] › Compiling react-native-screens Pods/RNScreens » RNSScreenShadowNode.cpp
Build iOS and Submit to TestFlight	Build for iOS (Local on Runner)	2026-09-29T12:18:49.8861330Z [RUN_FASTLANE] › Compiling react-native-screens Pods/RNScreens » RNSScreenRemovalListener.cpp
Build iOS and Submit to TestFlight	Build for iOS (Local on Runner)	2026-09-29T12:18:49.8862630Z [RUN_FASTLANE] › Compiling react-native-screens Pods/RNScreens » RNSScreenNavigationContainer.mm
Build iOS and Submit to TestFlight	Build for iOS (Local on Runner)	2026-09-29T12:18:53.8416040Z [RUN_FASTLANE] › Compiling react-native-screens Pods/RNScreens » RNSScreenFooter.mm
Build iOS and Submit to TestFlight	Build for iOS (Local on Runner)	2026-09-29T12:18:54.7522570Z [RUN_FASTLANE] › Compiling react-native-screens Pods/RNScreens » RNSScreenContentWrapper.mm
Build iOS and Submit to TestFlight	Build for iOS (Local on Runner)	2026-09-29T12:18:55.3463340Z [RUN_FASTLANE] › Compiling react-native-screens Pods/RNScreens » RNSScreenContainer.mm
Build iOS and Submit to TestFlight	Build for iOS (Local on Runner)	2026-09-29T12:18:58.6373180Z [RUN_FASTLANE] › Compiling react-native-screens Pods/RNScreens » RNSScreen.mm
Build iOS and Submit to TestFlight	Build for iOS (Local on Runner)	2026-09-29T12:19:00.1468880Z [RUN_FASTLANE] › Compiling react-native-screens Pods/RNScreens » RNSSafeAreaViewState.cpp
Build iOS and Submit to TestFlight	Build for iOS (Local on Runner)	2026-09-29T12:19:00.1584030Z [RUN_FASTLANE] › Compiling react-native-screens Pods/RNScreens » RNSSafeAreaViewShadowNode.cpp
Build iOS and Submit to TestFlight	Build for iOS (Local on Runner)	2026-09-29T12:19:03.4912540Z [RUN_FASTLANE] › Compiling react-native-screens Pods/RNScreens » RNSSafeAreaViewComponentView.mm
Build iOS and Submit to TestFlight	Build for iOS (Local on Runner)	2026-09-29T12:19:04.3654130Z [RUN_FASTLANE] › Compiling react-native-screens Pods/RNScreens » RNSReactBaseView.mm
Build iOS and Submit to TestFlight	Build for iOS (Local on Runner)	2026-09-29T12:19:04.3765530Z [RUN_FASTLANE] › Compiling react-native-screens Pods/RNScreens » RNSPercentDrivenInteractiveTransition.mm
Build iOS and Submit to TestFlight	Build for iOS (Local on Runner)	2026-09-29T12:19:08.5417930Z [RUN_FASTLANE] › Compiling react-native-screens Pods/RNScreens » RNSParentContainerItemRegistry.mm
Build iOS and Submit to TestFlight	Build for iOS (Local on Runner)	2026-09-29T12:19:08.5515930Z [RUN_FASTLANE] › Compiling react-native-screens Pods/RNScreens » RNSModule.mm
Build iOS and Submit to TestFlight	Build for iOS (Local on Runner)	2026-09-29T12:19:09.4295800Z [RUN_FASTLANE] › Compiling react-native-screens Pods/RNScreens » RNSModalScreenShadowNode.cpp
Build iOS and Submit to TestFlight	Build for iOS (Local on Runner)	2026-09-29T12:19:10.3460400Z [RUN_FASTLANE] › Compiling react-native-screens Pods/RNScreens » RNSModalScreen.mm
Build iOS and Submit to TestFlight	Build for iOS (Local on Runner)	2026-09-29T12:19:13.8830110Z [RUN_FASTLANE] › Compiling react-native-screens Pods/RNScreens » RNSImageLoadingHelper.mm
Build iOS and Submit to TestFlight	Build for iOS (Local on Runner)	2026-09-29T12:19:13.8931410Z [RUN_FASTLANE] › Compiling react-native-screens Pods/RNScreens » RNSHeaderHeightChangeEvent.mm
Build iOS and Submit to TestFlight	Build for iOS (Local on Runner)	2026-09-29T12:19:13.9035510Z [RUN_FASTLANE] › Compiling react-native-screens Pods/RNScreens » RNSGammaStubs.mm
Build iOS and Submit to TestFlight	Build for iOS (Local on Runner)	2026-09-29T12:19:13.9137910Z [RUN_FASTLANE] › Compiling react-native-screens Pods/RNScreens » RNSFullWindowOverlayShadowNode.cpp
Build iOS and Submit to TestFlight	Build for iOS (Local on Runner)	2026-09-29T12:19:14.5670970Z [RUN_FASTLANE] › Compiling react-native-screens Pods/RNScreens » RNSFullWindowOverlay.mm
Build iOS and Submit to TestFlight	Build for iOS (Local on Runner)	2026-09-29T12:19:17.9402060Z [RUN_FASTLANE] › Compiling react-native-screens Pods/RNScreens » RNSFormSheetHostState.cpp
Build iOS and Submit to TestFlight	Build for iOS (Local on Runner)	2026-09-29T12:19:17.9519150Z [RUN_FASTLANE] › Compiling react-native-screens Pods/RNScreens » RNSFormSheetHostShadowNode.cpp
Build iOS and Submit to TestFlight	Build for iOS (Local on Runner)	2026-09-29T12:19:22.0786530Z [RUN_FASTLANE] › Compiling react-native-screens Pods/RNScreens » RNSConvert.mm
Build iOS and Submit to TestFlight	Build for iOS (Local on Runner)	2026-09-29T12:19:22.7655340Z [RUN_FASTLANE] › Compiling react-native-screens Pods/RNScreens » RNSConversions.mm
Build iOS and Submit to TestFlight	Build for iOS (Local on Runner)	2026-09-29T12:19:23.9133070Z [RUN_FASTLANE] › Compiling react-native-screens Pods/RNScreens » RNSConversions-Tabs.mm
Build iOS and Submit to TestFlight	Build for iOS (Local on Runner)	2026-09-29T12:19:25.6997240Z [RUN_FASTLANE] › Compiling react-native-screens Pods/RNScreens » RNSConversions-Stack.mm
Build iOS and Submit to TestFlight	Build for iOS (Local on Runner)	2026-09-29T12:19:25.7098730Z [RUN_FASTLANE] › Compiling react-native-screens Pods/RNScreens » RNSConversions-SplitView.mm
Build iOS and Submit to TestFlight	Build for iOS (Local on Runner)	2026-09-29T12:19:26.5453420Z [RUN_FASTLANE] › Compiling react-native-screens Pods/RNScreens » RNSConversions-ScrollViewMarker.mm
Build iOS and Submit to TestFlight	Build for iOS (Local on Runner)	2026-09-29T12:19:26.5555380Z [RUN_FASTLANE] › Compiling react-native-screens Pods/RNScreens » RNSConversions-Fabric.mm
Build iOS and Submit to TestFlight	Build for iOS (Local on Runner)	2026-09-29T12:19:27.6910440Z [RUN_FASTLANE] › Compiling react-native-screens Pods/RNScreens » RNSContainerItemSupport.mm
Build iOS and Submit to TestFlight	Build for iOS (Local on Runner)	2026-09-29T12:19:27.7015910Z [RUN_FASTLANE] › Compiling react-native-screens Pods/RNScreens » RNSContainerHelpers.mm
Build iOS and Submit to TestFlight	Build for iOS (Local on Runner)	2026-09-29T12:19:27.7126090Z [RUN_FASTLANE] › Compiling react-native-screens Pods/RNScreens » RNSBarButtonItem.mm
Build iOS and Submit to TestFlight	Build for iOS (Local on Runner)	2026-09-29T12:19:27.7254650Z [RUN_FASTLANE] › Compiling react-native-screens Pods/RNScreens » RNSBackBarButtonItem.mm
Build iOS and Submit to TestFlight	Build for iOS (Local on Runner)	2026-09-29T12:19:27.7361060Z [RUN_FASTLANE] › Compiling react-native-screens Pods/RNScreens » RCTSurfaceTouchHandler+RNSUtility.mm
Build iOS and Submit to TestFlight	Build for iOS (Local on Runner)	2026-09-29T12:19:27.9274120Z [RUN_FASTLANE] › Compiling react-native-screens Pods/RNScreens » RCTImageComponentView+RNSScreenStackHeaderConfig.mm
Build iOS and Submit to TestFlight	Build for iOS (Local on Runner)	2026-09-29T12:19:31.3262380Z [RUN_FASTLANE] › Compiling react-native-screens Pods/RNScreens » RCTConvert+RNSTabs.mm
Build iOS and Submit to TestFlight	Build for iOS (Local on Runner)	2026-09-29T12:19:31.3358400Z [RUN_FASTLANE] › Compiling react-native-screens Pods/RNScreens » NSString+RNSUtility.mm
Build iOS and Submit to TestFlight	Build for iOS (Local on Runner)	2026-09-29T12:19:31.3460730Z [RUN_FASTLANE] › Compiling react-native-reanimated Pods/RNReanimated » ReanimatedSensorContainer.m
Build iOS and Submit to TestFlight	Build for iOS (Local on Runner)	2026-09-29T12:19:31.3562990Z [RUN_FASTLANE] › Compiling react-native-reanimated Pods/RNReanimated » ReanimatedSensor.m
Build iOS and Submit to TestFlight	Build for iOS (Local on Runner)	2026-09-29T12:19:31.3675920Z [RUN_FASTLANE] › Compiling react-native-reanimated Pods/RNReanimated » RCTUIView+Reanimated.m
Build iOS and Submit to TestFlight	Build for iOS (Local on Runner)	2026-09-29T12:19:31.3863430Z [RUN_FASTLANE] › Compiling react-native-screens Pods/RNScreens » RNScreens-dummy.m
Build iOS and Submit to TestFlight	Build for iOS (Local on Runner)	2026-09-29T12:20:08.0108730Z [RUN_FASTLANE] › Compiling react-native-reanimated Pods/RNReanimated » RNReanimated-dummy.m
Build iOS and Submit to TestFlight	Build for iOS (Local on Runner)	2026-09-29T12:20:08.0140580Z [RUN_FASTLANE] › Packaging react-native-reanimated Pods/RNReanimated » libRNReanimated.a
Build iOS and Submit to TestFlight	Build for iOS (Local on Runner)	2026-09-29T12:20:08.0297170Z [RUN_FASTLANE] › Packaging react-native-screens Pods/RNScreens » libRNScreens.a
Build iOS and Submit to TestFlight	Build for iOS (Local on Runner)	2026-09-29T12:20:08.0382030Z [RUN_FASTLANE] › Executing react-native-screens Pods/RNScreens » Copy generated compatibility header
Build iOS and Submit to TestFlight	Build for iOS (Local on Runner)	2026-09-29T12:20:08.0515340Z [RUN_FASTLANE] › Compiling expo-modules-core Pods/ExpoModulesCore » SwiftUIVirtualViewObjCDev.mm
Build iOS and Submit to TestFlight	Build for iOS (Local on Runner)	2026-09-29T12:20:14.1063190Z [RUN_FASTLANE] › Compiling expo-modules-core Pods/ExpoModulesCore » TypedArray.cpp
Build iOS and Submit to TestFlight	Build for iOS (Local on Runner)	2026-09-29T12:20:14.1166710Z [RUN_FASTLANE] › Compiling expo-modules-core Pods/ExpoModulesCore » SwiftUIVirtualViewObjC.mm
Build iOS and Submit to TestFlight	Build for iOS (Local on Runner)	2026-09-29T12:20:14.1578750Z [RUN_FASTLANE] › Compiling expo-modules-core Pods/ExpoModulesCore » SharedRef.cpp
Build iOS and Submit to TestFlight	Build for iOS (Local on Runner)	2026-09-29T12:20:14.1680660Z [RUN_FASTLANE] › Compiling expo-modules-core Pods/ExpoModulesCore » SharedObject.cpp
Build iOS and Submit to TestFlight	Build for iOS (Local on Runner)	2026-09-29T12:20:14.1783840Z [RUN_FASTLANE] › Compiling expo-modules-core Pods/ExpoModulesCore » ObjectDeallocator.cpp
Build iOS and Submit to TestFlight	Build for iOS (Local on Runner)	2026-09-29T12:20:14.1798640Z [RUN_FASTLANE] › Compiling expo-modules-core Pods/ExpoModulesCore » NativeModule.cpp
Build iOS and Submit to TestFlight	Build for iOS (Local on Runner)	2026-09-29T12:20:14.3347700Z [RUN_FASTLANE] › Compiling expo-modules-core Pods/ExpoModulesCore » MemoryBuffer.cpp
Build iOS and Submit to TestFlight	Build for iOS (Local on Runner)	2026-09-29T12:20:14.9830410Z [RUN_FASTLANE] › Compiling expo-modules-core Pods/ExpoModulesCore » LazyObject.cpp
Build iOS and Submit to TestFlight	Build for iOS (Local on Runner)	2026-09-29T12:20:15.0325530Z [RUN_FASTLANE] › Compiling expo-modules-core Pods/ExpoModulesCore » JSIUtils.cpp
Build iOS and Submit to TestFlight	Build for iOS (Local on Runner)	2026-09-29T12:20:15.6770990Z [RUN_FASTLANE] › Compiling expo-modules-core Pods/ExpoModulesCore » ExpoViewState.cpp
Build iOS and Submit to TestFlight	Build for iOS (Local on Runner)	2026-09-29T12:20:15.6807660Z [RUN_FASTLANE] › Compiling expo-modules-core Pods/ExpoModulesCore » ExpoViewShadowNode.cpp
Build iOS and Submit to TestFlight	Build for iOS (Local on Runner)	2026-09-29T12:20:17.5873210Z [RUN_FASTLANE] › Compiling expo-modules-core Pods/ExpoModulesCore » ExpoViewProps.cpp
Build iOS and Submit to TestFlight	Build for iOS (Local on Runner)	2026-09-29T12:20:18.7211560Z [RUN_FASTLANE] › Compiling expo-modules-core Pods/ExpoModulesCore » ExpoViewEventEmitter.cpp
Build iOS and Submit to TestFlight	Build for iOS (Local on Runner)	2026-09-29T12:20:18.7309870Z [RUN_FASTLANE] › Compiling expo-modules-core Pods/ExpoModulesCore » ExpoFabricViewObjC.mm
Build iOS and Submit to TestFlight	Build for iOS (Local on Runner)	2026-09-29T12:20:23.0266120Z [RUN_FASTLANE] › Compiling expo-modules-core Pods/ExpoModulesCore » EventEmitter.cpp
Build iOS and Submit to TestFlight	Build for iOS (Local on Runner)	2026-09-29T12:20:23.0377250Z [RUN_FASTLANE] › Compiling expo-modules-core Pods/ExpoModulesCore » EXSharedObjectUtils.mm
Build iOS and Submit to TestFlight	Build for iOS (Local on Runner)	2026-09-29T12:20:23.0482590Z [RUN_FASTLANE] › Compiling expo-modules-core Pods/ExpoModulesCore » EXReactSchedulerDispatch.mm
Build iOS and Submit to TestFlight	Build for iOS (Local on Runner)	2026-09-29T12:20:23.0586200Z [RUN_FASTLANE] › Compiling expo-modules-core Pods/ExpoModulesCore » EXReactNativeAdapter.mm
Build iOS and Submit to TestFlight	Build for iOS (Local on Runner)	2026-09-29T12:20:24.1326290Z [RUN_FASTLANE] › Compiling expo-modules-core Pods/ExpoModulesCore » EXReactDelegateWrapper.mm
Build iOS and Submit to TestFlight	Build for iOS (Local on Runner)	2026-09-29T12:20:24.1423310Z [RUN_FASTLANE] › Compiling expo-modules-core Pods/ExpoModulesCore » EXOptimizedFunctionUtils.mm
Build iOS and Submit to TestFlight	Build for iOS (Local on Runner)	2026-09-29T12:20:27.9208910Z [RUN_FASTLANE] › Compiling expo-modules-core Pods/ExpoModulesCore » EXJSUtils.mm
Build iOS and Submit to TestFlight	Build for iOS (Local on Runner)	2026-09-29T12:20:27.9313840Z [RUN_FASTLANE] › Compiling expo-modules-core Pods/ExpoModulesCore » EXJSIInstaller.mm
Build iOS and Submit to TestFlight	Build for iOS (Local on Runner)	2026-09-29T12:20:29.0476910Z [RUN_FASTLANE] › Compiling expo-modules-core Pods/ExpoModulesCore » EXJSIConversions.mm
Build iOS and Submit to TestFlight	Build for iOS (Local on Runner)	2026-09-29T12:20:29.0574190Z [RUN_FASTLANE] › Compiling expo-modules-core Pods/ExpoModulesCore » EXHostWrapper.mm
Build iOS and Submit to TestFlight	Build for iOS (Local on Runner)	2026-09-29T12:20:35.6447310Z [RUN_FASTLANE] › Compiling expo-modules-core Pods/ExpoModulesCore » EXContentOriginRegistry.mm
Build iOS and Submit to TestFlight	Build for iOS (Local on Runner)	2026-09-29T12:20:35.6955750Z [RUN_FASTLANE] › Compiling expo-modules-core Pods/ExpoModulesCore » ExpoModulesCore-dummy.m
Build iOS and Submit to TestFlight	Build for iOS (Local on Runner)	2026-09-29T12:20:35.6972170Z [RUN_FASTLANE] › Compiling expo-modules-core Pods/ExpoModulesCore » EXUtilities.m
Build iOS and Submit to TestFlight	Build for iOS (Local on Runner)	2026-09-29T12:20:35.6976050Z [RUN_FASTLANE] › Compiling expo-modules-core Pods/ExpoModulesCore » EXSingletonModule.m
Build iOS and Submit to TestFlight	Build for iOS (Local on Runner)	2026-09-29T12:20:35.7133940Z [RUN_FASTLANE] › Compiling expo-modules-core Pods/ExpoModulesCore » EXReactNativeUserNotificationCenterProxy.m
Build iOS and Submit to TestFlight	Build for iOS (Local on Runner)	2026-09-29T12:20:35.7134790Z [RUN_FASTLANE] › Compiling expo-modules-core Pods/ExpoModulesCore » EXPermissionsService.m
Build iOS and Submit to TestFlight	Build for iOS (Local on Runner)	2026-09-29T12:20:35.7135670Z [RUN_FASTLANE] › Compiling expo-modules-core Pods/ExpoModulesCore » EXPermissionsMethodsDelegate.m
Build iOS and Submit to TestFlight	Build for iOS (Local on Runner)	2026-09-29T12:20:35.7136540Z [RUN_FASTLANE] › Compiling expo-modules-core Pods/ExpoModulesCore » EXModuleRegistryProvider.m
Build iOS and Submit to TestFlight	Build for iOS (Local on Runner)	2026-09-29T12:20:35.7449460Z [RUN_FASTLANE] › Compiling expo-modules-core Pods/ExpoModulesCore » EXModuleRegistryAdapter.m
Build iOS and Submit to TestFlight	Build for iOS (Local on Runner)	2026-09-29T12:20:35.7509030Z [RUN_FASTLANE] › Compiling expo-modules-core Pods/ExpoModulesCore » EXModuleRegistry.m
Build iOS and Submit to TestFlight	Build for iOS (Local on Runner)	2026-09-29T12:20:35.7509950Z [RUN_FASTLANE] › Compiling expo-modules-core Pods/ExpoModulesCore » EXImageLoader.m
Build iOS and Submit to TestFlight	Build for iOS (Local on Runner)	2026-09-29T12:20:35.7511610Z [RUN_FASTLANE] › Compiling expo-modules-core Pods/ExpoModulesCore » EXExportedModule.m
Build iOS and Submit to TestFlight	Build for iOS (Local on Runner)	2026-09-29T12:20:35.7512410Z [RUN_FASTLANE] › Compiling expo-modules-core Pods/ExpoModulesCore » EXAppDefines.m
Build iOS and Submit to TestFlight	Build for iOS (Local on Runner)	2026-09-29T12:20:35.7513160Z [RUN_FASTLANE] › Compiling expo-modules-core Pods/ExpoModulesCore » CoreModuleHelper.m
Build iOS and Submit to TestFlight	Build for iOS (Local on Runner)	2026-09-29T12:20:35.7513900Z [RUN_FASTLANE] › Packaging expo-modules-core Pods/ExpoModulesCore » libExpoModulesCore.a
Build iOS and Submit to TestFlight	Build for iOS (Local on Runner)	2026-09-29T12:20:35.9046840Z [RUN_FASTLANE] › Executing expo-modules-core Pods/ExpoModulesCore » Copy generated compatibility header
Build iOS and Submit to TestFlight	Build for iOS (Local on Runner)	2026-09-29T12:20:49.1822960Z [RUN_FASTLANE] › Compiling expo-modules-core Pods/ExpoModulesWorklets » WorkletRuntimeResolver.mm
Build iOS and Submit to TestFlight	Build for iOS (Local on Runner)	2026-09-29T12:20:49.3514700Z [RUN_FASTLANE] › Compiling expo-modules-core Pods/ExpoModulesWorklets » WorkletRuntimeHandle.mm
Build iOS and Submit to TestFlight	Build for iOS (Local on Runner)	2026-09-29T12:20:49.3616730Z [RUN_FASTLANE] › Compiling expo-modules-core Pods/ExpoModulesWorklets » WorkletIntegrationLoader.mm
Build iOS and Submit to TestFlight	Build for iOS (Local on Runner)	2026-09-29T12:20:49.3719090Z [RUN_FASTLANE] › Compiling expo-modules-core Pods/ExpoModulesWorklets » SerializableExtractor.mm
Build iOS and Submit to TestFlight	Build for iOS (Local on Runner)	2026-09-29T12:20:49.3821450Z [RUN_FASTLANE] › Compiling expo-modules-core Pods/ExpoModulesWorklets » EXWorkletsProvider.mm
Build iOS and Submit to TestFlight	Build for iOS (Local on Runner)	2026-09-29T12:20:49.3923150Z [RUN_FASTLANE] › Compiling expo-modules-core Pods/ExpoModulesWorklets » EXJavaScriptSerializable.mm
Build iOS and Submit to TestFlight	Build for iOS (Local on Runner)	2026-09-29T12:20:49.4025560Z [RUN_FASTLANE] › Compiling expo-modules-core Pods/ExpoModulesWorklets » ExpoModulesWorklets-dummy.m
Build iOS and Submit to TestFlight	Build for iOS (Local on Runner)	2026-09-29T12:20:55.2017880Z [RUN_FASTLANE] › Compiling expo-secure-store Pods/ExpoSecureStore » ExpoSecureStore-dummy.m
Build iOS and Submit to TestFlight	Build for iOS (Local on Runner)	2026-09-29T12:20:55.2116970Z [RUN_FASTLANE] › Compiling expo-keep-awake Pods/ExpoKeepAwake » ExpoKeepAwake-dummy.m
Build iOS and Submit to TestFlight	Build for iOS (Local on Runner)	2026-09-29T12:20:55.2260080Z [RUN_FASTLANE] › Compiling expo-font Pods/ExpoFont » ExpoFont-dummy.m
Build iOS and Submit to TestFlight	Build for iOS (Local on Runner)	2026-09-29T12:20:55.2362350Z [RUN_FASTLANE] › Compiling expo-notifications Pods/ExpoNotifications » ExpoNotifications-dummy.m
Build iOS and Submit to TestFlight	Build for iOS (Local on Runner)	2026-09-29T12:20:55.2521040Z [RUN_FASTLANE] › Compiling @expo/dom-webview Pods/ExpoDomWebView » ExpoDomWebView-dummy.m
Build iOS and Submit to TestFlight	Build for iOS (Local on Runner)	2026-09-29T12:20:55.2623370Z [RUN_FASTLANE] › Packaging expo-secure-store Pods/ExpoSecureStore » libExpoSecureStore.a
Build iOS and Submit to TestFlight	Build for iOS (Local on Runner)	2026-09-29T12:20:55.2723680Z [RUN_FASTLANE] › Packaging expo-notifications Pods/ExpoNotifications » libExpoNotifications.a
Build iOS and Submit to TestFlight	Build for iOS (Local on Runner)	2026-09-29T12:20:55.2827450Z [RUN_FASTLANE] › Packaging expo-modules-core Pods/ExpoModulesWorklets » libExpoModulesWorklets.a
Build iOS and Submit to TestFlight	Build for iOS (Local on Runner)	2026-09-29T12:20:55.2928220Z [RUN_FASTLANE] › Packaging expo-keep-awake Pods/ExpoKeepAwake » libExpoKeepAwake.a
Build iOS and Submit to TestFlight	Build for iOS (Local on Runner)	2026-09-29T12:20:55.3030210Z [RUN_FASTLANE] › Packaging expo-font Pods/ExpoFont » libExpoFont.a
Build iOS and Submit to TestFlight	Build for iOS (Local on Runner)	2026-09-29T12:20:55.3133280Z [RUN_FASTLANE] › Packaging @expo/dom-webview Pods/ExpoDomWebView » libExpoDomWebView.a
Build iOS and Submit to TestFlight	Build for iOS (Local on Runner)	2026-09-29T12:20:55.3232900Z [RUN_FASTLANE] › Executing expo-secure-store Pods/ExpoSecureStore » Copy generated compatibility header
Build iOS and Submit to TestFlight	Build for iOS (Local on Runner)	2026-09-29T12:20:55.3336750Z [RUN_FASTLANE] › Executing expo-notifications Pods/ExpoNotifications » Copy generated compatibility header
Build iOS and Submit to TestFlight	Build for iOS (Local on Runner)	2026-09-29T12:20:55.3438730Z [RUN_FASTLANE] › Executing expo-modules-core Pods/ExpoModulesWorklets » Copy generated compatibility header
Build iOS and Submit to TestFlight	Build for iOS (Local on Runner)	2026-09-29T12:20:55.3512180Z [RUN_FASTLANE] › Executing expo-keep-awake Pods/ExpoKeepAwake » Copy generated compatibility header
Build iOS and Submit to TestFlight	Build for iOS (Local on Runner)	2026-09-29T12:20:55.3640140Z [RUN_FASTLANE] › Executing expo-font Pods/ExpoFont » Copy generated compatibility header
Build iOS and Submit to TestFlight	Build for iOS (Local on Runner)	2026-09-29T12:20:55.3922030Z [RUN_FASTLANE] › Executing @expo/dom-webview Pods/ExpoDomWebView » Copy generated compatibility header
Build iOS and Submit to TestFlight	Build for iOS (Local on Runner)	2026-09-29T12:20:55.4297500Z [RUN_FASTLANE] › Compiling expo-modules-core Pods/ExpoModulesWorkletsAdapter » ExpoWorkletsBridgeProvider.mm
Build iOS and Submit to TestFlight	Build for iOS (Local on Runner)	2026-09-29T12:20:55.4425070Z [RUN_FASTLANE] › Compiling expo-modules-core Pods/ExpoModulesWorkletsAdapter » ExpoModulesWorkletsAdapter-dummy.m
Build iOS and Submit to TestFlight	Build for iOS (Local on Runner)	2026-09-29T12:20:55.4528200Z [RUN_FASTLANE] › Compiling expo-device Pods/ExpoDevice » ExpoDevice-dummy.m
Build iOS and Submit to TestFlight	Build for iOS (Local on Runner)	2026-09-29T12:20:55.4630590Z [RUN_FASTLANE] › Packaging expo-device Pods/ExpoDevice » libExpoDevice.a
Build iOS and Submit to TestFlight	Build for iOS (Local on Runner)	2026-09-29T12:20:55.4732470Z [RUN_FASTLANE] › Executing expo-device Pods/ExpoDevice » Copy generated compatibility header
Build iOS and Submit to TestFlight	Build for iOS (Local on Runner)	2026-09-29T12:20:57.0957670Z [RUN_FASTLANE] › Packaging expo-modules-core Pods/ExpoModulesWorkletsAdapter » libExpoModulesWorkletsAdapter.a
Build iOS and Submit to TestFlight	Build for iOS (Local on Runner)	2026-09-29T12:20:59.2032130Z [RUN_FASTLANE] › Executing expo-constants Pods/EXConstants » [CP-User] Generate app.config for prebuilt Constants.manifest
Build iOS and Submit to TestFlight	Build for iOS (Local on Runner)	2026-09-29T12:20:59.2437970Z [RUN_FASTLANE] › Compiling expo-file-system Pods/ExpoFileSystem » ExpoFileSystem-dummy.m
Build iOS and Submit to TestFlight	Build for iOS (Local on Runner)	2026-09-29T12:20:59.2539930Z [RUN_FASTLANE] › Compiling expo Pods/ExpoFileSystem » NSData+EXFileSystem.m
Build iOS and Submit to TestFlight	Build for iOS (Local on Runner)	2026-09-29T12:20:59.2640220Z [RUN_FASTLANE] › Compiling expo Pods/ExpoFileSystem » EXTaskHandlersManager.m
Build iOS and Submit to TestFlight	Build for iOS (Local on Runner)	2026-09-29T12:20:59.2747830Z [RUN_FASTLANE] › Compiling expo Pods/ExpoFileSystem » EXSessionUploadTaskDelegate.m
Build iOS and Submit to TestFlight	Build for iOS (Local on Runner)	2026-09-29T12:20:59.2849840Z [RUN_FASTLANE] › Compiling expo Pods/ExpoFileSystem » EXSessionTaskDispatcher.m
Build iOS and Submit to TestFlight	Build for iOS (Local on Runner)	2026-09-29T12:20:59.2951570Z [RUN_FASTLANE] › Compiling expo Pods/ExpoFileSystem » EXSessionTaskDelegate.m
Build iOS and Submit to TestFlight	Build for iOS (Local on Runner)	2026-09-29T12:20:59.3051390Z [RUN_FASTLANE] › Compiling expo Pods/ExpoFileSystem » EXSessionResumableDownloadTaskDelegate.m
Build iOS and Submit to TestFlight	Build for iOS (Local on Runner)	2026-09-29T12:20:59.3152350Z [RUN_FASTLANE] › Compiling expo Pods/ExpoFileSystem » EXSessionHandler.m
Build iOS and Submit to TestFlight	Build for iOS (Local on Runner)	2026-09-29T12:20:59.3254080Z [RUN_FASTLANE] › Compiling expo Pods/ExpoFileSystem » EXSessionDownloadTaskDelegate.m
Build iOS and Submit to TestFlight	Build for iOS (Local on Runner)	2026-09-29T12:20:59.3354410Z [RUN_FASTLANE] › Compiling expo Pods/ExpoFileSystem » EXSessionCancelableUploadTaskDelegate.m
Build iOS and Submit to TestFlight	Build for iOS (Local on Runner)	2026-09-29T12:20:59.3454680Z [RUN_FASTLANE] › Compiling expo-asset Pods/ExpoAsset » ExpoAsset-dummy.m
Build iOS and Submit to TestFlight	Build for iOS (Local on Runner)	2026-09-29T12:20:59.3556290Z [RUN_FASTLANE] › Packaging expo-asset Pods/ExpoAsset » libExpoAsset.a
Build iOS and Submit to TestFlight	Build for iOS (Local on Runner)	2026-09-29T12:20:59.3658270Z [RUN_FASTLANE] › Executing expo-asset Pods/ExpoAsset » Copy generated compatibility header
Build iOS and Submit to TestFlight	Build for iOS (Local on Runner)	2026-09-29T12:20:59.8733040Z [RUN_FASTLANE] › Compiling expo Pods/ExpoFileSystem » EXFileSystemLocalFileHandler.m
Build iOS and Submit to TestFlight	Build for iOS (Local on Runner)	2026-09-29T12:20:59.8835960Z [RUN_FASTLANE] › Compiling expo Pods/ExpoFileSystem » EXFileSystemAssetLibraryHandler.m
Build iOS and Submit to TestFlight	Build for iOS (Local on Runner)	2026-09-29T12:20:59.8942290Z [RUN_FASTLANE] › Compiling expo-clipboard Pods/ExpoClipboard » ExpoClipboard-dummy.m
Build iOS and Submit to TestFlight	Build for iOS (Local on Runner)	2026-09-29T12:20:59.9044900Z [RUN_FASTLANE] › Packaging expo-clipboard Pods/ExpoClipboard » libExpoClipboard.a
Build iOS and Submit to TestFlight	Build for iOS (Local on Runner)	2026-09-29T12:20:59.9147450Z [RUN_FASTLANE] › Executing expo-clipboard Pods/ExpoClipboard » Copy generated compatibility header
Build iOS and Submit to TestFlight	Build for iOS (Local on Runner)	2026-09-29T12:20:59.9250760Z [RUN_FASTLANE] › Packaging expo-file-system Pods/ExpoFileSystem » libExpoFileSystem.a
Build iOS and Submit to TestFlight	Build for iOS (Local on Runner)	2026-09-29T12:21:00.0992720Z [RUN_FASTLANE] › Executing expo-file-system Pods/ExpoFileSystem » Copy generated compatibility header
Build iOS and Submit to TestFlight	Build for iOS (Local on Runner)	2026-09-29T12:21:00.5842940Z [RUN_FASTLANE] › Compiling expo Pods/Expo » ExpoReactNativeFactory.mm
Build iOS and Submit to TestFlight	Build for iOS (Local on Runner)	2026-09-29T12:21:05.0533690Z [RUN_FASTLANE] › Compiling expo Pods/Expo » EXReactRootViewFactory.mm
Build iOS and Submit to TestFlight	Build for iOS (Local on Runner)	2026-09-29T12:21:05.0662000Z [RUN_FASTLANE] › Compiling expo Pods/Expo » EXBundleConfiguration.mm
Build iOS and Submit to TestFlight	Build for iOS (Local on Runner)	2026-09-29T12:21:05.0968380Z [RUN_FASTLANE] › Compiling expo Pods/Expo » Expo-dummy.m
Build iOS and Submit to TestFlight	Build for iOS (Local on Runner)	2026-09-29T12:21:06.4088290Z [RUN_FASTLANE] › Compiling expo-constants Pods/EXConstants » EXConstantsService.m
Build iOS and Submit to TestFlight	Build for iOS (Local on Runner)	2026-09-29T12:21:06.4226950Z [RUN_FASTLANE] › Compiling expo-constants Pods/EXConstants » EXConstants-dummy.m
Build iOS and Submit to TestFlight	Build for iOS (Local on Runner)	2026-09-29T12:21:06.4375140Z [RUN_FASTLANE] › Compiling expo-constants Pods/EXConstants » EXConstantsInstallationIdProvider.m
Build iOS and Submit to TestFlight	Build for iOS (Local on Runner)	2026-09-29T12:21:07.1026500Z [RUN_FASTLANE] › Packaging expo-constants Pods/EXConstants » libEXConstants.a
Build iOS and Submit to TestFlight	Build for iOS (Local on Runner)	2026-09-29T12:21:07.2889210Z [RUN_FASTLANE] › Compiling expo-application Pods/EXApplication » EXProvisioningProfile.m
Build iOS and Submit to TestFlight	Build for iOS (Local on Runner)	2026-09-29T12:21:07.2991770Z [RUN_FASTLANE] › Compiling expo-application Pods/EXApplication » EXApplication-dummy.m
Build iOS and Submit to TestFlight	Build for iOS (Local on Runner)	2026-09-29T12:21:07.3094210Z [RUN_FASTLANE] › Executing expo-constants Pods/EXConstants » Copy generated compatibility header
Build iOS and Submit to TestFlight	Build for iOS (Local on Runner)	2026-09-29T12:21:07.3196520Z [RUN_FASTLANE] › Packaging expo-application Pods/EXApplication » libEXApplication.a
Build iOS and Submit to TestFlight	Build for iOS (Local on Runner)	2026-09-29T12:21:07.3297430Z [RUN_FASTLANE] › Executing expo-application Pods/EXApplication » Copy generated compatibility header
Build iOS and Submit to TestFlight	Build for iOS (Local on Runner)	2026-09-29T12:21:10.2717240Z [RUN_FASTLANE] › Compiling expo Pods/Expo » EXLegacyAppDelegateWrapper.m
Build iOS and Submit to TestFlight	Build for iOS (Local on Runner)	2026-09-29T12:21:10.4354370Z [RUN_FASTLANE] › Compiling expo Pods/Expo » EXAppDelegatesLoader.m
Build iOS and Submit to TestFlight	Build for iOS (Local on Runner)	2026-09-29T12:21:10.5064040Z [RUN_FASTLANE] › Compiling expo Pods/Expo » EXAppDefinesLoader.m
Build iOS and Submit to TestFlight	Build for iOS (Local on Runner)	2026-09-29T12:21:10.5168000Z [RUN_FASTLANE] › Packaging expo Pods/Expo » libExpo.a
Build iOS and Submit to TestFlight	Build for iOS (Local on Runner)	2026-09-29T12:21:10.5779840Z [RUN_FASTLANE] › Executing expo Pods/Expo » Copy generated compatibility header
Build iOS and Submit to TestFlight	Build for iOS (Local on Runner)	2026-09-29T12:21:13.2050920Z [RUN_FASTLANE] › Compiling Pods/Pods-NGNflow » Pods-NGNflow-dummy.m
Build iOS and Submit to TestFlight	Build for iOS (Local on Runner)	2026-09-29T12:21:13.3152910Z [RUN_FASTLANE] › Packaging Pods/Pods-NGNflow » libPods-NGNflow.a
Build iOS and Submit to TestFlight	Build for iOS (Local on Runner)	2026-09-29T12:21:13.3353390Z [RUN_FASTLANE] › Executing NGNflow » [CP] Check Pods Manifest.lock
Build iOS and Submit to TestFlight	Build for iOS (Local on Runner)	2026-09-29T12:21:13.5135350Z [RUN_FASTLANE] › Executing NGNflow » [Expo] Configure project
Build iOS and Submit to TestFlight	Build for iOS (Local on Runner)	2026-09-29T12:21:19.9332400Z [RUN_FASTLANE] › Copying   ios/build/Build/Intermediates.noindex/ArchiveIntermediates/NGNflow/InstallationBuildProductsLocation/Applications/NGNflow.app/PrivacyInfo.xcprivacy ➜ ../../../../../var/folders/36/tjdph2t965j8snz9_vkdnw0r0000gn/T/eas-build-local-nodejs/c3e672bf-5ca3-419f-af5c-3fc6c951fd2e/build/ios/NGNflow/PrivacyInfo.xcprivacy
Build iOS and Submit to TestFlight	Build for iOS (Local on Runner)	2026-09-29T12:21:19.9413670Z [RUN_FASTLANE] › Copying   ios/NGNflow/Supporting/Expo.plist ➜ ./Expo.plist
Build iOS and Submit to TestFlight	Build for iOS (Local on Runner)	2026-09-29T12:21:19.9516500Z [RUN_FASTLANE] › Compiling NGNflow » SplashScreen.storyboard
Build iOS and Submit to TestFlight	Build for iOS (Local on Runner)	2026-09-29T12:21:41.8321970Z [RUN_FASTLANE] › Preparing NGNflow » Info.plist
Build iOS and Submit to TestFlight	Build for iOS (Local on Runner)	2026-09-29T12:21:43.0110690Z [RUN_FASTLANE] › Compiling NGNflow » NGNflow_vers.c
Build iOS and Submit to TestFlight	Build for iOS (Local on Runner)	2026-09-29T12:21:43.1470740Z [RUN_FASTLANE] › Linking   NGNflow » NGNflow
Build iOS and Submit to TestFlight	Build for iOS (Local on Runner)	2026-09-29T12:21:44.8737190Z [RUN_FASTLANE] ⚠️  ignoring duplicate libraries: '-lc++'
Build iOS and Submit to TestFlight	Build for iOS (Local on Runner)	2026-09-29T12:21:44.8745290Z    └─/var/folders/36/tjdph2t965j8snz9_vkdnw0r0000gn/T/eas-build-local-nodejs/c3e672bf-5ca3-419f-af5c-3fc6c951fd2e/build/ios/NGNflow.xcodeproj: NGNflow: ld
Build iOS and Submit to TestFlight	Build for iOS (Local on Runner)	2026-09-29T12:21:44.9212980Z [RUN_FASTLANE] › Executing NGNflow » Bundle React Native code and images
Build iOS and Submit to TestFlight	Build for iOS (Local on Runner)	2026-09-29T12:21:55.2416440Z [RUN_FASTLANE] ⚠️  search path '/var/run/com.apple.security.cryptexd/mnt/com.apple.MobileAsset.MetalToolchain-v17.6.109.0.YAi2dG/Metal.xctoolchain/usr/lib/swift/iphoneos' not found
Build iOS and Submit to TestFlight	Build for iOS (Local on Runner)	2026-09-29T12:21:55.2528940Z    └─/var/folders/36/tjdph2t965j8snz9_vkdnw0r0000gn/T/eas-build-local-nodejs/c3e672bf-5ca3-419f-af5c-3fc6c951fd2e/build/ios/NGNflow.xcodeproj: NGNflow: ld
Build iOS and Submit to TestFlight	Build for iOS (Local on Runner)	2026-09-29T12:22:09.3747450Z [RUN_FASTLANE] › Generating debug NGNflow » NGNflow.app.dSYM
Build iOS and Submit to TestFlight	Build for iOS (Local on Runner)	2026-09-29T12:22:09.3751190Z [RUN_FASTLANE] › Executing NGNflow » [CP] Copy Pods Resources
Build iOS and Submit to TestFlight	Build for iOS (Local on Runner)	2026-09-29T12:22:12.8396390Z [RUN_FASTLANE] › Executing NGNflow » [CP] Embed Pods Frameworks
Build iOS and Submit to TestFlight	Build for iOS (Local on Runner)	2026-09-29T12:22:14.9329470Z [RUN_FASTLANE] › Signing   NGNflow » NGNflow.app
Build iOS and Submit to TestFlight	Build for iOS (Local on Runner)	2026-09-29T12:22:15.1278860Z [RUN_FASTLANE] › Creating  NGNflow » NGNflow.app
Build iOS and Submit to TestFlight	Build for iOS (Local on Runner)	2026-09-29T12:22:15.7464370Z [RUN_FASTLANE] › Archive Succeeded
Build iOS and Submit to TestFlight	Build for iOS (Local on Runner)	2026-09-29T12:22:17.0475730Z [RUN_FASTLANE] Generated plist file with the following values:
Build iOS and Submit to TestFlight	Build for iOS (Local on Runner)	2026-09-29T12:22:17.0695980Z [RUN_FASTLANE] ▸ -----------------------------------------
Build iOS and Submit to TestFlight	Build for iOS (Local on Runner)	2026-09-29T12:22:17.0699590Z [RUN_FASTLANE] ▸ {
Build iOS and Submit to TestFlight	Build for iOS (Local on Runner)	2026-09-29T12:22:17.0814310Z [RUN_FASTLANE] ▸   "method": "app-store",
Build iOS and Submit to TestFlight	Build for iOS (Local on Runner)	2026-09-29T12:22:17.0929820Z [RUN_FASTLANE] ▸   "provisioningProfiles": {
Build iOS and Submit to TestFlight	Build for iOS (Local on Runner)	2026-09-29T12:22:17.1036920Z [RUN_FASTLANE] ▸     "com.olamicreas.ngnflow": "58d9281e-4bc0-4d8c-b03a-424f1e87b755"
Build iOS and Submit to TestFlight	Build for iOS (Local on Runner)	2026-09-29T12:22:17.1145360Z [RUN_FASTLANE] ▸   },
Build iOS and Submit to TestFlight	Build for iOS (Local on Runner)	2026-09-29T12:22:17.1264150Z [RUN_FASTLANE] ▸   "signingStyle": "manual"
Build iOS and Submit to TestFlight	Build for iOS (Local on Runner)	2026-09-29T12:22:17.1404770Z [RUN_FASTLANE] ▸ }
Build iOS and Submit to TestFlight	Build for iOS (Local on Runner)	2026-09-29T12:22:17.1509210Z [RUN_FASTLANE] ▸ -----------------------------------------
Build iOS and Submit to TestFlight	Build for iOS (Local on Runner)	2026-09-29T12:22:17.1613440Z [RUN_FASTLANE] $ /usr/bin/xcrun /opt/homebrew/lib/ruby/gems/3.4.0/gems/fastlane-2.239.0/gym/lib/assets/wrap_xcodebuild/xcbuild-safe.sh -exportArchive -exportOptionsPlist '/var/folders/36/tjdph2t965j8snz9_vkdnw0r0000gn/T/gym_config20260929-12806-2ti31t.plist' -archivePath /Users/runner/Library/Developer/Xcode/Archives/2026-09-29/NGNflow\ 2026-09-29\ 12.11.01.xcarchive -exportPath '/var/folders/36/tjdph2t965j8snz9_vkdnw0r0000gn/T/gym_output20260929-12806-doijqr' OTHER_CODE_SIGN_FLAGS="--keychain /var/folders/36/tjdph2t965j8snz9_vkdnw0r0000gn/T/eas-build-0ca719cf-2daf-4d08-9c89-3ce83044c84a.keychain"
Build iOS and Submit to TestFlight	Build for iOS (Local on Runner)	2026-09-29T12:22:25.7015650Z [RUN_FASTLANE] Compressing 2 dSYM(s)
Build iOS and Submit to TestFlight	Build for iOS (Local on Runner)	2026-09-29T12:22:25.7018300Z [RUN_FASTLANE] $ cd '/Users/runner/Library/Developer/Xcode/Archives/2026-09-29/NGNflow 2026-09-29 12.11.01.xcarchive/dSYMs' && zip -r '/private/var/folders/36/tjdph2t965j8snz9_vkdnw0r0000gn/T/eas-build-local-nodejs/c3e672bf-5ca3-419f-af5c-3fc6c951fd2e/build/ios/build/NGNflow.app.dSYM.zip' *.dSYM
Build iOS and Submit to TestFlight	Build for iOS (Local on Runner)	2026-09-29T12:22:30.1634350Z [RUN_FASTLANE] ▸   adding: ExpoModulesJSI.framework.dSYM/ (stored 0%)
Build iOS and Submit to TestFlight	Build for iOS (Local on Runner)	2026-09-29T12:22:30.1639360Z [RUN_FASTLANE] ▸   adding: ExpoModulesJSI.framework.dSYM/Contents/ (stored 0%)
Build iOS and Submit to TestFlight	Build for iOS (Local on Runner)	2026-09-29T12:22:30.1646800Z [RUN_FASTLANE] ▸   adding: ExpoModulesJSI.framework.dSYM/Contents/Resources/ (stored 0%)
Build iOS and Submit to TestFlight	Build for iOS (Local on Runner)	2026-09-29T12:22:30.1650800Z [RUN_FASTLANE] ▸   adding: ExpoModulesJSI.framework.dSYM/Contents/Resources/Relocations/ (stored 0%)
Build iOS and Submit to TestFlight	Build for iOS (Local on Runner)	2026-09-29T12:22:30.1662310Z [RUN_FASTLANE] ▸   adding: ExpoModulesJSI.framework.dSYM/Contents/Resources/Relocations/aarch64/ (stored 0%)
Build iOS and Submit to TestFlight	Build for iOS (Local on Runner)	2026-09-29T12:22:30.1666140Z [RUN_FASTLANE] ▸   adding: ExpoModulesJSI.framework.dSYM/Contents/Resources/Relocations/aarch64/ExpoModulesJSI.yml (deflated 87%)
Build iOS and Submit to TestFlight	Build for iOS (Local on Runner)	2026-09-29T12:22:30.1668560Z [RUN_FASTLANE] ▸   adding: ExpoModulesJSI.framework.dSYM/Contents/Resources/DWARF/ (stored 0%)
Build iOS and Submit to TestFlight	Build for iOS (Local on Runner)	2026-09-29T12:22:30.1671890Z [RUN_FASTLANE] ▸   adding: ExpoModulesJSI.framework.dSYM/Contents/Resources/DWARF/ExpoModulesJSI (deflated 71%)
Build iOS and Submit to TestFlight	Build for iOS (Local on Runner)	2026-09-29T12:22:30.1673410Z [RUN_FASTLANE] ▸   adding: ExpoModulesJSI.framework.dSYM/Contents/Info.plist (deflated 52%)
Build iOS and Submit to TestFlight	Build for iOS (Local on Runner)	2026-09-29T12:22:30.1675450Z [RUN_FASTLANE] ▸   adding: NGNflow.app.dSYM/ (stored 0%)
Build iOS and Submit to TestFlight	Build for iOS (Local on Runner)	2026-09-29T12:22:30.1677290Z [RUN_FASTLANE] ▸   adding: NGNflow.app.dSYM/Contents/ (stored 0%)
Build iOS and Submit to TestFlight	Build for iOS (Local on Runner)	2026-09-29T12:22:30.1685200Z [RUN_FASTLANE] ▸   adding: NGNflow.app.dSYM/Contents/Resources/ (stored 0%)
Build iOS and Submit to TestFlight	Build for iOS (Local on Runner)	2026-09-29T12:22:30.1688590Z [RUN_FASTLANE] ▸   adding: NGNflow.app.dSYM/Contents/Resources/Relocations/ (stored 0%)
Build iOS and Submit to TestFlight	Build for iOS (Local on Runner)	2026-09-29T12:22:30.1691400Z [RUN_FASTLANE] ▸   adding: NGNflow.app.dSYM/Contents/Resources/Relocations/aarch64/ (stored 0%)
Build iOS and Submit to TestFlight	Build for iOS (Local on Runner)	2026-09-29T12:22:30.1694430Z [RUN_FASTLANE] ▸   adding: NGNflow.app.dSYM/Contents/Resources/Relocations/aarch64/NGNflow.yml (deflated 91%)
Build iOS and Submit to TestFlight	Build for iOS (Local on Runner)	2026-09-29T12:22:30.1696150Z [RUN_FASTLANE] ▸   adding: NGNflow.app.dSYM/Contents/Resources/DWARF/ (stored 0%)
Build iOS and Submit to TestFlight	Build for iOS (Local on Runner)	2026-09-29T12:22:30.1697850Z [RUN_FASTLANE] ▸   adding: NGNflow.app.dSYM/Contents/Resources/DWARF/NGNflow (deflated 73%)
Build iOS and Submit to TestFlight	Build for iOS (Local on Runner)	2026-09-29T12:22:30.1700840Z [RUN_FASTLANE] ▸   adding: NGNflow.app.dSYM/Contents/Info.plist (deflated 52%)
Build iOS and Submit to TestFlight	Build for iOS (Local on Runner)	2026-09-29T12:22:30.1703390Z [RUN_FASTLANE] Successfully exported and compressed dSYM file
Build iOS and Submit to TestFlight	Build for iOS (Local on Runner)	2026-09-29T12:22:30.1707430Z [RUN_FASTLANE] Successfully exported and signed the ipa file:
Build iOS and Submit to TestFlight	Build for iOS (Local on Runner)	2026-09-29T12:22:30.1709970Z [RUN_FASTLANE] /private/var/folders/36/tjdph2t965j8snz9_vkdnw0r0000gn/T/eas-build-local-nodejs/c3e672bf-5ca3-419f-af5c-3fc6c951fd2e/build/ios/build/NGNflow.ipa
Build iOS and Submit to TestFlight	Build for iOS (Local on Runner)	2026-09-29T12:22:30.7080090Z [CLEAN_UP_CREDENTIALS] Destroying keychain - /var/folders/36/tjdph2t965j8snz9_vkdnw0r0000gn/T/eas-build-0ca719cf-2daf-4d08-9c89-3ce83044c84a.keychain
Build iOS and Submit to TestFlight	Build for iOS (Local on Runner)	2026-09-29T12:22:34.4502860Z [CLEAN_UP_CREDENTIALS] Removing provisioning profile
Build iOS and Submit to TestFlight	Build for iOS (Local on Runner)	2026-09-29T12:22:34.4557920Z [PARSE_XCACTIVITYLOG] Local builds skip build performance analysis.
Build iOS and Submit to TestFlight	Build for iOS (Local on Runner)	2026-09-29T12:22:34.4727420Z [UPLOAD_APPLICATION_ARCHIVE] Application archives:
Build iOS and Submit to TestFlight	Build for iOS (Local on Runner)	2026-09-29T12:22:34.4751800Z [UPLOAD_APPLICATION_ARCHIVE]   - /var/folders/36/tjdph2t965j8snz9_vkdnw0r0000gn/T/eas-build-local-nodejs/c3e672bf-5ca3-419f-af5c-3fc6c951fd2e/build/ios/build/NGNflow.ipa (14.0 MB)
Build iOS and Submit to TestFlight	Build for iOS (Local on Runner)	2026-09-29T12:22:34.4763790Z [UPLOAD_APPLICATION_ARCHIVE] Uploading application archive...
Build iOS and Submit to TestFlight	Build for iOS (Local on Runner)	2026-09-29T12:22:34.4796730Z [PREPARE_ARTIFACTS] Preparing artifacts
Build iOS and Submit to TestFlight	Build for iOS (Local on Runner)	2026-09-29T12:22:34.5051270Z [PREPARE_ARTIFACTS] Writing artifacts to /Users/runner/work/NGNflow/NGNflow/build.ipa
Build iOS and Submit to TestFlight	Build for iOS (Local on Runner)	2026-09-29T12:22:34.5078400Z [SAVE_CACHE] Local builds do not support saving cache.
Build iOS and Submit to TestFlight	Build for iOS (Local on Runner)	2026-09-29T12:22:34.5182530Z 
Build iOS and Submit to TestFlight	Build for iOS (Local on Runner)	2026-09-29T12:22:34.5186360Z Build successful
Build iOS and Submit to TestFlight	Build for iOS (Local on Runner)	2026-09-29T12:22:34.5190520Z Skipping cleanup, /var/folders/36/tjdph2t965j8snz9_vkdnw0r0000gn/T/eas-build-local-nodejs/c3e672bf-5ca3-419f-af5c-3fc6c951fd2e won't be removed.
Build iOS and Submit to TestFlight	Build for iOS (Local on Runner)	2026-09-29T12:22:34.5193690Z You can find the build artifacts in /Users/runner/work/NGNflow/NGNflow/build.ipa
Build iOS and Submit to TestFlight	Submit to TestFlight	﻿2026-09-29T12:22:35.1168680Z ##[group]Run eas submit --platform ios --path build.ipa --non-interactive
Build iOS and Submit to TestFlight	Submit to TestFlight	2026-09-29T12:22:35.1170930Z ^[[36;1meas submit --platform ios --path build.ipa --non-interactive^[[0m
Build iOS and Submit to TestFlight	Submit to TestFlight	2026-09-29T12:22:35.5179360Z shell: /bin/bash -e {0}
Build iOS and Submit to TestFlight	Submit to TestFlight	2026-09-29T12:22:35.5179740Z env:
Build iOS and Submit to TestFlight	Submit to TestFlight	2026-09-29T12:22:35.5181540Z   EXPO_TOKEN: ***
Build iOS and Submit to TestFlight	Submit to TestFlight	2026-09-29T12:22:35.5181880Z ##[endgroup]
Build iOS and Submit to TestFlight	Submit to TestFlight	2026-09-29T12:22:40.2372190Z 
Build iOS and Submit to TestFlight	Submit to TestFlight	2026-09-29T12:22:40.2476520Z Uploading your app archive to EAS Submit
Build iOS and Submit to TestFlight	Submit to TestFlight	2026-09-29T12:22:41.6200780Z - Uploading to EAS Submit 0%
Build iOS and Submit to TestFlight	Submit to TestFlight	2026-09-29T12:22:42.7994850Z ✔ Uploaded to EAS Submit 1s
Build iOS and Submit to TestFlight	Submit to TestFlight	2026-09-29T12:22:43.2099790Z Using App Store Connect API Key from EAS credentials service.
Build iOS and Submit to TestFlight	Submit to TestFlight	2026-09-29T12:22:47.3875700Z Looking up credentials configuration for com.olamicreas.ngnflow...
Build iOS and Submit to TestFlight	Submit to TestFlight	2026-09-29T12:22:47.4001340Z ✔ App Store Connect API Key already set up.
Build iOS and Submit to TestFlight	Submit to TestFlight	2026-09-29T12:22:47.4149510Z Using Api Key ID: 8TP4AY535V ([Expo] EAS Submit xv7H_6ZboX)
Build iOS and Submit to TestFlight	Submit to TestFlight	2026-09-29T12:22:47.4303050Z 
Build iOS and Submit to TestFlight	Submit to TestFlight	2026-09-29T12:22:47.4437020Z ASC App ID:                 6816978729
Build iOS and Submit to TestFlight	Submit to TestFlight	2026-09-29T12:22:47.4440930Z Project ID:                 37392892-5e18-40dc-9637-0cbb73d2307d
Build iOS and Submit to TestFlight	Submit to TestFlight	2026-09-29T12:22:47.4560530Z App Store Connect API Key:  
Build iOS and Submit to TestFlight	Submit to TestFlight	2026-09-29T12:22:47.4818920Z     Key Name  :  [Expo] EAS Submit xv7H_6ZboX
Build iOS and Submit to TestFlight	Submit to TestFlight	2026-09-29T12:22:47.4922420Z     Key ID    :  8TP4AY535V
Build iOS and Submit to TestFlight	Submit to TestFlight	2026-09-29T12:22:47.4924630Z     Key Source:  EAS servers
Build iOS and Submit to TestFlight	Submit to TestFlight	2026-09-29T12:22:47.5026020Z Archive Path:               build.ipa
Build iOS and Submit to TestFlight	Submit to TestFlight	2026-09-29T12:22:47.5127210Z 
Build iOS and Submit to TestFlight	Submit to TestFlight	2026-09-29T12:22:47.5228940Z - Scheduling iOS submission
Build iOS and Submit to TestFlight	Submit to TestFlight	2026-09-29T12:22:47.8284810Z ✔ Scheduled iOS submission
Build iOS and Submit to TestFlight	Submit to TestFlight	2026-09-29T12:22:47.8392110Z 
Build iOS and Submit to TestFlight	Submit to TestFlight	2026-09-29T12:22:47.8501500Z Submission details: https://expo.dev/accounts/olamicreas/projects/NGNflow/submissions/d530ae23-196a-42ae-a94a-7b4bffe14951
Build iOS and Submit to TestFlight	Submit to TestFlight	2026-09-29T12:22:47.8616510Z 
Build iOS and Submit to TestFlight	Submit to TestFlight	2026-09-29T12:22:47.8718910Z Waiting for submission to complete. You can press Ctrl+C to exit.
Build iOS and Submit to TestFlight	Submit to TestFlight	2026-09-29T12:22:47.8819030Z - Submitting
Build iOS and Submit to TestFlight	Submit to TestFlight	2026-09-29T13:15:19.2592400Z ✔ Submitted your app to Apple App Store Connect!
Build iOS and Submit to TestFlight	Submit to TestFlight	2026-09-29T13:15:19.2607720Z 
Build iOS and Submit to TestFlight	Submit to TestFlight	2026-09-29T13:15:19.2610050Z Your binary has been successfully uploaded to App Store Connect!
Build iOS and Submit to TestFlight	Submit to TestFlight	2026-09-29T13:15:19.2613710Z - It is now being processed by Apple - you will receive an email when the processing finishes.
Build iOS and Submit to TestFlight	Submit to TestFlight	2026-09-29T13:15:19.2617070Z - It usually takes about 5-10 minutes depending on how busy Apple servers are.
Build iOS and Submit to TestFlight	Submit to TestFlight	2026-09-29T13:15:19.2621160Z - When it's done, you can see your build here: https://appstoreconnect.apple.com/apps/6816978729/testflight/ios
Build iOS and Submit to TestFlight	Upload IPA Artifact	﻿2026-09-29T13:15:19.3082950Z ##[group]Run actions/upload-artifact@v4
Build iOS and Submit to TestFlight	Upload IPA Artifact	2026-09-29T13:15:19.3084100Z with:
Build iOS and Submit to TestFlight	Upload IPA Artifact	2026-09-29T13:15:19.3084690Z   name: NGNflow-iOS-App
Build iOS and Submit to TestFlight	Upload IPA Artifact	2026-09-29T13:15:19.3085410Z   path: build.ipa
Build iOS and Submit to TestFlight	Upload IPA Artifact	2026-09-29T13:15:19.3097630Z   retention-days: 5
Build iOS and Submit to TestFlight	Upload IPA Artifact	2026-09-29T13:15:19.3098070Z   if-no-files-found: warn
Build iOS and Submit to TestFlight	Upload IPA Artifact	2026-09-29T13:15:19.3098370Z   compression-level: 6
Build iOS and Submit to TestFlight	Upload IPA Artifact	2026-09-29T13:15:19.3098740Z   overwrite: false
Build iOS and Submit to TestFlight	Upload IPA Artifact	2026-09-29T13:15:19.3099010Z   include-hidden-files: false
Build iOS and Submit to TestFlight	Upload IPA Artifact	2026-09-29T13:15:19.3099310Z env:
Build iOS and Submit to TestFlight	Upload IPA Artifact	2026-09-29T13:15:19.3100480Z   EXPO_TOKEN: ***
Build iOS and Submit to TestFlight	Upload IPA Artifact	2026-09-29T13:15:19.3100820Z ##[endgroup]
Build iOS and Submit to TestFlight	Upload IPA Artifact	2026-09-29T13:15:20.1468090Z (node:47541) [DEP0040] DeprecationWarning: The `punycode` module is deprecated. Please use a userland alternative instead.
Build iOS and Submit to TestFlight	Upload IPA Artifact	2026-09-29T13:15:20.1494860Z (Use `node --trace-deprecation ...` to show where the warning was created)
Build iOS and Submit to TestFlight	Upload IPA Artifact	2026-09-29T13:15:20.1566720Z With the provided path, there will be 1 file uploaded
Build iOS and Submit to TestFlight	Upload IPA Artifact	2026-09-29T13:15:20.1570640Z Artifact name is valid!
Build iOS and Submit to TestFlight	Upload IPA Artifact	2026-09-29T13:15:20.1571080Z Root directory input is valid!
Build iOS and Submit to TestFlight	Upload IPA Artifact	2026-09-29T13:15:20.4229010Z Beginning upload of artifact content to blob storage
Build iOS and Submit to TestFlight	Upload IPA Artifact	2026-09-29T13:15:20.7938700Z (node:47541) [DEP0169] DeprecationWarning: `url.parse()` behavior is not standardized and prone to errors that have security implications. Use the WHATWG URL API instead. CVEs are not issued for `url.parse()` vulnerabilities.
Build iOS and Submit to TestFlight	Upload IPA Artifact	2026-09-29T13:15:20.9845040Z Uploaded bytes 8388608
Build iOS and Submit to TestFlight	Upload IPA Artifact	2026-09-29T13:15:21.1806280Z Uploaded bytes 14544044
Build iOS and Submit to TestFlight	Upload IPA Artifact	2026-09-29T13:15:21.1933300Z Finished uploading artifact content to blob storage!
Build iOS and Submit to TestFlight	Upload IPA Artifact	2026-09-29T13:15:21.1935850Z SHA256 digest of uploaded artifact zip is fb85df647738d61611c94300f3f9556c092e4dd4d6790b9cb0a3f0270eacdb01
Build iOS and Submit to TestFlight	Upload IPA Artifact	2026-09-29T13:15:21.1937240Z Finalizing artifact upload
Build iOS and Submit to TestFlight	Upload IPA Artifact	2026-09-29T13:15:21.4330630Z Artifact NGNflow-iOS-App.zip successfully finalized. Artifact ID 11036647374
Build iOS and Submit to TestFlight	Upload IPA Artifact	2026-09-29T13:15:21.4334670Z Artifact NGNflow-iOS-App has been successfully uploaded! Final size is 14544044 bytes. Artifact ID is 11036647374
Build iOS and Submit to TestFlight	Upload IPA Artifact	2026-09-29T13:15:21.4356260Z Artifact download URL: https://github.com/abdquayyum/NGNflow/actions/runs/36566012420/artifacts/11036647374
Build iOS and Submit to TestFlight	Post Setup Node	﻿2026-09-29T13:15:21.4703670Z Post job cleanup.
Build iOS and Submit to TestFlight	Post Setup Node	2026-09-29T13:15:21.6211210Z (node:47823) [DEP0040] DeprecationWarning: The `punycode` module is deprecated. Please use a userland alternative instead.
Build iOS and Submit to TestFlight	Post Setup Node	2026-09-29T13:15:21.6213450Z (Use `node --trace-deprecation ...` to show where the warning was created)
Build iOS and Submit to TestFlight	Post Setup Node	2026-09-29T13:15:21.6215940Z Cache hit occurred on the primary key node-cache-macOS-arm64-npm-c679f80507ac6dfce06fd01f51e34923e77726cf6ae3fda03e706e2574acf152, not saving cache.
Build iOS and Submit to TestFlight	Post Checkout Code	﻿2026-09-29T13:15:21.6351480Z Post job cleanup.
Build iOS and Submit to TestFlight	Post Checkout Code	2026-09-29T13:15:21.7745720Z [command]/opt/homebrew/bin/git version
Build iOS and Submit to TestFlight	Post Checkout Code	2026-09-29T13:15:21.8143660Z git version 2.55.0
Build iOS and Submit to TestFlight	Post Checkout Code	2026-09-29T13:15:21.8166230Z Copying '/Users/runner/.gitconfig' to '/Users/runner/work/_temp/263e2f15-8f8e-4824-b362-9189ae4a74e6/.gitconfig'
Build iOS and Submit to TestFlight	Post Checkout Code	2026-09-29T13:15:21.8177410Z Temporarily overriding HOME='/Users/runner/work/_temp/263e2f15-8f8e-4824-b362-9189ae4a74e6' before making global git config changes
Build iOS and Submit to TestFlight	Post Checkout Code	2026-09-29T13:15:21.8179450Z Adding repository directory to the temporary git global config as a safe directory
Build iOS and Submit to TestFlight	Post Checkout Code	2026-09-29T13:15:21.8181250Z [command]/opt/homebrew/bin/git config --global --add safe.directory /Users/runner/work/NGNflow/NGNflow
Build iOS and Submit to TestFlight	Post Checkout Code	2026-09-29T13:15:21.8373700Z [command]/opt/homebrew/bin/git config --local --name-only --get-regexp core\.sshCommand
Build iOS and Submit to TestFlight	Post Checkout Code	2026-09-29T13:15:21.8444760Z [command]/opt/homebrew/bin/git submodule foreach --recursive sh -c "git config --local --name-only --get-regexp 'core\.sshCommand' && git config --local --unset-all 'core.sshCommand' || :"
Build iOS and Submit to TestFlight	Post Checkout Code	2026-09-29T13:15:21.9642430Z [command]/opt/homebrew/bin/git config --local --name-only --get-regexp http\.https\:\/\/github\.com\/\.extraheader
Build iOS and Submit to TestFlight	Post Checkout Code	2026-09-29T13:15:21.9711680Z http.https://github.com/.extraheader
Build iOS and Submit to TestFlight	Post Checkout Code	2026-09-29T13:15:21.9721430Z [command]/opt/homebrew/bin/git config --local --unset-all http.https://github.com/.extraheader
Build iOS and Submit to TestFlight	Post Checkout Code	2026-09-29T13:15:21.9809190Z [command]/opt/homebrew/bin/git submodule foreach --recursive sh -c "git config --local --name-only --get-regexp 'http\.https\:\/\/github\.com\/\.extraheader' && git config --local --unset-all 'http.https://github.com/.extraheader' || :"
Build iOS and Submit to TestFlight	Post Checkout Code	2026-09-29T13:15:22.1114900Z [command]/opt/homebrew/bin/git config --local --name-only --get-regexp ^includeIf\.gitdir:
Build iOS and Submit to TestFlight	Post Checkout Code	2026-09-29T13:15:22.1233940Z [command]/opt/homebrew/bin/git submodule foreach --recursive git config --local --show-origin --name-only --get-regexp remote.origin.url
Build iOS and Submit to TestFlight	Complete job	﻿2026-09-29T13:15:22.2481970Z Cleaning up orphan processes
Build iOS and Submit to TestFlight	Complete job	2026-09-29T13:15:23.3220860Z ##[warning]Node.js 20 is deprecated. The following actions target Node.js 20 but are being forced to run on Node.js 24: actions/checkout@v4, actions/setup-node@v4, actions/upload-artifact@v4, expo/expo-github-action@v8. For more information see: https://github.blog/changelog/2025-09-19-deprecation-of-node-20-on-github-actions-runners/
