Build iOS and Submit to TestFlight	Set up job	﻿2026-09-29T05:58:41.9101170Z Current runner version: '2.337.0'
Build iOS and Submit to TestFlight	Set up job	2026-09-29T05:58:41.9117350Z ##[group]Runner Image Provisioner
Build iOS and Submit to TestFlight	Set up job	2026-09-29T05:58:41.9117900Z Hosted Compute Agent
Build iOS and Submit to TestFlight	Set up job	2026-09-29T05:58:41.9118270Z Version: 20260828.587
Build iOS and Submit to TestFlight	Set up job	2026-09-29T05:58:41.9118680Z Commit: abac92662cab4cc7352de4f9f9d2e2419aad9c29
Build iOS and Submit to TestFlight	Set up job	2026-09-29T05:58:41.9119150Z Build Date: 2026-08-28T16:44:25Z
Build iOS and Submit to TestFlight	Set up job	2026-09-29T05:58:41.9119590Z Worker ID: {a36b7782-1c67-40e7-9413-65be72080c63}
Build iOS and Submit to TestFlight	Set up job	2026-09-29T05:58:41.9120040Z Azure Region: westus
Build iOS and Submit to TestFlight	Set up job	2026-09-29T05:58:41.9120400Z ##[endgroup]
Build iOS and Submit to TestFlight	Set up job	2026-09-29T05:58:41.9121370Z ##[group]Operating System
Build iOS and Submit to TestFlight	Set up job	2026-09-29T05:58:41.9121810Z macOS
Build iOS and Submit to TestFlight	Set up job	2026-09-29T05:58:41.9122130Z 26.6.2
Build iOS and Submit to TestFlight	Set up job	2026-09-29T05:58:41.9122460Z 25G83
Build iOS and Submit to TestFlight	Set up job	2026-09-29T05:58:41.9122800Z ##[endgroup]
Build iOS and Submit to TestFlight	Set up job	2026-09-29T05:58:41.9123160Z ##[group]Runner Image
Build iOS and Submit to TestFlight	Set up job	2026-09-29T05:58:41.9123550Z Image: macos-26-arm64
Build iOS and Submit to TestFlight	Set up job	2026-09-29T05:58:41.9123920Z Version: 20260907.0351.1
Build iOS and Submit to TestFlight	Set up job	2026-09-29T05:58:41.9124680Z Included Software: https://github.com/actions/runner-images/blob/macos-26-arm64/20260907.0351/images/macos/macos-26-arm64-Readme.md
Build iOS and Submit to TestFlight	Set up job	2026-09-29T05:58:41.9125810Z Image Release: https://github.com/actions/runner-images/releases/tag/macos-26-arm64%2F20260907.0351
Build iOS and Submit to TestFlight	Set up job	2026-09-29T05:58:41.9126480Z ##[endgroup]
Build iOS and Submit to TestFlight	Set up job	2026-09-29T05:58:41.9127270Z ##[group]GITHUB_TOKEN Permissions
Build iOS and Submit to TestFlight	Set up job	2026-09-29T05:58:41.9128340Z Contents: read
Build iOS and Submit to TestFlight	Set up job	2026-09-29T05:58:41.9128710Z Metadata: read
Build iOS and Submit to TestFlight	Set up job	2026-09-29T05:58:41.9129070Z Packages: read
Build iOS and Submit to TestFlight	Set up job	2026-09-29T05:58:41.9129440Z ##[endgroup]
Build iOS and Submit to TestFlight	Set up job	2026-09-29T05:58:41.9130780Z Secret source: Actions
Build iOS and Submit to TestFlight	Set up job	2026-09-29T05:58:41.9131350Z Cache mode: write
Build iOS and Submit to TestFlight	Set up job	2026-09-29T05:58:41.9131810Z Prepare workflow directory
Build iOS and Submit to TestFlight	Set up job	2026-09-29T05:58:41.9358380Z Prepare all required actions
Build iOS and Submit to TestFlight	Set up job	2026-09-29T05:58:41.9396040Z Getting action download info
Build iOS and Submit to TestFlight	Set up job	2026-09-29T05:58:42.2569670Z Download action repository 'actions/checkout@v4' (SHA:11d5960a326750d5838078e36cf38b85af677262)
Build iOS and Submit to TestFlight	Set up job	2026-09-29T05:58:42.4556130Z Download action repository 'actions/setup-node@v4' (SHA:49933ea5288caeca8642d1e84afbd3f7d6820020)
Build iOS and Submit to TestFlight	Set up job	2026-09-29T05:58:42.5563400Z Download action repository 'expo/expo-github-action@v8' (SHA:c7b66a9c327a43a8fa7c0158e7f30d6040d2481e)
Build iOS and Submit to TestFlight	Set up job	2026-09-29T05:58:43.0602420Z Download action repository 'actions/upload-artifact@v4' (SHA:ea165f8d65b6e75b540449e92b4886f43607fa02)
Build iOS and Submit to TestFlight	Set up job	2026-09-29T05:58:43.2547140Z Complete job name: Build iOS and Submit to TestFlight
Build iOS and Submit to TestFlight	Checkout Code	﻿2026-09-29T05:58:43.2935800Z ##[group]Run actions/checkout@v4
Build iOS and Submit to TestFlight	Checkout Code	2026-09-29T05:58:43.2936320Z with:
Build iOS and Submit to TestFlight	Checkout Code	2026-09-29T05:58:43.2936630Z   repository: abdquayyum/NGNflow
Build iOS and Submit to TestFlight	Checkout Code	2026-09-29T05:58:43.2939210Z   token: ***
Build iOS and Submit to TestFlight	Checkout Code	2026-09-29T05:58:43.2939500Z   ssh-strict: true
Build iOS and Submit to TestFlight	Checkout Code	2026-09-29T05:58:43.2939790Z   ssh-user: git
Build iOS and Submit to TestFlight	Checkout Code	2026-09-29T05:58:43.2940090Z   persist-credentials: true
Build iOS and Submit to TestFlight	Checkout Code	2026-09-29T05:58:43.2940420Z   clean: true
Build iOS and Submit to TestFlight	Checkout Code	2026-09-29T05:58:43.2940720Z   sparse-checkout-cone-mode: true
Build iOS and Submit to TestFlight	Checkout Code	2026-09-29T05:58:43.2941080Z   fetch-depth: 1
Build iOS and Submit to TestFlight	Checkout Code	2026-09-29T05:58:43.2941370Z   fetch-tags: false
Build iOS and Submit to TestFlight	Checkout Code	2026-09-29T05:58:43.2941670Z   show-progress: true
Build iOS and Submit to TestFlight	Checkout Code	2026-09-29T05:58:43.2941980Z   lfs: false
Build iOS and Submit to TestFlight	Checkout Code	2026-09-29T05:58:43.2942270Z   submodules: false
Build iOS and Submit to TestFlight	Checkout Code	2026-09-29T05:58:43.2942580Z   set-safe-directory: true
Build iOS and Submit to TestFlight	Checkout Code	2026-09-29T05:58:43.2942930Z   allow-unsafe-pr-checkout: false
Build iOS and Submit to TestFlight	Checkout Code	2026-09-29T05:58:43.2943380Z ##[endgroup]
Build iOS and Submit to TestFlight	Checkout Code	2026-09-29T05:58:43.6306870Z Syncing repository: abdquayyum/NGNflow
Build iOS and Submit to TestFlight	Checkout Code	2026-09-29T05:58:43.6308600Z ##[group]Getting Git version info
Build iOS and Submit to TestFlight	Checkout Code	2026-09-29T05:58:43.6309280Z Working directory is '/Users/runner/work/NGNflow/NGNflow'
Build iOS and Submit to TestFlight	Checkout Code	2026-09-29T05:58:43.6310570Z [command]/opt/homebrew/bin/git version
Build iOS and Submit to TestFlight	Checkout Code	2026-09-29T05:58:43.6785920Z git version 2.55.0
Build iOS and Submit to TestFlight	Checkout Code	2026-09-29T05:58:43.6801450Z ##[endgroup]
Build iOS and Submit to TestFlight	Checkout Code	2026-09-29T05:58:43.6807190Z Copying '/Users/runner/.gitconfig' to '/Users/runner/work/_temp/46fda7f0-7c9f-451a-9f59-5865ade2eb40/.gitconfig'
Build iOS and Submit to TestFlight	Checkout Code	2026-09-29T05:58:43.6812460Z Temporarily overriding HOME='/Users/runner/work/_temp/46fda7f0-7c9f-451a-9f59-5865ade2eb40' before making global git config changes
Build iOS and Submit to TestFlight	Checkout Code	2026-09-29T05:58:43.6813550Z Adding repository directory to the temporary git global config as a safe directory
Build iOS and Submit to TestFlight	Checkout Code	2026-09-29T05:58:43.6816000Z [command]/opt/homebrew/bin/git config --global --add safe.directory /Users/runner/work/NGNflow/NGNflow
Build iOS and Submit to TestFlight	Checkout Code	2026-09-29T05:58:43.6912850Z Deleting the contents of '/Users/runner/work/NGNflow/NGNflow'
Build iOS and Submit to TestFlight	Checkout Code	2026-09-29T05:58:43.6915070Z ##[group]Initializing the repository
Build iOS and Submit to TestFlight	Checkout Code	2026-09-29T05:58:43.6918440Z [command]/opt/homebrew/bin/git init /Users/runner/work/NGNflow/NGNflow
Build iOS and Submit to TestFlight	Checkout Code	2026-09-29T05:58:43.7103280Z hint: Using 'master' as the name for the initial branch. This default branch name
Build iOS and Submit to TestFlight	Checkout Code	2026-09-29T05:58:43.7104740Z hint: will change to "main" in Git 3.0. To configure the initial branch name
Build iOS and Submit to TestFlight	Checkout Code	2026-09-29T05:58:43.7105600Z hint: to use in all of your new repositories, which will suppress this warning,
Build iOS and Submit to TestFlight	Checkout Code	2026-09-29T05:58:43.7106300Z hint: call:
Build iOS and Submit to TestFlight	Checkout Code	2026-09-29T05:58:43.7107000Z hint:
Build iOS and Submit to TestFlight	Checkout Code	2026-09-29T05:58:43.7107770Z hint: 	git config --global init.defaultBranch <name>
Build iOS and Submit to TestFlight	Checkout Code	2026-09-29T05:58:43.7108300Z hint:
Build iOS and Submit to TestFlight	Checkout Code	2026-09-29T05:58:43.7108830Z hint: Names commonly chosen instead of 'master' are 'main', 'trunk' and
Build iOS and Submit to TestFlight	Checkout Code	2026-09-29T05:58:43.7109630Z hint: 'development'. The just-created branch can be renamed via this command:
Build iOS and Submit to TestFlight	Checkout Code	2026-09-29T05:58:43.7110250Z hint:
Build iOS and Submit to TestFlight	Checkout Code	2026-09-29T05:58:43.7110790Z hint: 	git branch -m <name>
Build iOS and Submit to TestFlight	Checkout Code	2026-09-29T05:58:43.7111280Z hint:
Build iOS and Submit to TestFlight	Checkout Code	2026-09-29T05:58:43.7111880Z hint: Disable this message with "git config set advice.defaultBranchName false"
Build iOS and Submit to TestFlight	Checkout Code	2026-09-29T05:58:43.7112720Z Initialized empty Git repository in /Users/runner/work/NGNflow/NGNflow/.git/
Build iOS and Submit to TestFlight	Checkout Code	2026-09-29T05:58:43.7114530Z [command]/opt/homebrew/bin/git remote add origin https://github.com/abdquayyum/NGNflow
Build iOS and Submit to TestFlight	Checkout Code	2026-09-29T05:58:43.7196240Z ##[endgroup]
Build iOS and Submit to TestFlight	Checkout Code	2026-09-29T05:58:43.7197790Z ##[group]Disabling automatic garbage collection
Build iOS and Submit to TestFlight	Checkout Code	2026-09-29T05:58:43.7198750Z [command]/opt/homebrew/bin/git config --local gc.auto 0
Build iOS and Submit to TestFlight	Checkout Code	2026-09-29T05:58:43.7260740Z ##[endgroup]
Build iOS and Submit to TestFlight	Checkout Code	2026-09-29T05:58:43.7261480Z ##[group]Setting up auth
Build iOS and Submit to TestFlight	Checkout Code	2026-09-29T05:58:43.7264470Z [command]/opt/homebrew/bin/git config --local --name-only --get-regexp core\.sshCommand
Build iOS and Submit to TestFlight	Checkout Code	2026-09-29T05:58:43.7323440Z [command]/opt/homebrew/bin/git submodule foreach --recursive sh -c "git config --local --name-only --get-regexp 'core\.sshCommand' && git config --local --unset-all 'core.sshCommand' || :"
Build iOS and Submit to TestFlight	Checkout Code	2026-09-29T05:58:43.8111430Z [command]/opt/homebrew/bin/git config --local --name-only --get-regexp http\.https\:\/\/github\.com\/\.extraheader
Build iOS and Submit to TestFlight	Checkout Code	2026-09-29T05:58:43.8165150Z [command]/opt/homebrew/bin/git submodule foreach --recursive sh -c "git config --local --name-only --get-regexp 'http\.https\:\/\/github\.com\/\.extraheader' && git config --local --unset-all 'http.https://github.com/.extraheader' || :"
Build iOS and Submit to TestFlight	Checkout Code	2026-09-29T05:58:43.8823880Z [command]/opt/homebrew/bin/git config --local --name-only --get-regexp ^includeIf\.gitdir:
Build iOS and Submit to TestFlight	Checkout Code	2026-09-29T05:58:43.8875430Z [command]/opt/homebrew/bin/git submodule foreach --recursive git config --local --show-origin --name-only --get-regexp remote.origin.url
Build iOS and Submit to TestFlight	Checkout Code	2026-09-29T05:58:44.0070980Z [command]/opt/homebrew/bin/git config --local http.https://github.com/.extraheader AUTHORIZATION: basic ***
Build iOS and Submit to TestFlight	Checkout Code	2026-09-29T05:58:44.0144060Z ##[endgroup]
Build iOS and Submit to TestFlight	Checkout Code	2026-09-29T05:58:44.0145100Z ##[group]Fetching the repository
Build iOS and Submit to TestFlight	Checkout Code	2026-09-29T05:58:44.0147020Z [command]/opt/homebrew/bin/git -c protocol.version=2 fetch --no-tags --prune --no-recurse-submodules --depth=1 origin +5a1dce08259cd99d2929a7d8b79e45ee1d1f8546:refs/remotes/origin/master
Build iOS and Submit to TestFlight	Checkout Code	2026-09-29T05:58:45.1521060Z From https://github.com/abdquayyum/NGNflow
Build iOS and Submit to TestFlight	Checkout Code	2026-09-29T05:58:45.1522300Z  * [new ref]         5a1dce08259cd99d2929a7d8b79e45ee1d1f8546 -> origin/master
Build iOS and Submit to TestFlight	Checkout Code	2026-09-29T05:58:45.1523910Z ##[endgroup]
Build iOS and Submit to TestFlight	Checkout Code	2026-09-29T05:58:45.1524370Z ##[group]Determining the checkout info
Build iOS and Submit to TestFlight	Checkout Code	2026-09-29T05:58:45.1524890Z ##[endgroup]
Build iOS and Submit to TestFlight	Checkout Code	2026-09-29T05:58:45.1528010Z [command]/opt/homebrew/bin/git sparse-checkout disable
Build iOS and Submit to TestFlight	Checkout Code	2026-09-29T05:58:45.1595350Z [command]/opt/homebrew/bin/git config --local --unset-all extensions.worktreeConfig
Build iOS and Submit to TestFlight	Checkout Code	2026-09-29T05:58:45.1656160Z ##[group]Checking out the ref
Build iOS and Submit to TestFlight	Checkout Code	2026-09-29T05:58:45.1658900Z [command]/opt/homebrew/bin/git checkout --progress --force -B master refs/remotes/origin/master
Build iOS and Submit to TestFlight	Checkout Code	2026-09-29T05:58:45.1894480Z Reset branch 'master'
Build iOS and Submit to TestFlight	Checkout Code	2026-09-29T05:58:45.1898080Z branch 'master' set up to track 'origin/master'.
Build iOS and Submit to TestFlight	Checkout Code	2026-09-29T05:58:45.1901690Z ##[endgroup]
Build iOS and Submit to TestFlight	Checkout Code	2026-09-29T05:58:45.1978830Z [command]/opt/homebrew/bin/git log -1 --format=%H
Build iOS and Submit to TestFlight	Checkout Code	2026-09-29T05:58:45.2040360Z 5a1dce08259cd99d2929a7d8b79e45ee1d1f8546
Build iOS and Submit to TestFlight	Setup Node	﻿2026-09-29T05:58:45.2216030Z ##[group]Run actions/setup-node@v4
Build iOS and Submit to TestFlight	Setup Node	2026-09-29T05:58:45.2216300Z with:
Build iOS and Submit to TestFlight	Setup Node	2026-09-29T05:58:45.2216460Z   node-version: 22
Build iOS and Submit to TestFlight	Setup Node	2026-09-29T05:58:45.2216620Z   cache: npm
Build iOS and Submit to TestFlight	Setup Node	2026-09-29T05:58:45.2216780Z   always-auth: false
Build iOS and Submit to TestFlight	Setup Node	2026-09-29T05:58:45.2216960Z   check-latest: false
Build iOS and Submit to TestFlight	Setup Node	2026-09-29T05:58:45.2218970Z   token: ***
Build iOS and Submit to TestFlight	Setup Node	2026-09-29T05:58:45.2219130Z ##[endgroup]
Build iOS and Submit to TestFlight	Setup Node	2026-09-29T05:58:45.3446470Z Found in cache @ /Users/runner/hostedtoolcache/node/22.23.2/arm64
Build iOS and Submit to TestFlight	Setup Node	2026-09-29T05:58:45.3449780Z (node:9723) [DEP0040] DeprecationWarning: The `punycode` module is deprecated. Please use a userland alternative instead.
Build iOS and Submit to TestFlight	Setup Node	2026-09-29T05:58:45.3450450Z (Use `node --trace-deprecation ...` to show where the warning was created)
Build iOS and Submit to TestFlight	Setup Node	2026-09-29T05:58:45.3451220Z ##[group]Environment details
Build iOS and Submit to TestFlight	Setup Node	2026-09-29T05:58:45.7613440Z node: v22.23.2
Build iOS and Submit to TestFlight	Setup Node	2026-09-29T05:58:45.7613740Z npm: 10.9.8
Build iOS and Submit to TestFlight	Setup Node	2026-09-29T05:58:45.7613990Z yarn: 1.22.22
Build iOS and Submit to TestFlight	Setup Node	2026-09-29T05:58:45.7614660Z ##[endgroup]
Build iOS and Submit to TestFlight	Setup Node	2026-09-29T05:58:45.7628790Z [command]/Users/runner/hostedtoolcache/node/22.23.2/arm64/bin/npm config get cache
Build iOS and Submit to TestFlight	Setup Node	2026-09-29T05:58:45.9153320Z /Users/runner/.npm
Build iOS and Submit to TestFlight	Setup Node	2026-09-29T05:58:46.0900750Z Cache hit for: node-cache-macOS-arm64-npm-14b58e35e2ed24ff95f7f4b42039230131cae4a177d1788a6acb0094b51d732b
Build iOS and Submit to TestFlight	Setup Node	2026-09-29T05:58:46.0960520Z (node:9723) [DEP0169] DeprecationWarning: `url.parse()` behavior is not standardized and prone to errors that have security implications. Use the WHATWG URL API instead. CVEs are not issued for `url.parse()` vulnerabilities.
Build iOS and Submit to TestFlight	Setup Node	2026-09-29T05:58:47.2439210Z Received 83886080 of 203252005 (41.3%), 79.9 MBs/sec
Build iOS and Submit to TestFlight	Setup Node	2026-09-29T05:58:48.2445100Z Received 130023424 of 203252005 (64.0%), 61.9 MBs/sec
Build iOS and Submit to TestFlight	Setup Node	2026-09-29T05:58:49.0976230Z Received 203252005 of 203252005 (100.0%), 67.9 MBs/sec
Build iOS and Submit to TestFlight	Setup Node	2026-09-29T05:58:49.0978880Z Cache Size: ~194 MB (203252005 B)
Build iOS and Submit to TestFlight	Setup Node	2026-09-29T05:58:49.1097270Z [command]/opt/homebrew/bin/gtar -xf /Users/runner/work/_temp/3bd5beca-6f1f-4553-9b6a-6cef840884f4/cache.tzst -P -C /Users/runner/work/NGNflow/NGNflow --delay-directory-restore --use-compress-program unzstd
Build iOS and Submit to TestFlight	Setup Node	2026-09-29T05:58:51.4803830Z Cache restored successfully
Build iOS and Submit to TestFlight	Setup Node	2026-09-29T05:58:51.4870630Z Cache restored from key: node-cache-macOS-arm64-npm-14b58e35e2ed24ff95f7f4b42039230131cae4a177d1788a6acb0094b51d732b
Build iOS and Submit to TestFlight	Install dependencies	﻿2026-09-29T05:58:51.5097440Z ##[group]Run npm ci
Build iOS and Submit to TestFlight	Install dependencies	2026-09-29T05:58:51.5097720Z ^[[36;1mnpm ci^[[0m
Build iOS and Submit to TestFlight	Install dependencies	2026-09-29T05:58:51.5147090Z shell: /bin/bash -e {0}
Build iOS and Submit to TestFlight	Install dependencies	2026-09-29T05:58:51.5147420Z ##[endgroup]
Build iOS and Submit to TestFlight	Install dependencies	2026-09-29T05:58:54.2346230Z npm warn deprecated text-encoding@0.7.0: no longer maintained
Build iOS and Submit to TestFlight	Install dependencies	2026-09-29T05:58:54.7121080Z npm warn deprecated uuid@7.0.3: uuid@10 and below is no longer supported.  For ESM codebases, update to uuid@latest.  For CommonJS codebases, use uuid@11 (but be aware this version will likely be deprecated in 2028).
Build iOS and Submit to TestFlight	Install dependencies	2026-09-29T05:59:01.8620550Z 
Build iOS and Submit to TestFlight	Install dependencies	2026-09-29T05:59:01.8621140Z > NGNflow@1.0.0 postinstall
Build iOS and Submit to TestFlight	Install dependencies	2026-09-29T05:59:01.8621580Z > patch-package
Build iOS and Submit to TestFlight	Install dependencies	2026-09-29T05:59:01.8621820Z 
Build iOS and Submit to TestFlight	Install dependencies	2026-09-29T05:59:02.0457270Z patch-package 8.0.1
Build iOS and Submit to TestFlight	Install dependencies	2026-09-29T05:59:02.0457900Z Applying patches...
Build iOS and Submit to TestFlight	Install dependencies	2026-09-29T05:59:02.0523350Z expo-modules-core@57.0.19 ✔
Build iOS and Submit to TestFlight	Install dependencies	2026-09-29T05:59:02.0695470Z expo-modules-jsi@57.1.1 ✔
Build iOS and Submit to TestFlight	Install dependencies	2026-09-29T05:59:02.0706730Z expo-notifications@57.0.21 ✔
Build iOS and Submit to TestFlight	Install dependencies	2026-09-29T05:59:02.0723080Z react-native@0.86.3 ✔
Build iOS and Submit to TestFlight	Install dependencies	2026-09-29T05:59:02.0821130Z 
Build iOS and Submit to TestFlight	Install dependencies	2026-09-29T05:59:02.0821950Z added 659 packages, and audited 660 packages in 10s
Build iOS and Submit to TestFlight	Install dependencies	2026-09-29T05:59:02.0822340Z 
Build iOS and Submit to TestFlight	Install dependencies	2026-09-29T05:59:02.0822530Z 80 packages are looking for funding
Build iOS and Submit to TestFlight	Install dependencies	2026-09-29T05:59:02.0822790Z   run `npm fund` for details
Build iOS and Submit to TestFlight	Install dependencies	2026-09-29T05:59:02.1188540Z 
Build iOS and Submit to TestFlight	Install dependencies	2026-09-29T05:59:02.1189110Z 13 moderate severity vulnerabilities
Build iOS and Submit to TestFlight	Install dependencies	2026-09-29T05:59:02.1189340Z 
Build iOS and Submit to TestFlight	Install dependencies	2026-09-29T05:59:02.1189560Z To address issues that do not require attention, run:
Build iOS and Submit to TestFlight	Install dependencies	2026-09-29T05:59:02.1189900Z   npm audit fix
Build iOS and Submit to TestFlight	Install dependencies	2026-09-29T05:59:02.1190040Z 
Build iOS and Submit to TestFlight	Install dependencies	2026-09-29T05:59:02.1190270Z To address all issues (including breaking changes), run:
Build iOS and Submit to TestFlight	Install dependencies	2026-09-29T05:59:02.1190590Z   npm audit fix --force
Build iOS and Submit to TestFlight	Install dependencies	2026-09-29T05:59:02.1201870Z 
Build iOS and Submit to TestFlight	Install dependencies	2026-09-29T05:59:02.1202040Z Run `npm audit` for details.
Build iOS and Submit to TestFlight	Setup Expo and EAS CLI	﻿2026-09-29T05:59:02.1946960Z ##[group]Run expo/expo-github-action@v8
Build iOS and Submit to TestFlight	Setup Expo and EAS CLI	2026-09-29T05:59:02.1947220Z with:
Build iOS and Submit to TestFlight	Setup Expo and EAS CLI	2026-09-29T05:59:02.1947370Z   eas-version: latest
Build iOS and Submit to TestFlight	Setup Expo and EAS CLI	2026-09-29T05:59:02.1947770Z   token: ***
Build iOS and Submit to TestFlight	Setup Expo and EAS CLI	2026-09-29T05:59:02.1947970Z   expo-cache: true
Build iOS and Submit to TestFlight	Setup Expo and EAS CLI	2026-09-29T05:59:02.1948130Z   eas-cache: true
Build iOS and Submit to TestFlight	Setup Expo and EAS CLI	2026-09-29T05:59:02.1948320Z   packager: yarn
Build iOS and Submit to TestFlight	Setup Expo and EAS CLI	2026-09-29T05:59:02.1948470Z   patch-watchers: true
Build iOS and Submit to TestFlight	Setup Expo and EAS CLI	2026-09-29T05:59:02.1948670Z ##[endgroup]
Build iOS and Submit to TestFlight	Setup Expo and EAS CLI	2026-09-29T05:59:02.4352410Z Skipped installing expo-cli: 'expo-version' not provided.
Build iOS and Submit to TestFlight	Setup Expo and EAS CLI	2026-09-29T05:59:02.4364490Z (node:10144) [DEP0040] DeprecationWarning: The `punycode` module is deprecated. Please use a userland alternative instead.
Build iOS and Submit to TestFlight	Setup Expo and EAS CLI	2026-09-29T05:59:02.4365300Z (Use `node --trace-deprecation ...` to show where the warning was created)
Build iOS and Submit to TestFlight	Setup Expo and EAS CLI	2026-09-29T05:59:02.7899500Z ##[group]Installing eas-cli (24.8.0) from cache or with yarn
Build iOS and Submit to TestFlight	Setup Expo and EAS CLI	2026-09-29T05:59:02.8785290Z ##[warning]Failed to restore: Cache service responded with 400
Build iOS and Submit to TestFlight	Setup Expo and EAS CLI	2026-09-29T05:59:02.8792170Z [command]/Users/runner/.yarn/bin/yarn add eas-cli@24.8.0
Build iOS and Submit to TestFlight	Setup Expo and EAS CLI	2026-09-29T05:59:02.9862690Z yarn add v1.22.22
Build iOS and Submit to TestFlight	Setup Expo and EAS CLI	2026-09-29T05:59:02.9944230Z info No lockfile found.
Build iOS and Submit to TestFlight	Setup Expo and EAS CLI	2026-09-29T05:59:03.0017680Z [1/4] Resolving packages...
Build iOS and Submit to TestFlight	Setup Expo and EAS CLI	2026-09-29T05:59:03.5859160Z warning eas-cli > @expo/rudder-sdk-node > uuid@8.3.2: uuid@10 and below is no longer supported.  For ESM codebases, update to uuid@latest.  For CommonJS codebases, use uuid@11 (but be aware this version will likely be deprecated in 2028).
Build iOS and Submit to TestFlight	Setup Expo and EAS CLI	2026-09-29T05:59:03.8962460Z warning eas-cli > @expo/prebuild-config > @expo/config > glob@10.5.0: Old versions of glob are not supported, and contain widely publicized security vulnerabilities, which have been fixed in the current version. Please update. Support for old versions may be purchased (at exorbitant rates) by contacting i@izs.me
Build iOS and Submit to TestFlight	Setup Expo and EAS CLI	2026-09-29T05:59:03.8964680Z warning eas-cli > @expo/prebuild-config > @expo/config-plugins > glob@10.5.0: Old versions of glob are not supported, and contain widely publicized security vulnerabilities, which have been fixed in the current version. Please update. Support for old versions may be purchased (at exorbitant rates) by contacting i@izs.me
Build iOS and Submit to TestFlight	Setup Expo and EAS CLI	2026-09-29T05:59:04.0513100Z warning eas-cli > @expo/rudder-sdk-node > @expo/bunyan > uuid@8.3.2: uuid@10 and below is no longer supported.  For ESM codebases, update to uuid@latest.  For CommonJS codebases, use uuid@11 (but be aware this version will likely be deprecated in 2028).
Build iOS and Submit to TestFlight	Setup Expo and EAS CLI	2026-09-29T05:59:04.0677660Z warning eas-cli > @expo/prebuild-config > @expo/config > sucrase > glob@10.5.0: Old versions of glob are not supported, and contain widely publicized security vulnerabilities, which have been fixed in the current version. Please update. Support for old versions may be purchased (at exorbitant rates) by contacting i@izs.me
Build iOS and Submit to TestFlight	Setup Expo and EAS CLI	2026-09-29T05:59:04.0971670Z warning eas-cli > @expo/config-plugins > xcode > uuid@7.0.3: uuid@10 and below is no longer supported.  For ESM codebases, update to uuid@latest.  For CommonJS codebases, use uuid@11 (but be aware this version will likely be deprecated in 2028).
Build iOS and Submit to TestFlight	Setup Expo and EAS CLI	2026-09-29T05:59:04.5183780Z warning eas-cli > @expo/logger > bunyan > mv > rimraf@2.4.5: Rimraf versions prior to v4 are no longer supported
Build iOS and Submit to TestFlight	Setup Expo and EAS CLI	2026-09-29T05:59:04.5186130Z warning eas-cli > @expo/logger > bunyan > mv > rimraf > glob@6.0.4: Old versions of glob are not supported, and contain widely publicized security vulnerabilities, which have been fixed in the current version. Please update. Support for old versions may be purchased (at exorbitant rates) by contacting i@izs.me
Build iOS and Submit to TestFlight	Setup Expo and EAS CLI	2026-09-29T05:59:04.6843460Z warning eas-cli > @expo/logger > bunyan > mv > rimraf > glob > inflight@1.0.6: This module is not supported, and leaks memory. Do not use it. Check out lru-cache if you want a good and tested way to coalesce async requests by a key value, which is much more comprehensive and powerful.
Build iOS and Submit to TestFlight	Setup Expo and EAS CLI	2026-09-29T05:59:04.8508280Z [2/4] Fetching packages...
Build iOS and Submit to TestFlight	Setup Expo and EAS CLI	2026-09-29T05:59:09.6836430Z [3/4] Linking dependencies...
Build iOS and Submit to TestFlight	Setup Expo and EAS CLI	2026-09-29T05:59:09.6842300Z warning "eas-cli > @expo/plugin-help > @oclif/core > ts-node@10.9.2" has unmet peer dependency "@types/node@*".
Build iOS and Submit to TestFlight	Setup Expo and EAS CLI	2026-09-29T05:59:09.6843710Z warning "eas-cli > @expo/plugin-help > @oclif/core > ts-node@10.9.2" has unmet peer dependency "typescript@>=2.7".
Build iOS and Submit to TestFlight	Setup Expo and EAS CLI	2026-09-29T05:59:12.6739030Z [4/4] Building fresh packages...
Build iOS and Submit to TestFlight	Setup Expo and EAS CLI	2026-09-29T05:59:28.2918030Z success Saved lockfile.
Build iOS and Submit to TestFlight	Setup Expo and EAS CLI	2026-09-29T05:59:28.3116910Z success Saved 328 new dependencies.
Build iOS and Submit to TestFlight	Setup Expo and EAS CLI	2026-09-29T05:59:28.3117760Z info Direct dependencies
Build iOS and Submit to TestFlight	Setup Expo and EAS CLI	2026-09-29T05:59:28.3119430Z └─ eas-cli@24.8.0
Build iOS and Submit to TestFlight	Setup Expo and EAS CLI	2026-09-29T05:59:28.3121550Z info All dependencies
Build iOS and Submit to TestFlight	Setup Expo and EAS CLI	2026-09-29T05:59:28.3124770Z ├─ @0no-co/graphql.web@1.3.4
Build iOS and Submit to TestFlight	Setup Expo and EAS CLI	2026-09-29T05:59:28.3125300Z ├─ @babel/compat-data@7.29.7
Build iOS and Submit to TestFlight	Setup Expo and EAS CLI	2026-09-29T05:59:28.3126450Z ├─ @babel/core@7.29.7
Build iOS and Submit to TestFlight	Setup Expo and EAS CLI	2026-09-29T05:59:28.3127080Z ├─ @babel/generator@7.29.8
Build iOS and Submit to TestFlight	Setup Expo and EAS CLI	2026-09-29T05:59:28.3128150Z ├─ @babel/helper-compilation-targets@7.29.7
Build iOS and Submit to TestFlight	Setup Expo and EAS CLI	2026-09-29T05:59:28.3128970Z ├─ @babel/helper-globals@7.29.7
Build iOS and Submit to TestFlight	Setup Expo and EAS CLI	2026-09-29T05:59:28.3131110Z ├─ @babel/helper-module-imports@7.29.7
Build iOS and Submit to TestFlight	Setup Expo and EAS CLI	2026-09-29T05:59:28.3132230Z ├─ @babel/helper-plugin-utils@7.29.7
Build iOS and Submit to TestFlight	Setup Expo and EAS CLI	2026-09-29T05:59:28.3132820Z ├─ @babel/helper-string-parser@7.29.7
Build iOS and Submit to TestFlight	Setup Expo and EAS CLI	2026-09-29T05:59:28.3133560Z ├─ @babel/helper-validator-option@7.29.7
Build iOS and Submit to TestFlight	Setup Expo and EAS CLI	2026-09-29T05:59:28.3134370Z ├─ @babel/helpers@7.29.7
Build iOS and Submit to TestFlight	Setup Expo and EAS CLI	2026-09-29T05:59:28.3135000Z ├─ @babel/highlight@7.25.9
Build iOS and Submit to TestFlight	Setup Expo and EAS CLI	2026-09-29T05:59:28.3135850Z ├─ @babel/plugin-transform-modules-commonjs@7.29.7
Build iOS and Submit to TestFlight	Setup Expo and EAS CLI	2026-09-29T05:59:28.3139280Z ├─ @cspotcode/source-map-support@0.8.1
Build iOS and Submit to TestFlight	Setup Expo and EAS CLI	2026-09-29T05:59:28.3140430Z ├─ @expo/apple-utils@2.2.1
Build iOS and Submit to TestFlight	Setup Expo and EAS CLI	2026-09-29T05:59:28.3141940Z ├─ @expo/bunyan@4.0.1
Build iOS and Submit to TestFlight	Setup Expo and EAS CLI	2026-09-29T05:59:28.3143010Z ├─ @expo/code-signing-certificates@0.0.5
Build iOS and Submit to TestFlight	Setup Expo and EAS CLI	2026-09-29T05:59:28.3143910Z ├─ @expo/config@55.0.10
Build iOS and Submit to TestFlight	Setup Expo and EAS CLI	2026-09-29T05:59:28.3144390Z ├─ @expo/eas-json@24.8.0
Build iOS and Submit to TestFlight	Setup Expo and EAS CLI	2026-09-29T05:59:28.3144860Z ├─ @expo/env@1.0.7
Build iOS and Submit to TestFlight	Setup Expo and EAS CLI	2026-09-29T05:59:28.3147010Z ├─ @expo/image-utils@0.7.6
Build iOS and Submit to TestFlight	Setup Expo and EAS CLI	2026-09-29T05:59:28.3147460Z ├─ @expo/json-file@9.1.5
Build iOS and Submit to TestFlight	Setup Expo and EAS CLI	2026-09-29T05:59:28.3148030Z ├─ @expo/multipart-body-parser@2.0.0
Build iOS and Submit to TestFlight	Setup Expo and EAS CLI	2026-09-29T05:59:28.3148450Z ├─ @expo/osascript@2.1.4
Build iOS and Submit to TestFlight	Setup Expo and EAS CLI	2026-09-29T05:59:28.3148910Z ├─ @expo/package-manager@1.9.10
Build iOS and Submit to TestFlight	Setup Expo and EAS CLI	2026-09-29T05:59:28.3149430Z ├─ @expo/pkcs12@0.1.3
Build iOS and Submit to TestFlight	Setup Expo and EAS CLI	2026-09-29T05:59:28.3149840Z ├─ @expo/plist@0.3.5
Build iOS and Submit to TestFlight	Setup Expo and EAS CLI	2026-09-29T05:59:28.3150270Z ├─ @expo/plugin-help@5.1.23
Build iOS and Submit to TestFlight	Setup Expo and EAS CLI	2026-09-29T05:59:28.3150960Z ├─ @expo/plugin-warn-if-update-available@2.5.1
Build iOS and Submit to TestFlight	Setup Expo and EAS CLI	2026-09-29T05:59:28.3151450Z ├─ @expo/prebuild-config@9.0.12
Build iOS and Submit to TestFlight	Setup Expo and EAS CLI	2026-09-29T05:59:28.3152060Z ├─ @expo/require-utils@55.0.8
Build iOS and Submit to TestFlight	Setup Expo and EAS CLI	2026-09-29T05:59:28.3152720Z ├─ @expo/rudder-sdk-node@1.1.1
Build iOS and Submit to TestFlight	Setup Expo and EAS CLI	2026-09-29T05:59:28.3153320Z ├─ @expo/steps@24.8.0
Build iOS and Submit to TestFlight	Setup Expo and EAS CLI	2026-09-29T05:59:28.3153800Z ├─ @expo/timeago.js@1.0.0
Build iOS and Submit to TestFlight	Setup Expo and EAS CLI	2026-09-29T05:59:28.3154220Z ├─ @expo/turtle-spawn@24.8.0
Build iOS and Submit to TestFlight	Setup Expo and EAS CLI	2026-09-29T05:59:28.3154740Z ├─ @hapi/topo@5.1.0
Build iOS and Submit to TestFlight	Setup Expo and EAS CLI	2026-09-29T05:59:28.3155220Z ├─ @isaacs/cliui@8.0.2
Build iOS and Submit to TestFlight	Setup Expo and EAS CLI	2026-09-29T05:59:28.3155740Z ├─ @isaacs/fs-minipass@4.0.1
Build iOS and Submit to TestFlight	Setup Expo and EAS CLI	2026-09-29T05:59:28.3156240Z ├─ @jridgewell/gen-mapping@0.3.13
Build iOS and Submit to TestFlight	Setup Expo and EAS CLI	2026-09-29T05:59:28.3156850Z ├─ @jridgewell/remapping@2.3.5
Build iOS and Submit to TestFlight	Setup Expo and EAS CLI	2026-09-29T05:59:28.3157260Z ├─ @jridgewell/resolve-uri@3.1.2
Build iOS and Submit to TestFlight	Setup Expo and EAS CLI	2026-09-29T05:59:28.3157700Z ├─ @jridgewell/sourcemap-codec@1.6.0
Build iOS and Submit to TestFlight	Setup Expo and EAS CLI	2026-09-29T05:59:28.3158350Z ├─ @jridgewell/trace-mapping@0.3.31
Build iOS and Submit to TestFlight	Setup Expo and EAS CLI	2026-09-29T05:59:28.3158990Z ├─ @nodelib/fs.scandir@2.1.5
Build iOS and Submit to TestFlight	Setup Expo and EAS CLI	2026-09-29T05:59:28.3159450Z ├─ @nodelib/fs.stat@2.0.5
Build iOS and Submit to TestFlight	Setup Expo and EAS CLI	2026-09-29T05:59:28.3160090Z ├─ @oclif/plugin-autocomplete@3.3.0
Build iOS and Submit to TestFlight	Setup Expo and EAS CLI	2026-09-29T05:59:28.3160590Z ├─ @pkgjs/parseargs@0.11.0
Build iOS and Submit to TestFlight	Setup Expo and EAS CLI	2026-09-29T05:59:28.3161220Z ├─ @protobufjs/aspromise@1.1.2
Build iOS and Submit to TestFlight	Setup Expo and EAS CLI	2026-09-29T05:59:28.3161710Z ├─ @protobufjs/base64@1.1.2
Build iOS and Submit to TestFlight	Setup Expo and EAS CLI	2026-09-29T05:59:28.3162190Z ├─ @protobufjs/codegen@2.0.5
Build iOS and Submit to TestFlight	Setup Expo and EAS CLI	2026-09-29T05:59:28.3162690Z ├─ @protobufjs/eventemitter@1.1.1
Build iOS and Submit to TestFlight	Setup Expo and EAS CLI	2026-09-29T05:59:28.3163150Z ├─ @protobufjs/fetch@1.1.1
Build iOS and Submit to TestFlight	Setup Expo and EAS CLI	2026-09-29T05:59:28.3163700Z ├─ @protobufjs/float@1.0.2
Build iOS and Submit to TestFlight	Setup Expo and EAS CLI	2026-09-29T05:59:28.3164130Z ├─ @protobufjs/path@1.1.2
Build iOS and Submit to TestFlight	Setup Expo and EAS CLI	2026-09-29T05:59:28.3164700Z ├─ @protobufjs/pool@1.1.0
Build iOS and Submit to TestFlight	Setup Expo and EAS CLI	2026-09-29T05:59:28.3165090Z ├─ @protobufjs/utf8@1.1.2
Build iOS and Submit to TestFlight	Setup Expo and EAS CLI	2026-09-29T05:59:28.3165620Z ├─ @react-native/normalize-colors@0.79.6
Build iOS and Submit to TestFlight	Setup Expo and EAS CLI	2026-09-29T05:59:28.3166270Z ├─ @segment/ajv-human-errors@2.16.0
Build iOS and Submit to TestFlight	Setup Expo and EAS CLI	2026-09-29T05:59:28.3166800Z ├─ @segment/loosely-validate-event@2.0.0
Build iOS and Submit to TestFlight	Setup Expo and EAS CLI	2026-09-29T05:59:28.3172390Z ├─ @sentry-internal/tracing@7.77.0
Build iOS and Submit to TestFlight	Setup Expo and EAS CLI	2026-09-29T05:59:28.3172840Z ├─ @sentry/node@7.77.0
Build iOS and Submit to TestFlight	Setup Expo and EAS CLI	2026-09-29T05:59:28.3180470Z ├─ @sideway/address@4.1.5
Build iOS and Submit to TestFlight	Setup Expo and EAS CLI	2026-09-29T05:59:28.3181320Z ├─ @tsconfig/node10@1.0.13
Build iOS and Submit to TestFlight	Setup Expo and EAS CLI	2026-09-29T05:59:28.3181760Z ├─ @tsconfig/node12@1.0.11
Build iOS and Submit to TestFlight	Setup Expo and EAS CLI	2026-09-29T05:59:28.3182680Z ├─ @tsconfig/node14@1.0.3
Build iOS and Submit to TestFlight	Setup Expo and EAS CLI	2026-09-29T05:59:28.3182970Z ├─ @tsconfig/node16@1.0.4
Build iOS and Submit to TestFlight	Setup Expo and EAS CLI	2026-09-29T05:59:28.3184010Z ├─ @types/bunyan@1.8.11
Build iOS and Submit to TestFlight	Setup Expo and EAS CLI	2026-09-29T05:59:28.3186490Z ├─ @types/cli-progress@3.11.6
Build iOS and Submit to TestFlight	Setup Expo and EAS CLI	2026-09-29T05:59:28.3187600Z ├─ @urql/core@4.0.11
Build iOS and Submit to TestFlight	Setup Expo and EAS CLI	2026-09-29T05:59:28.3188870Z ├─ @urql/exchange-retry@1.2.0
Build iOS and Submit to TestFlight	Setup Expo and EAS CLI	2026-09-29T05:59:28.3189170Z ├─ acorn-walk@8.3.5
Build iOS and Submit to TestFlight	Setup Expo and EAS CLI	2026-09-29T05:59:28.3189440Z ├─ acorn@8.18.0
Build iOS and Submit to TestFlight	Setup Expo and EAS CLI	2026-09-29T05:59:28.3190310Z ├─ agent-base@7.1.4
Build iOS and Submit to TestFlight	Setup Expo and EAS CLI	2026-09-29T05:59:28.3190570Z ├─ agent-cli-detector@0.1.7
Build iOS and Submit to TestFlight	Setup Expo and EAS CLI	2026-09-29T05:59:28.3191430Z ├─ ajv-formats@2.1.1
Build iOS and Submit to TestFlight	Setup Expo and EAS CLI	2026-09-29T05:59:28.3192380Z ├─ ajv@8.11.0
Build iOS and Submit to TestFlight	Setup Expo and EAS CLI	2026-09-29T05:59:28.3193020Z ├─ ansicolors@0.3.2
Build iOS and Submit to TestFlight	Setup Expo and EAS CLI	2026-09-29T05:59:28.3194550Z ├─ ansis@3.17.0
Build iOS and Submit to TestFlight	Setup Expo and EAS CLI	2026-09-29T05:59:28.3194880Z ├─ arg@4.1.3
Build iOS and Submit to TestFlight	Setup Expo and EAS CLI	2026-09-29T05:59:28.3195120Z ├─ argparse@1.0.10
Build iOS and Submit to TestFlight	Setup Expo and EAS CLI	2026-09-29T05:59:28.3195850Z ├─ array-union@2.1.0
Build iOS and Submit to TestFlight	Setup Expo and EAS CLI	2026-09-29T05:59:28.3196190Z ├─ asn1@0.2.6
Build iOS and Submit to TestFlight	Setup Expo and EAS CLI	2026-09-29T05:59:28.3196440Z ├─ astral-regex@2.0.0
Build iOS and Submit to TestFlight	Setup Expo and EAS CLI	2026-09-29T05:59:28.3196770Z ├─ async@3.2.6
Build iOS and Submit to TestFlight	Setup Expo and EAS CLI	2026-09-29T05:59:28.3197210Z ├─ asynckit@0.4.0
Build iOS and Submit to TestFlight	Setup Expo and EAS CLI	2026-09-29T05:59:28.3198380Z ├─ balanced-match@1.0.2
Build iOS and Submit to TestFlight	Setup Expo and EAS CLI	2026-09-29T05:59:28.3199770Z ├─ bare-events@2.9.2
Build iOS and Submit to TestFlight	Setup Expo and EAS CLI	2026-09-29T05:59:28.3200140Z ├─ baseline-browser-mapping@2.11.26
Build iOS and Submit to TestFlight	Setup Expo and EAS CLI	2026-09-29T05:59:28.3200900Z ├─ better-opn@3.0.2
Build iOS and Submit to TestFlight	Setup Expo and EAS CLI	2026-09-29T05:59:28.3201100Z ├─ bplist-creator@0.1.0
Build iOS and Submit to TestFlight	Setup Expo and EAS CLI	2026-09-29T05:59:28.3203230Z ├─ bplist-parser@0.3.2
Build iOS and Submit to TestFlight	Setup Expo and EAS CLI	2026-09-29T05:59:28.3204630Z ├─ braces@3.0.3
Build iOS and Submit to TestFlight	Setup Expo and EAS CLI	2026-09-29T05:59:28.3204890Z ├─ browserslist@4.29.2
Build iOS and Submit to TestFlight	Setup Expo and EAS CLI	2026-09-29T05:59:28.3205200Z ├─ bunyan@1.8.15
Build iOS and Submit to TestFlight	Setup Expo and EAS CLI	2026-09-29T05:59:28.3205630Z ├─ call-bind-apply-helpers@1.0.2
Build iOS and Submit to TestFlight	Setup Expo and EAS CLI	2026-09-29T05:59:28.3206870Z ├─ caniuse-lite@1.0.30001813
Build iOS and Submit to TestFlight	Setup Expo and EAS CLI	2026-09-29T05:59:28.3207180Z ├─ cardinal@2.1.1
Build iOS and Submit to TestFlight	Setup Expo and EAS CLI	2026-09-29T05:59:28.3207610Z ├─ centrifuge@5.7.1
Build iOS and Submit to TestFlight	Setup Expo and EAS CLI	2026-09-29T05:59:28.3207990Z ├─ charenc@0.0.2
Build iOS and Submit to TestFlight	Setup Expo and EAS CLI	2026-09-29T05:59:28.3208250Z ├─ chownr@3.0.0
Build iOS and Submit to TestFlight	Setup Expo and EAS CLI	2026-09-29T05:59:28.3209390Z ├─ cli-cursor@3.1.0
Build iOS and Submit to TestFlight	Setup Expo and EAS CLI	2026-09-29T05:59:28.3210760Z ├─ cli-progress@3.12.0
Build iOS and Submit to TestFlight	Setup Expo and EAS CLI	2026-09-29T05:59:28.3211080Z ├─ cli-spinners@2.9.2
Build iOS and Submit to TestFlight	Setup Expo and EAS CLI	2026-09-29T05:59:28.3211430Z ├─ clone@1.0.4
Build iOS and Submit to TestFlight	Setup Expo and EAS CLI	2026-09-29T05:59:28.3211760Z ├─ color-convert@2.0.1
Build iOS and Submit to TestFlight	Setup Expo and EAS CLI	2026-09-29T05:59:28.3213040Z ├─ color-name@1.1.4
Build iOS and Submit to TestFlight	Setup Expo and EAS CLI	2026-09-29T05:59:28.3214370Z ├─ combined-stream@1.0.8
Build iOS and Submit to TestFlight	Setup Expo and EAS CLI	2026-09-29T05:59:28.3217470Z ├─ commander@4.1.1
Build iOS and Submit to TestFlight	Setup Expo and EAS CLI	2026-09-29T05:59:28.3217800Z ├─ component-type@1.2.2
Build iOS and Submit to TestFlight	Setup Expo and EAS CLI	2026-09-29T05:59:28.3219030Z ├─ concat-map@0.0.1
Build iOS and Submit to TestFlight	Setup Expo and EAS CLI	2026-09-29T05:59:28.3219380Z ├─ content-type@1.0.5
Build iOS and Submit to TestFlight	Setup Expo and EAS CLI	2026-09-29T05:59:28.3219720Z ├─ convert-source-map@2.0.0
Build iOS and Submit to TestFlight	Setup Expo and EAS CLI	2026-09-29T05:59:28.3220010Z ├─ create-require@1.1.1
Build iOS and Submit to TestFlight	Setup Expo and EAS CLI	2026-09-29T05:59:28.3220320Z ├─ crypt@0.0.2
Build iOS and Submit to TestFlight	Setup Expo and EAS CLI	2026-09-29T05:59:28.3220700Z ├─ crypto-random-string@2.0.0
Build iOS and Submit to TestFlight	Setup Expo and EAS CLI	2026-09-29T05:59:28.3220990Z ├─ dateformat@4.6.3
Build iOS and Submit to TestFlight	Setup Expo and EAS CLI	2026-09-29T05:59:28.3221790Z ├─ defaults@1.0.4
Build iOS and Submit to TestFlight	Setup Expo and EAS CLI	2026-09-29T05:59:28.3223350Z ├─ delayed-stream@1.0.0
Build iOS and Submit to TestFlight	Setup Expo and EAS CLI	2026-09-29T05:59:28.3223790Z ├─ diff@7.0.0
Build iOS and Submit to TestFlight	Setup Expo and EAS CLI	2026-09-29T05:59:28.3224960Z ├─ dir-glob@3.0.1
Build iOS and Submit to TestFlight	Setup Expo and EAS CLI	2026-09-29T05:59:28.3225250Z ├─ domino@2.1.8
Build iOS and Submit to TestFlight	Setup Expo and EAS CLI	2026-09-29T05:59:28.3225530Z ├─ dotenv-expand@11.0.7
Build iOS and Submit to TestFlight	Setup Expo and EAS CLI	2026-09-29T05:59:28.3226160Z ├─ dotenv@16.3.1
Build iOS and Submit to TestFlight	Setup Expo and EAS CLI	2026-09-29T05:59:28.3227450Z ├─ dtrace-provider@0.8.8
Build iOS and Submit to TestFlight	Setup Expo and EAS CLI	2026-09-29T05:59:28.3227810Z ├─ dunder-proto@1.0.1
Build iOS and Submit to TestFlight	Setup Expo and EAS CLI	2026-09-29T05:59:28.3228090Z ├─ eas-cli@24.8.0
Build iOS and Submit to TestFlight	Setup Expo and EAS CLI	2026-09-29T05:59:28.3228420Z ├─ eastasianwidth@0.2.0
Build iOS and Submit to TestFlight	Setup Expo and EAS CLI	2026-09-29T05:59:28.3228680Z ├─ ejs@3.1.10
Build iOS and Submit to TestFlight	Setup Expo and EAS CLI	2026-09-29T05:59:28.3229950Z ├─ electron-to-chromium@1.5.440
Build iOS and Submit to TestFlight	Setup Expo and EAS CLI	2026-09-29T05:59:28.3230360Z ├─ env-paths@2.2.0
Build iOS and Submit to TestFlight	Setup Expo and EAS CLI	2026-09-29T05:59:28.3231300Z ├─ env-string@1.0.1
Build iOS and Submit to TestFlight	Setup Expo and EAS CLI	2026-09-29T05:59:28.3232380Z ├─ envinfo@7.11.0
Build iOS and Submit to TestFlight	Setup Expo and EAS CLI	2026-09-29T05:59:28.3232720Z ├─ err-code@2.0.3
Build iOS and Submit to TestFlight	Setup Expo and EAS CLI	2026-09-29T05:59:28.3233680Z ├─ error-ex@1.3.4
Build iOS and Submit to TestFlight	Setup Expo and EAS CLI	2026-09-29T05:59:28.3234900Z ├─ es-define-property@1.0.1
Build iOS and Submit to TestFlight	Setup Expo and EAS CLI	2026-09-29T05:59:28.3236280Z ├─ es-object-atoms@1.1.2
Build iOS and Submit to TestFlight	Setup Expo and EAS CLI	2026-09-29T05:59:28.3237210Z ├─ es-set-tostringtag@2.1.0
Build iOS and Submit to TestFlight	Setup Expo and EAS CLI	2026-09-29T05:59:28.3237530Z ├─ escalade@3.2.0
Build iOS and Submit to TestFlight	Setup Expo and EAS CLI	2026-09-29T05:59:28.3238290Z ├─ esprima@4.0.1
Build iOS and Submit to TestFlight	Setup Expo and EAS CLI	2026-09-29T05:59:28.3239600Z ├─ events-universal@1.0.1
Build iOS and Submit to TestFlight	Setup Expo and EAS CLI	2026-09-29T05:59:28.3240520Z ├─ events@3.3.0
Build iOS and Submit to TestFlight	Setup Expo and EAS CLI	2026-09-29T05:59:28.3242730Z ├─ exec-async@2.2.0
Build iOS and Submit to TestFlight	Setup Expo and EAS CLI	2026-09-29T05:59:28.3244130Z ├─ fast-deep-equal@3.1.3
Build iOS and Submit to TestFlight	Setup Expo and EAS CLI	2026-09-29T05:59:28.3244430Z ├─ fast-fifo@1.3.2
Build iOS and Submit to TestFlight	Setup Expo and EAS CLI	2026-09-29T05:59:28.3245110Z ├─ fast-glob@3.3.3
Build iOS and Submit to TestFlight	Setup Expo and EAS CLI	2026-09-29T05:59:28.3246260Z ├─ fast-uri@3.1.8
Build iOS and Submit to TestFlight	Setup Expo and EAS CLI	2026-09-29T05:59:28.3247460Z ├─ fastq@1.20.3
Build iOS and Submit to TestFlight	Setup Expo and EAS CLI	2026-09-29T05:59:28.3248640Z ├─ fdir@6.5.0
Build iOS and Submit to TestFlight	Setup Expo and EAS CLI	2026-09-29T05:59:28.3248930Z ├─ fetch-retry@4.1.1
Build iOS and Submit to TestFlight	Setup Expo and EAS CLI	2026-09-29T05:59:28.3249180Z ├─ figures@3.2.0
Build iOS and Submit to TestFlight	Setup Expo and EAS CLI	2026-09-29T05:59:28.3249470Z ├─ filelist@1.0.6
Build iOS and Submit to TestFlight	Setup Expo and EAS CLI	2026-09-29T05:59:28.3249820Z ├─ fill-range@7.1.1
Build iOS and Submit to TestFlight	Setup Expo and EAS CLI	2026-09-29T05:59:28.3251100Z ├─ find-up@4.1.0
Build iOS and Submit to TestFlight	Setup Expo and EAS CLI	2026-09-29T05:59:28.3253360Z ├─ foreground-child@3.3.1
Build iOS and Submit to TestFlight	Setup Expo and EAS CLI	2026-09-29T05:59:28.3254700Z ├─ form-data@4.0.6
Build iOS and Submit to TestFlight	Setup Expo and EAS CLI	2026-09-29T05:59:28.3255850Z ├─ gensync@1.0.0-beta.2
Build iOS and Submit to TestFlight	Setup Expo and EAS CLI	2026-09-29T05:59:28.3257100Z ├─ get-intrinsic@1.3.0
Build iOS and Submit to TestFlight	Setup Expo and EAS CLI	2026-09-29T05:59:28.3258310Z ├─ get-proto@1.0.1
Build iOS and Submit to TestFlight	Setup Expo and EAS CLI	2026-09-29T05:59:28.3258500Z ├─ glob@10.5.0
Build iOS and Submit to TestFlight	Setup Expo and EAS CLI	2026-09-29T05:59:28.3259390Z ├─ globby@11.1.0
Build iOS and Submit to TestFlight	Setup Expo and EAS CLI	2026-09-29T05:59:28.3260310Z ├─ golden-fleece@1.0.9
Build iOS and Submit to TestFlight	Setup Expo and EAS CLI	2026-09-29T05:59:28.3261510Z ├─ graceful-fs@4.2.11
Build iOS and Submit to TestFlight	Setup Expo and EAS CLI	2026-09-29T05:59:28.3262920Z ├─ gradle-to-js@2.0.1
Build iOS and Submit to TestFlight	Setup Expo and EAS CLI	2026-09-29T05:59:28.3263280Z ├─ graphql-tag@2.12.6
Build iOS and Submit to TestFlight	Setup Expo and EAS CLI	2026-09-29T05:59:28.3263740Z ├─ graphql@16.8.1
Build iOS and Submit to TestFlight	Setup Expo and EAS CLI	2026-09-29T05:59:28.3264980Z ├─ has-symbols@1.1.0
Build iOS and Submit to TestFlight	Setup Expo and EAS CLI	2026-09-29T05:59:28.3265290Z ├─ has-tostringtag@1.0.2
Build iOS and Submit to TestFlight	Setup Expo and EAS CLI	2026-09-29T05:59:28.3265940Z ├─ hosted-git-info@7.0.2
Build iOS and Submit to TestFlight	Setup Expo and EAS CLI	2026-09-29T05:59:28.3267180Z ├─ http-call@5.3.0
Build iOS and Submit to TestFlight	Setup Expo and EAS CLI	2026-09-29T05:59:28.3267680Z ├─ https-proxy-agent@7.0.6
Build iOS and Submit to TestFlight	Setup Expo and EAS CLI	2026-09-29T05:59:28.3267930Z ├─ hyperlinker@1.0.0
Build iOS and Submit to TestFlight	Setup Expo and EAS CLI	2026-09-29T05:59:28.3268180Z ├─ ignore@5.3.0
Build iOS and Submit to TestFlight	Setup Expo and EAS CLI	2026-09-29T05:59:28.3268550Z ├─ imurmurhash@0.1.4
Build iOS and Submit to TestFlight	Setup Expo and EAS CLI	2026-09-29T05:59:28.3268740Z ├─ inflight@1.0.6
Build iOS and Submit to TestFlight	Setup Expo and EAS CLI	2026-09-29T05:59:28.3268980Z ├─ inherits@2.0.4
Build iOS and Submit to TestFlight	Setup Expo and EAS CLI	2026-09-29T05:59:28.3269260Z ├─ invariant@2.2.4
Build iOS and Submit to TestFlight	Setup Expo and EAS CLI	2026-09-29T05:59:28.3269990Z ├─ is-arrayish@0.2.1
Build iOS and Submit to TestFlight	Setup Expo and EAS CLI	2026-09-29T05:59:28.3270360Z ├─ is-buffer@1.1.6
Build iOS and Submit to TestFlight	Setup Expo and EAS CLI	2026-09-29T05:59:28.3270660Z ├─ is-docker@2.2.1
Build iOS and Submit to TestFlight	Setup Expo and EAS CLI	2026-09-29T05:59:28.3270920Z ├─ is-extglob@2.1.1
Build iOS and Submit to TestFlight	Setup Expo and EAS CLI	2026-09-29T05:59:28.3271200Z ├─ is-glob@4.0.3
Build iOS and Submit to TestFlight	Setup Expo and EAS CLI	2026-09-29T05:59:28.3271490Z ├─ is-inside-container@1.0.0
Build iOS and Submit to TestFlight	Setup Expo and EAS CLI	2026-09-29T05:59:28.3271790Z ├─ is-interactive@1.0.0
Build iOS and Submit to TestFlight	Setup Expo and EAS CLI	2026-09-29T05:59:28.3272160Z ├─ is-number@7.0.0
Build iOS and Submit to TestFlight	Setup Expo and EAS CLI	2026-09-29T05:59:28.3272660Z ├─ is-retry-allowed@1.2.0
Build iOS and Submit to TestFlight	Setup Expo and EAS CLI	2026-09-29T05:59:28.3273060Z ├─ is-stream@2.0.1
Build iOS and Submit to TestFlight	Setup Expo and EAS CLI	2026-09-29T05:59:28.3273390Z ├─ is-unicode-supported@0.1.0
Build iOS and Submit to TestFlight	Setup Expo and EAS CLI	2026-09-29T05:59:28.3289850Z ├─ isexe@2.0.0
Build iOS and Submit to TestFlight	Setup Expo and EAS CLI	2026-09-29T05:59:28.3290240Z ├─ jackspeak@3.4.3
Build iOS and Submit to TestFlight	Setup Expo and EAS CLI	2026-09-29T05:59:28.3290490Z ├─ jake@10.9.4
Build iOS and Submit to TestFlight	Setup Expo and EAS CLI	2026-09-29T05:59:28.3290680Z ├─ jimp-compact@0.16.1
Build iOS and Submit to TestFlight	Setup Expo and EAS CLI	2026-09-29T05:59:28.3290930Z ├─ jks-js@1.1.0
Build iOS and Submit to TestFlight	Setup Expo and EAS CLI	2026-09-29T05:59:28.3291290Z ├─ join-component@1.1.0
Build iOS and Submit to TestFlight	Setup Expo and EAS CLI	2026-09-29T05:59:28.3292430Z ├─ js-yaml@3.15.2
Build iOS and Submit to TestFlight	Setup Expo and EAS CLI	2026-09-29T05:59:28.3292710Z ├─ jsep@1.4.0
Build iOS and Submit to TestFlight	Setup Expo and EAS CLI	2026-09-29T05:59:28.3293000Z ├─ jsesc@3.1.0
Build iOS and Submit to TestFlight	Setup Expo and EAS CLI	2026-09-29T05:59:28.3293440Z ├─ json-parse-better-errors@1.0.2
Build iOS and Submit to TestFlight	Setup Expo and EAS CLI	2026-09-29T05:59:28.3293910Z ├─ keychain@1.5.0
Build iOS and Submit to TestFlight	Setup Expo and EAS CLI	2026-09-29T05:59:28.3294270Z ├─ kleur@3.0.3
Build iOS and Submit to TestFlight	Setup Expo and EAS CLI	2026-09-29T05:59:28.3294500Z ├─ lilconfig@3.1.3
Build iOS and Submit to TestFlight	Setup Expo and EAS CLI	2026-09-29T05:59:28.3294880Z ├─ lines-and-columns@1.2.4
Build iOS and Submit to TestFlight	Setup Expo and EAS CLI	2026-09-29T05:59:28.3295100Z ├─ locate-path@5.0.0
Build iOS and Submit to TestFlight	Setup Expo and EAS CLI	2026-09-29T05:59:28.3295400Z ├─ lodash.clonedeep@4.5.0
Build iOS and Submit to TestFlight	Setup Expo and EAS CLI	2026-09-29T05:59:28.3295730Z ├─ lodash.merge@4.6.2
Build iOS and Submit to TestFlight	Setup Expo and EAS CLI	2026-09-29T05:59:28.3295920Z ├─ long@5.3.2
Build iOS and Submit to TestFlight	Setup Expo and EAS CLI	2026-09-29T05:59:28.3296170Z ├─ loose-envify@1.4.0
Build iOS and Submit to TestFlight	Setup Expo and EAS CLI	2026-09-29T05:59:28.3296480Z ├─ lru-cache@10.4.3
Build iOS and Submit to TestFlight	Setup Expo and EAS CLI	2026-09-29T05:59:28.3296670Z ├─ make-error@1.3.6
Build iOS and Submit to TestFlight	Setup Expo and EAS CLI	2026-09-29T05:59:28.3296880Z ├─ math-intrinsics@1.1.0
Build iOS and Submit to TestFlight	Setup Expo and EAS CLI	2026-09-29T05:59:28.3297070Z ├─ md5@2.3.0
Build iOS and Submit to TestFlight	Setup Expo and EAS CLI	2026-09-29T05:59:28.3297230Z ├─ merge2@1.4.1
Build iOS and Submit to TestFlight	Setup Expo and EAS CLI	2026-09-29T05:59:28.3297410Z ├─ micromatch@4.0.8
Build iOS and Submit to TestFlight	Setup Expo and EAS CLI	2026-09-29T05:59:28.3297600Z ├─ mime-db@1.52.0
Build iOS and Submit to TestFlight	Setup Expo and EAS CLI	2026-09-29T05:59:28.3297790Z ├─ mime-types@2.1.35
Build iOS and Submit to TestFlight	Setup Expo and EAS CLI	2026-09-29T05:59:28.3297970Z ├─ mime@3.0.0
Build iOS and Submit to TestFlight	Setup Expo and EAS CLI	2026-09-29T05:59:28.3298140Z ├─ mimic-fn@2.1.0
Build iOS and Submit to TestFlight	Setup Expo and EAS CLI	2026-09-29T05:59:28.3298330Z ├─ minimatch@10.2.6
Build iOS and Submit to TestFlight	Setup Expo and EAS CLI	2026-09-29T05:59:28.3298510Z ├─ minimist@1.2.8
Build iOS and Submit to TestFlight	Setup Expo and EAS CLI	2026-09-29T05:59:28.3298690Z ├─ minipass@7.1.3
Build iOS and Submit to TestFlight	Setup Expo and EAS CLI	2026-09-29T05:59:28.3298980Z ├─ minizlib@3.1.0
Build iOS and Submit to TestFlight	Setup Expo and EAS CLI	2026-09-29T05:59:28.3299140Z ├─ mkdirp@0.5.6
Build iOS and Submit to TestFlight	Setup Expo and EAS CLI	2026-09-29T05:59:28.3299710Z ├─ moment@2.31.0
Build iOS and Submit to TestFlight	Setup Expo and EAS CLI	2026-09-29T05:59:28.3299880Z ├─ ms@2.1.3
Build iOS and Submit to TestFlight	Setup Expo and EAS CLI	2026-09-29T05:59:28.3300780Z ├─ multipasta@0.2.8
Build iOS and Submit to TestFlight	Setup Expo and EAS CLI	2026-09-29T05:59:28.3300970Z ├─ mute-stream@0.0.8
Build iOS and Submit to TestFlight	Setup Expo and EAS CLI	2026-09-29T05:59:28.3301140Z ├─ mv@2.1.1
Build iOS and Submit to TestFlight	Setup Expo and EAS CLI	2026-09-29T05:59:28.3301530Z ├─ mz@2.7.0
Build iOS and Submit to TestFlight	Setup Expo and EAS CLI	2026-09-29T05:59:28.3301710Z ├─ nan@2.29.0
Build iOS and Submit to TestFlight	Setup Expo and EAS CLI	2026-09-29T05:59:28.3301920Z ├─ nanoid@3.3.8
Build iOS and Submit to TestFlight	Setup Expo and EAS CLI	2026-09-29T05:59:28.3302130Z ├─ natural-orderby@2.0.3
Build iOS and Submit to TestFlight	Setup Expo and EAS CLI	2026-09-29T05:59:28.3302320Z ├─ ncp@2.0.0
Build iOS and Submit to TestFlight	Setup Expo and EAS CLI	2026-09-29T05:59:28.3302570Z ├─ node-fetch@2.6.7
Build iOS and Submit to TestFlight	Setup Expo and EAS CLI	2026-09-29T05:59:28.3302930Z ├─ node-int64@0.4.0
Build iOS and Submit to TestFlight	Setup Expo and EAS CLI	2026-09-29T05:59:28.3303160Z ├─ node-releases@2.0.57
Build iOS and Submit to TestFlight	Setup Expo and EAS CLI	2026-09-29T05:59:28.3303450Z ├─ node-rsa@1.1.1
Build iOS and Submit to TestFlight	Setup Expo and EAS CLI	2026-09-29T05:59:28.3303690Z ├─ node-stream-zip@1.15.0
Build iOS and Submit to TestFlight	Setup Expo and EAS CLI	2026-09-29T05:59:28.3303940Z ├─ npm-package-arg@11.0.3
Build iOS and Submit to TestFlight	Setup Expo and EAS CLI	2026-09-29T05:59:28.3304150Z ├─ nullthrows@1.1.1
Build iOS and Submit to TestFlight	Setup Expo and EAS CLI	2026-09-29T05:59:28.3304360Z ├─ object-assign@4.1.1
Build iOS and Submit to TestFlight	Setup Expo and EAS CLI	2026-09-29T05:59:28.3304630Z ├─ object-treeify@1.1.33
Build iOS and Submit to TestFlight	Setup Expo and EAS CLI	2026-09-29T05:59:28.3304900Z ├─ onetime@5.1.2
Build iOS and Submit to TestFlight	Setup Expo and EAS CLI	2026-09-29T05:59:28.3305100Z ├─ open@8.4.0
Build iOS and Submit to TestFlight	Setup Expo and EAS CLI	2026-09-29T05:59:28.3305270Z ├─ ora@5.1.0
Build iOS and Submit to TestFlight	Setup Expo and EAS CLI	2026-09-29T05:59:28.3305440Z ├─ p-limit@2.3.0
Build iOS and Submit to TestFlight	Setup Expo and EAS CLI	2026-09-29T05:59:28.3305660Z ├─ p-locate@4.1.0
Build iOS and Submit to TestFlight	Setup Expo and EAS CLI	2026-09-29T05:59:28.3305870Z ├─ p-try@2.2.0
Build iOS and Submit to TestFlight	Setup Expo and EAS CLI	2026-09-29T05:59:28.3306110Z ├─ package-json-from-dist@1.0.1
Build iOS and Submit to TestFlight	Setup Expo and EAS CLI	2026-09-29T05:59:28.3306380Z ├─ parse-json@4.0.0
Build iOS and Submit to TestFlight	Setup Expo and EAS CLI	2026-09-29T05:59:28.3306640Z ├─ parse-png@2.1.0
Build iOS and Submit to TestFlight	Setup Expo and EAS CLI	2026-09-29T05:59:28.3306890Z ├─ password-prompt@1.1.3
Build iOS and Submit to TestFlight	Setup Expo and EAS CLI	2026-09-29T05:59:28.3307120Z ├─ path-exists@4.0.0
Build iOS and Submit to TestFlight	Setup Expo and EAS CLI	2026-09-29T05:59:28.3307380Z ├─ path-is-absolute@1.0.1
Build iOS and Submit to TestFlight	Setup Expo and EAS CLI	2026-09-29T05:59:28.3307620Z ├─ path-key@3.1.1
Build iOS and Submit to TestFlight	Setup Expo and EAS CLI	2026-09-29T05:59:28.3307810Z ├─ path-scurry@1.11.1
Build iOS and Submit to TestFlight	Setup Expo and EAS CLI	2026-09-29T05:59:28.3308020Z ├─ path-type@4.0.0
Build iOS and Submit to TestFlight	Setup Expo and EAS CLI	2026-09-29T05:59:28.3308230Z ├─ picomatch@4.0.7
Build iOS and Submit to TestFlight	Setup Expo and EAS CLI	2026-09-29T05:59:28.3308410Z ├─ pirates@4.0.7
Build iOS and Submit to TestFlight	Setup Expo and EAS CLI	2026-09-29T05:59:28.3308590Z ├─ pkg-dir@4.2.0
Build iOS and Submit to TestFlight	Setup Expo and EAS CLI	2026-09-29T05:59:28.3308770Z ├─ plist@3.1.1
Build iOS and Submit to TestFlight	Setup Expo and EAS CLI	2026-09-29T05:59:28.3309000Z ├─ pngjs@7.0.0
Build iOS and Submit to TestFlight	Setup Expo and EAS CLI	2026-09-29T05:59:28.3309210Z ├─ powershell-utils@0.1.0
Build iOS and Submit to TestFlight	Setup Expo and EAS CLI	2026-09-29T05:59:28.3309420Z ├─ proc-log@4.2.0
Build iOS and Submit to TestFlight	Setup Expo and EAS CLI	2026-09-29T05:59:28.3309610Z ├─ promise-limit@2.7.0
Build iOS and Submit to TestFlight	Setup Expo and EAS CLI	2026-09-29T05:59:28.3309840Z ├─ promise-retry@2.0.1
Build iOS and Submit to TestFlight	Setup Expo and EAS CLI	2026-09-29T05:59:28.3310030Z ├─ prompts@2.4.2
Build iOS and Submit to TestFlight	Setup Expo and EAS CLI	2026-09-29T05:59:28.3310230Z ├─ protobufjs@7.6.6
Build iOS and Submit to TestFlight	Setup Expo and EAS CLI	2026-09-29T05:59:28.3310440Z ├─ punycode@2.3.1
Build iOS and Submit to TestFlight	Setup Expo and EAS CLI	2026-09-29T05:59:28.3310660Z ├─ qrcode-terminal@0.12.0
Build iOS and Submit to TestFlight	Setup Expo and EAS CLI	2026-09-29T05:59:28.3310890Z ├─ queue-microtask@1.2.3
Build iOS and Submit to TestFlight	Setup Expo and EAS CLI	2026-09-29T05:59:28.3311080Z ├─ redeyed@2.1.1
Build iOS and Submit to TestFlight	Setup Expo and EAS CLI	2026-09-29T05:59:28.3311340Z ├─ remove-trailing-slash@0.1.1
Build iOS and Submit to TestFlight	Setup Expo and EAS CLI	2026-09-29T05:59:28.3311620Z ├─ restore-cursor@3.1.0
Build iOS and Submit to TestFlight	Setup Expo and EAS CLI	2026-09-29T05:59:28.3311820Z ├─ retry@0.12.0
Build iOS and Submit to TestFlight	Setup Expo and EAS CLI	2026-09-29T05:59:28.3312010Z ├─ reusify@1.1.0
Build iOS and Submit to TestFlight	Setup Expo and EAS CLI	2026-09-29T05:59:28.3312200Z ├─ rimraf@2.4.5
Build iOS and Submit to TestFlight	Setup Expo and EAS CLI	2026-09-29T05:59:28.3312410Z ├─ run-parallel@1.2.0
Build iOS and Submit to TestFlight	Setup Expo and EAS CLI	2026-09-29T05:59:28.3312610Z ├─ safe-buffer@5.2.1
Build iOS and Submit to TestFlight	Setup Expo and EAS CLI	2026-09-29T05:59:28.3312870Z ├─ safe-json-stringify@1.2.0
Build iOS and Submit to TestFlight	Setup Expo and EAS CLI	2026-09-29T05:59:28.3313130Z ├─ safer-buffer@2.1.2
Build iOS and Submit to TestFlight	Setup Expo and EAS CLI	2026-09-29T05:59:28.3313360Z ├─ sandbox-cli-detector@0.2.0
Build iOS and Submit to TestFlight	Setup Expo and EAS CLI	2026-09-29T05:59:28.3313560Z ├─ sax@1.6.1
Build iOS and Submit to TestFlight	Setup Expo and EAS CLI	2026-09-29T05:59:28.3313750Z ├─ set-interval-async@3.0.3
Build iOS and Submit to TestFlight	Setup Expo and EAS CLI	2026-09-29T05:59:28.3313980Z ├─ shebang-command@2.0.0
Build iOS and Submit to TestFlight	Setup Expo and EAS CLI	2026-09-29T05:59:28.3314210Z ├─ shebang-regex@3.0.0
Build iOS and Submit to TestFlight	Setup Expo and EAS CLI	2026-09-29T05:59:28.3314430Z ├─ simple-plist@1.3.1
Build iOS and Submit to TestFlight	Setup Expo and EAS CLI	2026-09-29T05:59:28.3316440Z ├─ sisteransi@1.0.5
Build iOS and Submit to TestFlight	Setup Expo and EAS CLI	2026-09-29T05:59:28.3316660Z ├─ slice-ansi@4.0.0
Build iOS and Submit to TestFlight	Setup Expo and EAS CLI	2026-09-29T05:59:28.3316860Z ├─ sprintf-js@1.0.3
Build iOS and Submit to TestFlight	Setup Expo and EAS CLI	2026-09-29T05:59:28.3317560Z ├─ stream-buffers@2.2.0
Build iOS and Submit to TestFlight	Setup Expo and EAS CLI	2026-09-29T05:59:28.3317790Z ├─ streamx@2.28.1
Build iOS and Submit to TestFlight	Setup Expo and EAS CLI	2026-09-29T05:59:28.3318030Z ├─ string-width-cjs@4.2.3
Build iOS and Submit to TestFlight	Setup Expo and EAS CLI	2026-09-29T05:59:28.3318260Z ├─ strip-ansi-cjs@6.0.1
Build iOS and Submit to TestFlight	Setup Expo and EAS CLI	2026-09-29T05:59:28.3318450Z ├─ sucrase@3.35.0
Build iOS and Submit to TestFlight	Setup Expo and EAS CLI	2026-09-29T05:59:28.3318720Z ├─ supports-color@7.2.0
Build iOS and Submit to TestFlight	Setup Expo and EAS CLI	2026-09-29T05:59:28.3318990Z ├─ supports-hyperlinks@2.3.0
Build iOS and Submit to TestFlight	Setup Expo and EAS CLI	2026-09-29T05:59:28.3319260Z ├─ tar-stream@3.1.7
Build iOS and Submit to TestFlight	Setup Expo and EAS CLI	2026-09-29T05:59:28.3319430Z ├─ tar@7.5.19
Build iOS and Submit to TestFlight	Setup Expo and EAS CLI	2026-09-29T05:59:28.3319610Z ├─ temp-dir@2.0.0
Build iOS and Submit to TestFlight	Setup Expo and EAS CLI	2026-09-29T05:59:28.3319860Z ├─ text-decoder@1.2.7
Build iOS and Submit to TestFlight	Setup Expo and EAS CLI	2026-09-29T05:59:28.3320050Z ├─ thenify-all@1.6.0
Build iOS and Submit to TestFlight	Setup Expo and EAS CLI	2026-09-29T05:59:28.3320230Z ├─ thenify@3.3.1
Build iOS and Submit to TestFlight	Setup Expo and EAS CLI	2026-09-29T05:59:28.3320530Z ├─ tinyglobby@0.2.17
Build iOS and Submit to TestFlight	Setup Expo and EAS CLI	2026-09-29T05:59:28.3320930Z ├─ to-regex-range@5.0.1
Build iOS and Submit to TestFlight	Setup Expo and EAS CLI	2026-09-29T05:59:28.3321180Z ├─ tr46@0.0.3
Build iOS and Submit to TestFlight	Setup Expo and EAS CLI	2026-09-29T05:59:28.3321370Z ├─ ts-deepmerge@6.2.0
Build iOS and Submit to TestFlight	Setup Expo and EAS CLI	2026-09-29T05:59:28.3321770Z ├─ ts-interface-checker@0.1.13
Build iOS and Submit to TestFlight	Setup Expo and EAS CLI	2026-09-29T05:59:28.3322070Z ├─ ts-node@10.9.2
Build iOS and Submit to TestFlight	Setup Expo and EAS CLI	2026-09-29T05:59:28.3322280Z ├─ tslib@2.8.1
Build iOS and Submit to TestFlight	Setup Expo and EAS CLI	2026-09-29T05:59:28.3322490Z ├─ tunnel-agent@0.6.0
Build iOS and Submit to TestFlight	Setup Expo and EAS CLI	2026-09-29T05:59:28.3322780Z ├─ turndown@7.1.2
Build iOS and Submit to TestFlight	Setup Expo and EAS CLI	2026-09-29T05:59:28.3323000Z ├─ type-fest@0.21.3
Build iOS and Submit to TestFlight	Setup Expo and EAS CLI	2026-09-29T05:59:28.3323200Z ├─ undici-types@8.9.0
Build iOS and Submit to TestFlight	Setup Expo and EAS CLI	2026-09-29T05:59:28.3323470Z ├─ unique-string@2.0.0
Build iOS and Submit to TestFlight	Setup Expo and EAS CLI	2026-09-29T05:59:28.3323710Z ├─ untildify@4.0.0
Build iOS and Submit to TestFlight	Setup Expo and EAS CLI	2026-09-29T05:59:28.3324040Z ├─ update-browserslist-db@1.3.3
Build iOS and Submit to TestFlight	Setup Expo and EAS CLI	2026-09-29T05:59:28.3324330Z ├─ uri-js@4.4.1
Build iOS and Submit to TestFlight	Setup Expo and EAS CLI	2026-09-29T05:59:28.3324600Z ├─ uuid@11.1.1
Build iOS and Submit to TestFlight	Setup Expo and EAS CLI	2026-09-29T05:59:28.3324960Z ├─ v8-compile-cache-lib@3.0.1
Build iOS and Submit to TestFlight	Setup Expo and EAS CLI	2026-09-29T05:59:28.3325370Z ├─ validate-npm-package-name@5.0.1
Build iOS and Submit to TestFlight	Setup Expo and EAS CLI	2026-09-29T05:59:28.3325710Z ├─ webidl-conversions@3.0.1
Build iOS and Submit to TestFlight	Setup Expo and EAS CLI	2026-09-29T05:59:28.3325910Z ├─ which@2.0.2
Build iOS and Submit to TestFlight	Setup Expo and EAS CLI	2026-09-29T05:59:28.3326110Z ├─ wrap-ansi-cjs@7.0.0
Build iOS and Submit to TestFlight	Setup Expo and EAS CLI	2026-09-29T05:59:28.3326360Z ├─ write-file-atomic@2.4.3
Build iOS and Submit to TestFlight	Setup Expo and EAS CLI	2026-09-29T05:59:28.3326570Z ├─ ws@8.21.1
Build iOS and Submit to TestFlight	Setup Expo and EAS CLI	2026-09-29T05:59:28.3326740Z ├─ wsl-utils@0.4.0
Build iOS and Submit to TestFlight	Setup Expo and EAS CLI	2026-09-29T05:59:28.3326910Z ├─ yallist@5.0.0
Build iOS and Submit to TestFlight	Setup Expo and EAS CLI	2026-09-29T05:59:28.3327120Z ├─ yaml@2.6.0
Build iOS and Submit to TestFlight	Setup Expo and EAS CLI	2026-09-29T05:59:28.3327300Z └─ yn@3.1.1
Build iOS and Submit to TestFlight	Setup Expo and EAS CLI	2026-09-29T05:59:28.3327450Z Done in 25.33s.
Build iOS and Submit to TestFlight	Setup Expo and EAS CLI	2026-09-29T05:59:39.5452500Z [command]/opt/homebrew/bin/gtar --posix -cf cache.tzst --exclude cache.tzst -P -C /Users/runner/work/NGNflow/NGNflow --files-from manifest.txt --delay-directory-restore --use-compress-program zstdmt
Build iOS and Submit to TestFlight	Setup Expo and EAS CLI	2026-09-29T05:59:41.9762980Z ##[warning]Failed to save: <h2>Our services aren't available right now</h2><p>We're working to restore all services as soon as possible. Please check back soon.</p>0zVO7agAAAABXFwhBmMNaRa5ozPVVHZuqU04xRURHRTE5MTUARWRnZQ==
Build iOS and Submit to TestFlight	Setup Expo and EAS CLI	2026-09-29T05:59:41.9769690Z ##[endgroup]
Build iOS and Submit to TestFlight	Setup Expo and EAS CLI	2026-09-29T05:59:41.9770250Z ##[group]Validating authenticated account
Build iOS and Submit to TestFlight	Setup Expo and EAS CLI	2026-09-29T05:59:41.9788260Z [command]/Users/runner/hostedtoolcache/eas-cli/24.8.0/arm64/node_modules/.bin/eas whoami
Build iOS and Submit to TestFlight	Setup Expo and EAS CLI	2026-09-29T05:59:42.8067080Z olamicreas (authenticated using EXPO_TOKEN)
Build iOS and Submit to TestFlight	Setup Expo and EAS CLI	2026-09-29T05:59:42.8171810Z abdulquayyumoyedotun@gmail.com
Build iOS and Submit to TestFlight	Setup Expo and EAS CLI	2026-09-29T05:59:43.1157530Z ##[endgroup]
Build iOS and Submit to TestFlight	Setup Expo and EAS CLI	2026-09-29T05:59:43.1158450Z ##[group]Patching system watchers for the 'ENOSPC' error
Build iOS and Submit to TestFlight	Setup Expo and EAS CLI	2026-09-29T05:59:43.1159060Z Skipped patching watchers: not running on Linux.
Build iOS and Submit to TestFlight	Setup Expo and EAS CLI	2026-09-29T05:59:43.1159850Z ##[endgroup]
Build iOS and Submit to TestFlight	Build for iOS (Local on Runner)	﻿2026-09-29T05:59:43.1963230Z ##[group]Run EAS_LOCAL_BUILD_SKIP_CLEANUP=1 EAS_NO_VCS=1 eas build --platform ios --local --non-interactive --output build.ipa
Build iOS and Submit to TestFlight	Build for iOS (Local on Runner)	2026-09-29T05:59:43.1967020Z ^[[36;1mEAS_LOCAL_BUILD_SKIP_CLEANUP=1 EAS_NO_VCS=1 eas build --platform ios --local --non-interactive --output build.ipa^[[0m
Build iOS and Submit to TestFlight	Build for iOS (Local on Runner)	2026-09-29T05:59:43.6108000Z shell: /bin/bash -e {0}
Build iOS and Submit to TestFlight	Build for iOS (Local on Runner)	2026-09-29T05:59:43.6108320Z env:
Build iOS and Submit to TestFlight	Build for iOS (Local on Runner)	2026-09-29T05:59:43.6108840Z   EXPO_TOKEN: ***
Build iOS and Submit to TestFlight	Build for iOS (Local on Runner)	2026-09-29T05:59:43.6109130Z ##[endgroup]
Build iOS and Submit to TestFlight	Build for iOS (Local on Runner)	2026-09-29T05:59:44.9520180Z Using EAS CLI without version control system is not recommended, use this mode only if you know what you are doing.
Build iOS and Submit to TestFlight	Build for iOS (Local on Runner)	2026-09-29T05:59:45.0780750Z 
Build iOS and Submit to TestFlight	Build for iOS (Local on Runner)	2026-09-29T05:59:45.0787340Z ⚠️ Detected that your app uses Expo Go for development, this is not recommended when building production apps.
Build iOS and Submit to TestFlight	Build for iOS (Local on Runner)	2026-09-29T05:59:45.0789510Z Learn more: https://expo.fyi/why-not-build-expo-go-for-production
Build iOS and Submit to TestFlight	Build for iOS (Local on Runner)	2026-09-29T05:59:45.0793230Z To suppress this warning, set EAS_BUILD_NO_EXPO_GO_WARNING=true.
Build iOS and Submit to TestFlight	Build for iOS (Local on Runner)	2026-09-29T05:59:45.0793920Z 
Build iOS and Submit to TestFlight	Build for iOS (Local on Runner)	2026-09-29T05:59:46.0621780Z Resolved "production" environment for the build. Learn more: https://docs.expo.dev/eas/environment-variables/#setting-the-environment-for-your-builds
Build iOS and Submit to TestFlight	Build for iOS (Local on Runner)	2026-09-29T05:59:46.2430320Z No environment variables with visibility "Plain text" and "Sensitive" found for the "production" environment on EAS.
Build iOS and Submit to TestFlight	Build for iOS (Local on Runner)	2026-09-29T05:59:46.2489290Z 
Build iOS and Submit to TestFlight	Build for iOS (Local on Runner)	2026-09-29T05:59:48.7805210Z - Incrementing buildNumber from 59 to 60.
Build iOS and Submit to TestFlight	Build for iOS (Local on Runner)	2026-09-29T05:59:48.8707600Z ✔ Incremented buildNumber from 59 to 60.
Build iOS and Submit to TestFlight	Build for iOS (Local on Runner)	2026-09-29T05:59:48.9698780Z ✔ Using remote iOS credentials (Expo server)
Build iOS and Submit to TestFlight	Build for iOS (Local on Runner)	2026-09-29T05:59:48.9700670Z 
Build iOS and Submit to TestFlight	Build for iOS (Local on Runner)	2026-09-29T05:59:49.1557180Z Distribution Certificate is not validated for non-interactive builds.
Build iOS and Submit to TestFlight	Build for iOS (Local on Runner)	2026-09-29T05:59:49.3979240Z Using App Store Connect API Key from EAS credentials service.
Build iOS and Submit to TestFlight	Build for iOS (Local on Runner)	2026-09-29T05:59:49.5815970Z - Fetching Apple provisioning profiles
Build iOS and Submit to TestFlight	Build for iOS (Local on Runner)	2026-09-29T05:59:50.4095730Z ✔ Fetched Apple provisioning profiles
Build iOS and Submit to TestFlight	Build for iOS (Local on Runner)	2026-09-29T05:59:50.4197250Z 
Build iOS and Submit to TestFlight	Build for iOS (Local on Runner)	2026-09-29T05:59:50.4210700Z Project Credentials Configuration
Build iOS and Submit to TestFlight	Build for iOS (Local on Runner)	2026-09-29T05:59:50.4218170Z 
Build iOS and Submit to TestFlight	Build for iOS (Local on Runner)	2026-09-29T05:59:50.4224730Z Project                   @olamicreas/NGNflow
Build iOS and Submit to TestFlight	Build for iOS (Local on Runner)	2026-09-29T05:59:50.4226570Z Bundle Identifier         com.olamicreas.ngnflow
Build iOS and Submit to TestFlight	Build for iOS (Local on Runner)	2026-09-29T05:59:50.4286380Z                           
Build iOS and Submit to TestFlight	Build for iOS (Local on Runner)	2026-09-29T05:59:50.4291300Z App Store Configuration   
Build iOS and Submit to TestFlight	Build for iOS (Local on Runner)	2026-09-29T05:59:50.4295750Z                           
Build iOS and Submit to TestFlight	Build for iOS (Local on Runner)	2026-09-29T05:59:50.4296810Z Distribution Certificate  
Build iOS and Submit to TestFlight	Build for iOS (Local on Runner)	2026-09-29T05:59:50.4317890Z Serial Number             63DE8D7A91A24A3B39124B29CAE9B6F1
Build iOS and Submit to TestFlight	Build for iOS (Local on Runner)	2026-09-29T05:59:50.4323530Z Expiration Date           Sat, 21 Aug 2027 15:40:51 UTC
Build iOS and Submit to TestFlight	Build for iOS (Local on Runner)	2026-09-29T05:59:50.4327800Z Apple Team                2R4679C9P5 (AbdulQuayyum Oyedotun (Individual))
Build iOS and Submit to TestFlight	Build for iOS (Local on Runner)	2026-09-29T05:59:50.4328760Z Updated                   1 month ago
Build iOS and Submit to TestFlight	Build for iOS (Local on Runner)	2026-09-29T05:59:50.4330860Z                           
Build iOS and Submit to TestFlight	Build for iOS (Local on Runner)	2026-09-29T05:59:50.4335320Z Provisioning Profile      
Build iOS and Submit to TestFlight	Build for iOS (Local on Runner)	2026-09-29T05:59:50.4348360Z Developer Portal ID       Q8V7NVJ8PT
Build iOS and Submit to TestFlight	Build for iOS (Local on Runner)	2026-09-29T05:59:50.4351610Z Status                    active
Build iOS and Submit to TestFlight	Build for iOS (Local on Runner)	2026-09-29T05:59:50.4354610Z Expiration                Sat, 21 Aug 2027 15:40:51 UTC
Build iOS and Submit to TestFlight	Build for iOS (Local on Runner)	2026-09-29T05:59:50.4355250Z Apple Team                2R4679C9P5 (AbdulQuayyum Oyedotun (Individual))
Build iOS and Submit to TestFlight	Build for iOS (Local on Runner)	2026-09-29T05:59:50.4355740Z Updated                   2 days ago
Build iOS and Submit to TestFlight	Build for iOS (Local on Runner)	2026-09-29T05:59:50.4356090Z                           
Build iOS and Submit to TestFlight	Build for iOS (Local on Runner)	2026-09-29T05:59:50.4356770Z All credentials are ready to build @olamicreas/NGNflow (com.olamicreas.ngnflow)
Build iOS and Submit to TestFlight	Build for iOS (Local on Runner)	2026-09-29T05:59:50.4358810Z 
Build iOS and Submit to TestFlight	Build for iOS (Local on Runner)	2026-09-29T05:59:50.5562730Z - Computing project fingerprint
Build iOS and Submit to TestFlight	Build for iOS (Local on Runner)	2026-09-29T05:59:55.5559700Z ⌛️ Computing the project fingerprint is taking longer than expected...
Build iOS and Submit to TestFlight	Build for iOS (Local on Runner)	2026-09-29T05:59:55.5560980Z ⏩ To skip this step, set the environment variable: EAS_SKIP_AUTO_FINGERPRINT=1
Build iOS and Submit to TestFlight	Build for iOS (Local on Runner)	2026-09-29T05:59:55.6437830Z ✔ Computed project fingerprint
Build iOS and Submit to TestFlight	Build for iOS (Local on Runner)	2026-09-29T06:00:03.2212490Z [SETUP_WORKINGDIR] Preparing workingdir /var/folders/36/tjdph2t965j8snz9_vkdnw0r0000gn/T/eas-build-local-nodejs/06efa554-806d-4c30-98cb-771f9bc38d9c
Build iOS and Submit to TestFlight	Build for iOS (Local on Runner)	2026-09-29T06:00:03.2282600Z [START_BUILD] Starting build
Build iOS and Submit to TestFlight	Build for iOS (Local on Runner)	2026-09-29T06:00:03.2300400Z   "job": {
Build iOS and Submit to TestFlight	Build for iOS (Local on Runner)	2026-09-29T06:00:03.2310830Z     "type": "managed",
Build iOS and Submit to TestFlight	Build for iOS (Local on Runner)	2026-09-29T06:00:03.2337840Z     "platform": "ios",
Build iOS and Submit to TestFlight	Build for iOS (Local on Runner)	2026-09-29T06:00:03.2345340Z     "projectArchive": {
Build iOS and Submit to TestFlight	Build for iOS (Local on Runner)	2026-09-29T06:00:03.2346510Z       "type": "PATH",
Build iOS and Submit to TestFlight	Build for iOS (Local on Runner)	2026-09-29T06:00:03.2366560Z       "path": "/var/folders/36/tjdph2t965j8snz9_vkdnw0r0000gn/T/eas-cli-nodejs/9126226e-860f-4538-8669-6f57dda1e7b7.tar.gz"
Build iOS and Submit to TestFlight	Build for iOS (Local on Runner)	2026-09-29T06:00:03.2367560Z     },
Build iOS and Submit to TestFlight	Build for iOS (Local on Runner)	2026-09-29T06:00:03.2367950Z     "projectRootDirectory": ".",
Build iOS and Submit to TestFlight	Build for iOS (Local on Runner)	2026-09-29T06:00:03.2368470Z     "builderEnvironment": {
Build iOS and Submit to TestFlight	Build for iOS (Local on Runner)	2026-09-29T06:00:03.2368940Z       "image": "latest",
Build iOS and Submit to TestFlight	Build for iOS (Local on Runner)	2026-09-29T06:00:03.2369300Z       "env": {}
Build iOS and Submit to TestFlight	Build for iOS (Local on Runner)	2026-09-29T06:00:03.2369710Z     },
Build iOS and Submit to TestFlight	Build for iOS (Local on Runner)	2026-09-29T06:00:03.2370120Z     "cache": {
Build iOS and Submit to TestFlight	Build for iOS (Local on Runner)	2026-09-29T06:00:03.2370520Z       "disabled": false,
Build iOS and Submit to TestFlight	Build for iOS (Local on Runner)	2026-09-29T06:00:03.2371670Z       "paths": [],
Build iOS and Submit to TestFlight	Build for iOS (Local on Runner)	2026-09-29T06:00:03.2372120Z       "clear": false
Build iOS and Submit to TestFlight	Build for iOS (Local on Runner)	2026-09-29T06:00:03.2405210Z     },
Build iOS and Submit to TestFlight	Build for iOS (Local on Runner)	2026-09-29T06:00:03.2405500Z     "updates": {},
Build iOS and Submit to TestFlight	Build for iOS (Local on Runner)	2026-09-29T06:00:03.2405980Z     "scheme": "NGNflow",
Build iOS and Submit to TestFlight	Build for iOS (Local on Runner)	2026-09-29T06:00:03.2406400Z     "username": "olamicreas",
Build iOS and Submit to TestFlight	Build for iOS (Local on Runner)	2026-09-29T06:00:03.2406720Z     "version": {
Build iOS and Submit to TestFlight	Build for iOS (Local on Runner)	2026-09-29T06:00:03.2407070Z       "buildNumber": "60"
Build iOS and Submit to TestFlight	Build for iOS (Local on Runner)	2026-09-29T06:00:03.2407390Z     },
Build iOS and Submit to TestFlight	Build for iOS (Local on Runner)	2026-09-29T06:00:03.2407610Z     "experimental": {},
Build iOS and Submit to TestFlight	Build for iOS (Local on Runner)	2026-09-29T06:00:03.2407960Z     "mode": "build",
Build iOS and Submit to TestFlight	Build for iOS (Local on Runner)	2026-09-29T06:00:03.2408370Z     "triggeredBy": "EAS_CLI",
Build iOS and Submit to TestFlight	Build for iOS (Local on Runner)	2026-09-29T06:00:03.2408780Z     "appId": "37392892-5e18-40dc-9637-0cbb73d2307d",
Build iOS and Submit to TestFlight	Build for iOS (Local on Runner)	2026-09-29T06:00:03.2409280Z     "initiatingUserId": "111d6b7c-7a91-4431-8f03-0f2d8ff66bfb"
Build iOS and Submit to TestFlight	Build for iOS (Local on Runner)	2026-09-29T06:00:03.2409710Z   }
Build iOS and Submit to TestFlight	Build for iOS (Local on Runner)	2026-09-29T06:00:03.3363060Z [PREPARE_PROJECT] Normalizing project source permissions
Build iOS and Submit to TestFlight	Build for iOS (Local on Runner)	2026-09-29T06:00:03.3633960Z [READ_EAS_JSON] Using eas.json:
Build iOS and Submit to TestFlight	Build for iOS (Local on Runner)	2026-09-29T06:00:03.3636550Z [READ_EAS_JSON] {
Build iOS and Submit to TestFlight	Build for iOS (Local on Runner)	2026-09-29T06:00:03.3637130Z   "cli": {
Build iOS and Submit to TestFlight	Build for iOS (Local on Runner)	2026-09-29T06:00:03.3637700Z     "version": ">= 18.0.6",
Build iOS and Submit to TestFlight	Build for iOS (Local on Runner)	2026-09-29T06:00:03.3638300Z     "appVersionSource": "remote"
Build iOS and Submit to TestFlight	Build for iOS (Local on Runner)	2026-09-29T06:00:03.3639480Z   },
Build iOS and Submit to TestFlight	Build for iOS (Local on Runner)	2026-09-29T06:00:03.3639950Z   "build": {
Build iOS and Submit to TestFlight	Build for iOS (Local on Runner)	2026-09-29T06:00:03.3640350Z     "development": {
Build iOS and Submit to TestFlight	Build for iOS (Local on Runner)	2026-09-29T06:00:03.3640880Z       "developmentClient": true,
Build iOS and Submit to TestFlight	Build for iOS (Local on Runner)	2026-09-29T06:00:03.3641470Z       "distribution": "internal"
Build iOS and Submit to TestFlight	Build for iOS (Local on Runner)	2026-09-29T06:00:03.3641890Z     },
Build iOS and Submit to TestFlight	Build for iOS (Local on Runner)	2026-09-29T06:00:03.3642190Z     "preview": {
Build iOS and Submit to TestFlight	Build for iOS (Local on Runner)	2026-09-29T06:00:03.3642620Z       "distribution": "internal"
Build iOS and Submit to TestFlight	Build for iOS (Local on Runner)	2026-09-29T06:00:03.3643000Z     },
Build iOS and Submit to TestFlight	Build for iOS (Local on Runner)	2026-09-29T06:00:03.3643450Z     "production": {
Build iOS and Submit to TestFlight	Build for iOS (Local on Runner)	2026-09-29T06:00:03.3643940Z       "autoIncrement": true,
Build iOS and Submit to TestFlight	Build for iOS (Local on Runner)	2026-09-29T06:00:03.3644430Z       "ios": {
Build iOS and Submit to TestFlight	Build for iOS (Local on Runner)	2026-09-29T06:00:03.3644900Z         "image": "latest"
Build iOS and Submit to TestFlight	Build for iOS (Local on Runner)	2026-09-29T06:00:03.3645310Z       }
Build iOS and Submit to TestFlight	Build for iOS (Local on Runner)	2026-09-29T06:00:03.3645800Z     }
Build iOS and Submit to TestFlight	Build for iOS (Local on Runner)	2026-09-29T06:00:03.3646190Z   },
Build iOS and Submit to TestFlight	Build for iOS (Local on Runner)	2026-09-29T06:00:03.3646500Z   "submit": {
Build iOS and Submit to TestFlight	Build for iOS (Local on Runner)	2026-09-29T06:00:03.3646930Z     "production": {
Build iOS and Submit to TestFlight	Build for iOS (Local on Runner)	2026-09-29T06:00:03.3649740Z       "ios": {
Build iOS and Submit to TestFlight	Build for iOS (Local on Runner)	2026-09-29T06:00:03.3650090Z         "ascAppId": "6816978729"
Build iOS and Submit to TestFlight	Build for iOS (Local on Runner)	2026-09-29T06:00:03.3650490Z       }
Build iOS and Submit to TestFlight	Build for iOS (Local on Runner)	2026-09-29T06:00:03.3650980Z     }
Build iOS and Submit to TestFlight	Build for iOS (Local on Runner)	2026-09-29T06:00:03.3651340Z   }
Build iOS and Submit to TestFlight	Build for iOS (Local on Runner)	2026-09-29T06:00:03.3651790Z }
Build iOS and Submit to TestFlight	Build for iOS (Local on Runner)	2026-09-29T06:00:03.3652110Z 
Build iOS and Submit to TestFlight	Build for iOS (Local on Runner)	2026-09-29T06:00:03.3652430Z [READ_PACKAGE_JSON] Using package.json:
Build iOS and Submit to TestFlight	Build for iOS (Local on Runner)	2026-09-29T06:00:03.3653100Z [READ_PACKAGE_JSON] {
Build iOS and Submit to TestFlight	Build for iOS (Local on Runner)	2026-09-29T06:00:03.3653490Z   "name": "NGNflow",
Build iOS and Submit to TestFlight	Build for iOS (Local on Runner)	2026-09-29T06:00:03.3654010Z   "version": "1.0.0",
Build iOS and Submit to TestFlight	Build for iOS (Local on Runner)	2026-09-29T06:00:03.3654500Z   "main": "index.js",
Build iOS and Submit to TestFlight	Build for iOS (Local on Runner)	2026-09-29T06:00:03.3654950Z   "dependencies": {
Build iOS and Submit to TestFlight	Build for iOS (Local on Runner)	2026-09-29T06:00:03.3656810Z     "@react-native-async-storage/async-storage": "2.2.0",
Build iOS and Submit to TestFlight	Build for iOS (Local on Runner)	2026-09-29T06:00:03.3657430Z     "@react-navigation/bottom-tabs": "^7.18.18",
Build iOS and Submit to TestFlight	Build for iOS (Local on Runner)	2026-09-29T06:00:03.3658050Z     "@react-navigation/native": "^7.3.18",
Build iOS and Submit to TestFlight	Build for iOS (Local on Runner)	2026-09-29T06:00:03.3658620Z     "@react-navigation/native-stack": "^7.18.10",
Build iOS and Submit to TestFlight	Build for iOS (Local on Runner)	2026-09-29T06:00:03.3659040Z     "axios": "^1.20.0",
Build iOS and Submit to TestFlight	Build for iOS (Local on Runner)	2026-09-29T06:00:03.3659460Z     "expo": "^57.0.25",
Build iOS and Submit to TestFlight	Build for iOS (Local on Runner)	2026-09-29T06:00:03.3660080Z     "expo-build-properties": "~57.0.22",
Build iOS and Submit to TestFlight	Build for iOS (Local on Runner)	2026-09-29T06:00:03.3661020Z     "expo-clipboard": "~57.0.2",
Build iOS and Submit to TestFlight	Build for iOS (Local on Runner)	2026-09-29T06:00:03.3661890Z     "expo-device": "~57.0.2",
Build iOS and Submit to TestFlight	Build for iOS (Local on Runner)	2026-09-29T06:00:03.3662480Z     "expo-modules-jsi": "^57.1.1",
Build iOS and Submit to TestFlight	Build for iOS (Local on Runner)	2026-09-29T06:00:03.3662850Z     "expo-notifications": "~57.0.21",
Build iOS and Submit to TestFlight	Build for iOS (Local on Runner)	2026-09-29T06:00:03.3663410Z     "expo-secure-store": "~57.0.4",
Build iOS and Submit to TestFlight	Build for iOS (Local on Runner)	2026-09-29T06:00:03.3665040Z     "expo-status-bar": "~57.0.1",
Build iOS and Submit to TestFlight	Build for iOS (Local on Runner)	2026-09-29T06:00:03.3665500Z     "lucide-react-native": "^1.41.0",
Build iOS and Submit to TestFlight	Build for iOS (Local on Runner)	2026-09-29T06:00:03.3665890Z     "nativewind": "^2.0.11",
Build iOS and Submit to TestFlight	Build for iOS (Local on Runner)	2026-09-29T06:00:03.3666260Z     "react": "19.2.3",
Build iOS and Submit to TestFlight	Build for iOS (Local on Runner)	2026-09-29T06:00:03.3666610Z     "react-native": "0.86.3",
Build iOS and Submit to TestFlight	Build for iOS (Local on Runner)	2026-09-29T06:00:03.3667020Z     "react-native-qrcode-svg": "^6.3.24",
Build iOS and Submit to TestFlight	Build for iOS (Local on Runner)	2026-09-29T06:00:03.3667510Z     "react-native-reanimated": "4.5.1",
Build iOS and Submit to TestFlight	Build for iOS (Local on Runner)	2026-09-29T06:00:03.3669790Z     "react-native-safe-area-context": "~5.7.0",
Build iOS and Submit to TestFlight	Build for iOS (Local on Runner)	2026-09-29T06:00:03.3670850Z     "react-native-screens": "~4.26.0",
Build iOS and Submit to TestFlight	Build for iOS (Local on Runner)	2026-09-29T06:00:03.3671970Z     "react-native-svg": "^15.15.4",
Build iOS and Submit to TestFlight	Build for iOS (Local on Runner)	2026-09-29T06:00:03.3672940Z     "react-native-worklets": "0.10.1",
Build iOS and Submit to TestFlight	Build for iOS (Local on Runner)	2026-09-29T06:00:03.3673760Z     "tailwindcss": "3.3.2",
Build iOS and Submit to TestFlight	Build for iOS (Local on Runner)	2026-09-29T06:00:03.3688660Z     "zustand": "^5.0.15"
Build iOS and Submit to TestFlight	Build for iOS (Local on Runner)	2026-09-29T06:00:03.3689090Z   },
Build iOS and Submit to TestFlight	Build for iOS (Local on Runner)	2026-09-29T06:00:03.3689490Z   "scripts": {
Build iOS and Submit to TestFlight	Build for iOS (Local on Runner)	2026-09-29T06:00:03.3689840Z     "start": "expo start",
Build iOS and Submit to TestFlight	Build for iOS (Local on Runner)	2026-09-29T06:00:03.3690150Z     "android": "expo run:android",
Build iOS and Submit to TestFlight	Build for iOS (Local on Runner)	2026-09-29T06:00:03.3690580Z     "ios": "expo run:ios",
Build iOS and Submit to TestFlight	Build for iOS (Local on Runner)	2026-09-29T06:00:03.3690950Z     "web": "expo start --web",
Build iOS and Submit to TestFlight	Build for iOS (Local on Runner)	2026-09-29T06:00:03.3691290Z     "postinstall": "patch-package",
Build iOS and Submit to TestFlight	Build for iOS (Local on Runner)	2026-09-29T06:00:03.3692310Z     "eas-build-pre-xcodebuild": "sed -i '' -E 's|path: \"[^\"]*node_modules/react-native\"|path: \"../../../../node_modules/react-native\"|g' ios/build/generated/ios/Package.swift || true"
Build iOS and Submit to TestFlight	Build for iOS (Local on Runner)	2026-09-29T06:00:03.3693150Z   },
Build iOS and Submit to TestFlight	Build for iOS (Local on Runner)	2026-09-29T06:00:03.3693520Z   "private": true,
Build iOS and Submit to TestFlight	Build for iOS (Local on Runner)	2026-09-29T06:00:03.3693770Z   "devDependencies": {
Build iOS and Submit to TestFlight	Build for iOS (Local on Runner)	2026-09-29T06:00:03.3694180Z     "babel-preset-expo": "^57.0.10",
Build iOS and Submit to TestFlight	Build for iOS (Local on Runner)	2026-09-29T06:00:03.3694560Z     "patch-package": "^8.0.1"
Build iOS and Submit to TestFlight	Build for iOS (Local on Runner)	2026-09-29T06:00:03.3694860Z   }
Build iOS and Submit to TestFlight	Build for iOS (Local on Runner)	2026-09-29T06:00:03.3695250Z }
Build iOS and Submit to TestFlight	Build for iOS (Local on Runner)	2026-09-29T06:00:03.3696160Z [INSTALL_DEPENDENCIES] Running "npm ci --include=dev" in /var/folders/36/tjdph2t965j8snz9_vkdnw0r0000gn/T/eas-build-local-nodejs/06efa554-806d-4c30-98cb-771f9bc38d9c/build directory
Build iOS and Submit to TestFlight	Build for iOS (Local on Runner)	2026-09-29T06:00:10.5484080Z [INSTALL_DEPENDENCIES] npm warn deprecated text-encoding@0.7.0: no longer maintained
Build iOS and Submit to TestFlight	Build for iOS (Local on Runner)	2026-09-29T06:00:12.1440130Z [INSTALL_DEPENDENCIES] npm warn deprecated uuid@7.0.3: uuid@10 and below is no longer supported.  For ESM codebases, update to uuid@latest.  For CommonJS codebases, use uuid@11 (but be aware this version will likely be deprecated in 2028).
Build iOS and Submit to TestFlight	Build for iOS (Local on Runner)	2026-09-29T06:00:26.7835900Z [INSTALL_DEPENDENCIES] > NGNflow@1.0.0 postinstall
Build iOS and Submit to TestFlight	Build for iOS (Local on Runner)	2026-09-29T06:00:26.7837650Z [INSTALL_DEPENDENCIES] > patch-package
Build iOS and Submit to TestFlight	Build for iOS (Local on Runner)	2026-09-29T06:00:27.1605840Z [INSTALL_DEPENDENCIES] patch-package 8.0.1
Build iOS and Submit to TestFlight	Build for iOS (Local on Runner)	2026-09-29T06:00:27.1616010Z [INSTALL_DEPENDENCIES] Applying patches...
Build iOS and Submit to TestFlight	Build for iOS (Local on Runner)	2026-09-29T06:00:27.1773390Z [INSTALL_DEPENDENCIES] expo-modules-core@57.0.19 ✔
Build iOS and Submit to TestFlight	Build for iOS (Local on Runner)	2026-09-29T06:00:27.2103450Z [INSTALL_DEPENDENCIES] expo-modules-jsi@57.1.1 ✔
Build iOS and Submit to TestFlight	Build for iOS (Local on Runner)	2026-09-29T06:00:27.2129700Z [INSTALL_DEPENDENCIES] expo-notifications@57.0.21 ✔
Build iOS and Submit to TestFlight	Build for iOS (Local on Runner)	2026-09-29T06:00:27.2173670Z [INSTALL_DEPENDENCIES] react-native@0.86.3 ✔
Build iOS and Submit to TestFlight	Build for iOS (Local on Runner)	2026-09-29T06:00:27.2368920Z [INSTALL_DEPENDENCIES] added 659 packages, and audited 660 packages in 24s
Build iOS and Submit to TestFlight	Build for iOS (Local on Runner)	2026-09-29T06:00:27.2371110Z [INSTALL_DEPENDENCIES] 
Build iOS and Submit to TestFlight	Build for iOS (Local on Runner)	2026-09-29T06:00:27.2372560Z [INSTALL_DEPENDENCIES] 80 packages are looking for funding
Build iOS and Submit to TestFlight	Build for iOS (Local on Runner)	2026-09-29T06:00:27.2374880Z [INSTALL_DEPENDENCIES] run `npm fund` for details
Build iOS and Submit to TestFlight	Build for iOS (Local on Runner)	2026-09-29T06:00:27.2985480Z [INSTALL_DEPENDENCIES] 13 moderate severity vulnerabilities
Build iOS and Submit to TestFlight	Build for iOS (Local on Runner)	2026-09-29T06:00:27.2986330Z [INSTALL_DEPENDENCIES] 
Build iOS and Submit to TestFlight	Build for iOS (Local on Runner)	2026-09-29T06:00:27.2986890Z [INSTALL_DEPENDENCIES] To address issues that do not require attention, run:
Build iOS and Submit to TestFlight	Build for iOS (Local on Runner)	2026-09-29T06:00:27.2987700Z [INSTALL_DEPENDENCIES]   npm audit fix
Build iOS and Submit to TestFlight	Build for iOS (Local on Runner)	2026-09-29T06:00:27.2988270Z [INSTALL_DEPENDENCIES] 
Build iOS and Submit to TestFlight	Build for iOS (Local on Runner)	2026-09-29T06:00:27.2988810Z [INSTALL_DEPENDENCIES] To address all issues (including breaking changes), run:
Build iOS and Submit to TestFlight	Build for iOS (Local on Runner)	2026-09-29T06:00:27.2989300Z [INSTALL_DEPENDENCIES]   npm audit fix --force
Build iOS and Submit to TestFlight	Build for iOS (Local on Runner)	2026-09-29T06:00:27.2989560Z [INSTALL_DEPENDENCIES] 
Build iOS and Submit to TestFlight	Build for iOS (Local on Runner)	2026-09-29T06:00:27.2990200Z [INSTALL_DEPENDENCIES] Run `npm audit` for details.
Build iOS and Submit to TestFlight	Build for iOS (Local on Runner)	2026-09-29T06:00:27.3502150Z The NODE_ENV environment variable is required but was not specified. Ensure the project is bundled with Expo CLI or NODE_ENV is set.
Build iOS and Submit to TestFlight	Build for iOS (Local on Runner)	2026-09-29T06:00:27.3517260Z Proceeding without mode-specific .env
Build iOS and Submit to TestFlight	Build for iOS (Local on Runner)	2026-09-29T06:00:28.0843100Z [READ_APP_CONFIG] Using app configuration:
Build iOS and Submit to TestFlight	Build for iOS (Local on Runner)	2026-09-29T06:00:28.0880960Z [READ_APP_CONFIG] {
Build iOS and Submit to TestFlight	Build for iOS (Local on Runner)	2026-09-29T06:00:28.0889370Z   "name": "NGNflow",
Build iOS and Submit to TestFlight	Build for iOS (Local on Runner)	2026-09-29T06:00:28.0893410Z   "slug": "NGNflow",
Build iOS and Submit to TestFlight	Build for iOS (Local on Runner)	2026-09-29T06:00:28.0897290Z   "version": "1.0.0",
Build iOS and Submit to TestFlight	Build for iOS (Local on Runner)	2026-09-29T06:00:28.0899270Z   "orientation": "portrait",
Build iOS and Submit to TestFlight	Build for iOS (Local on Runner)	2026-09-29T06:00:28.0904850Z   "icon": "./assets/icon.png",
Build iOS and Submit to TestFlight	Build for iOS (Local on Runner)	2026-09-29T06:00:28.0908430Z   "userInterfaceStyle": "light",
Build iOS and Submit to TestFlight	Build for iOS (Local on Runner)	2026-09-29T06:00:28.0913660Z   "ios": {
Build iOS and Submit to TestFlight	Build for iOS (Local on Runner)	2026-09-29T06:00:28.0918020Z     "supportsTablet": true,
Build iOS and Submit to TestFlight	Build for iOS (Local on Runner)	2026-09-29T06:00:28.0921190Z     "infoPlist": {
Build iOS and Submit to TestFlight	Build for iOS (Local on Runner)	2026-09-29T06:00:28.0925010Z       "NSAppTransportSecurity": {
Build iOS and Submit to TestFlight	Build for iOS (Local on Runner)	2026-09-29T06:00:28.0928420Z         "NSAllowsArbitraryLoads": true
Build iOS and Submit to TestFlight	Build for iOS (Local on Runner)	2026-09-29T06:00:28.0936990Z       },
Build iOS and Submit to TestFlight	Build for iOS (Local on Runner)	2026-09-29T06:00:28.0938600Z       "ITSAppUsesNonExemptEncryption": false
Build iOS and Submit to TestFlight	Build for iOS (Local on Runner)	2026-09-29T06:00:28.0939120Z     },
Build iOS and Submit to TestFlight	Build for iOS (Local on Runner)	2026-09-29T06:00:28.0939370Z     "bundleIdentifier": "com.olamicreas.ngnflow"
Build iOS and Submit to TestFlight	Build for iOS (Local on Runner)	2026-09-29T06:00:28.0939670Z   },
Build iOS and Submit to TestFlight	Build for iOS (Local on Runner)	2026-09-29T06:00:28.0939890Z   "android": {
Build iOS and Submit to TestFlight	Build for iOS (Local on Runner)	2026-09-29T06:00:28.0940330Z     "adaptiveIcon": {
Build iOS and Submit to TestFlight	Build for iOS (Local on Runner)	2026-09-29T06:00:28.0940620Z       "backgroundColor": "#E6F4FE",
Build iOS and Submit to TestFlight	Build for iOS (Local on Runner)	2026-09-29T06:00:28.0941010Z       "foregroundImage": "./assets/android-icon-foreground.png",
Build iOS and Submit to TestFlight	Build for iOS (Local on Runner)	2026-09-29T06:00:28.0941800Z       "backgroundImage": "./assets/android-icon-background.png",
Build iOS and Submit to TestFlight	Build for iOS (Local on Runner)	2026-09-29T06:00:28.0942280Z       "monochromeImage": "./assets/android-icon-monochrome.png"
Build iOS and Submit to TestFlight	Build for iOS (Local on Runner)	2026-09-29T06:00:28.0942600Z     }
Build iOS and Submit to TestFlight	Build for iOS (Local on Runner)	2026-09-29T06:00:28.0942880Z   },
Build iOS and Submit to TestFlight	Build for iOS (Local on Runner)	2026-09-29T06:00:28.0943180Z   "web": {
Build iOS and Submit to TestFlight	Build for iOS (Local on Runner)	2026-09-29T06:00:28.0943390Z     "favicon": "./assets/favicon.png"
Build iOS and Submit to TestFlight	Build for iOS (Local on Runner)	2026-09-29T06:00:28.0943670Z   },
Build iOS and Submit to TestFlight	Build for iOS (Local on Runner)	2026-09-29T06:00:28.0944060Z   "plugins": [
Build iOS and Submit to TestFlight	Build for iOS (Local on Runner)	2026-09-29T06:00:28.0944330Z     "expo-secure-store",
Build iOS and Submit to TestFlight	Build for iOS (Local on Runner)	2026-09-29T06:00:28.0944590Z     "expo-notifications",
Build iOS and Submit to TestFlight	Build for iOS (Local on Runner)	2026-09-29T06:00:28.0944940Z     "./withPackageSwiftFix.js",
Build iOS and Submit to TestFlight	Build for iOS (Local on Runner)	2026-09-29T06:00:28.0945220Z     [
Build iOS and Submit to TestFlight	Build for iOS (Local on Runner)	2026-09-29T06:00:28.0945480Z       "expo-build-properties",
Build iOS and Submit to TestFlight	Build for iOS (Local on Runner)	2026-09-29T06:00:28.0945760Z       {
Build iOS and Submit to TestFlight	Build for iOS (Local on Runner)	2026-09-29T06:00:28.0946010Z         "ios": {
Build iOS and Submit to TestFlight	Build for iOS (Local on Runner)	2026-09-29T06:00:28.0946430Z           "usePrecompiledModules": false
Build iOS and Submit to TestFlight	Build for iOS (Local on Runner)	2026-09-29T06:00:28.0946820Z         }
Build iOS and Submit to TestFlight	Build for iOS (Local on Runner)	2026-09-29T06:00:28.0947110Z       }
Build iOS and Submit to TestFlight	Build for iOS (Local on Runner)	2026-09-29T06:00:28.0947430Z     ]
Build iOS and Submit to TestFlight	Build for iOS (Local on Runner)	2026-09-29T06:00:28.0947850Z   ],
Build iOS and Submit to TestFlight	Build for iOS (Local on Runner)	2026-09-29T06:00:28.0948390Z   "extra": {
Build iOS and Submit to TestFlight	Build for iOS (Local on Runner)	2026-09-29T06:00:28.0948840Z     "eas": {
Build iOS and Submit to TestFlight	Build for iOS (Local on Runner)	2026-09-29T06:00:28.0949290Z       "projectId": "37392892-5e18-40dc-9637-0cbb73d2307d"
Build iOS and Submit to TestFlight	Build for iOS (Local on Runner)	2026-09-29T06:00:28.0949670Z     }
Build iOS and Submit to TestFlight	Build for iOS (Local on Runner)	2026-09-29T06:00:28.0949970Z   },
Build iOS and Submit to TestFlight	Build for iOS (Local on Runner)	2026-09-29T06:00:28.0950260Z   "sdkVersion": "57.0.0",
Build iOS and Submit to TestFlight	Build for iOS (Local on Runner)	2026-09-29T06:00:28.0950550Z   "platforms": [
Build iOS and Submit to TestFlight	Build for iOS (Local on Runner)	2026-09-29T06:00:28.0950830Z     "ios",
Build iOS and Submit to TestFlight	Build for iOS (Local on Runner)	2026-09-29T06:00:28.0951250Z     "android"
Build iOS and Submit to TestFlight	Build for iOS (Local on Runner)	2026-09-29T06:00:28.0951600Z   ]
Build iOS and Submit to TestFlight	Build for iOS (Local on Runner)	2026-09-29T06:00:28.0952000Z }
Build iOS and Submit to TestFlight	Build for iOS (Local on Runner)	2026-09-29T06:00:28.0952450Z [RUN_EXPO_DOCTOR] Running "expo doctor"
Build iOS and Submit to TestFlight	Build for iOS (Local on Runner)	2026-09-29T06:00:30.6228230Z [RUN_EXPO_DOCTOR] Running 21 checks on your project...
Build iOS and Submit to TestFlight	Build for iOS (Local on Runner)	2026-09-29T06:00:34.5251450Z [RUN_EXPO_DOCTOR] 21/21 checks passed. No issues detected!
Build iOS and Submit to TestFlight	Build for iOS (Local on Runner)	2026-09-29T06:00:34.5529000Z [PREPARE_CREDENTIALS] Preparing credentials
Build iOS and Submit to TestFlight	Build for iOS (Local on Runner)	2026-09-29T06:00:34.5537150Z [PREPARE_CREDENTIALS] Creating keychain
Build iOS and Submit to TestFlight	Build for iOS (Local on Runner)	2026-09-29T06:00:36.9479120Z [PREPARE_CREDENTIALS] Preparing credentials for target 'NGNflow'
Build iOS and Submit to TestFlight	Build for iOS (Local on Runner)	2026-09-29T06:00:36.9480340Z [PREPARE_CREDENTIALS] Getting distribution certificate fingerprint and common name
Build iOS and Submit to TestFlight	Build for iOS (Local on Runner)	2026-09-29T06:00:37.0132140Z [PREPARE_CREDENTIALS] Fingerprint = "C1B4411CCF53C90D1C1C2CD552E36C662BB991D1", common name = iPhone Distribution: AbdulQuayyum Oyedotun (2R4679C9P5)
Build iOS and Submit to TestFlight	Build for iOS (Local on Runner)	2026-09-29T06:00:37.0169250Z [PREPARE_CREDENTIALS] Writing distribution certificate to /var/folders/36/tjdph2t965j8snz9_vkdnw0r0000gn/T/66001b5d-d101-433d-bdde-976289854b5a.p12
Build iOS and Submit to TestFlight	Build for iOS (Local on Runner)	2026-09-29T06:00:37.0173140Z [PREPARE_CREDENTIALS] Importing distribution certificate into the keychain
Build iOS and Submit to TestFlight	Build for iOS (Local on Runner)	2026-09-29T06:00:39.0992140Z [PREPARE_CREDENTIALS] Initializing provisioning profile
Build iOS and Submit to TestFlight	Build for iOS (Local on Runner)	2026-09-29T06:00:39.1642960Z [PREPARE_CREDENTIALS] Validating whether the distribution certificate has been imported successfully
Build iOS and Submit to TestFlight	Build for iOS (Local on Runner)	2026-09-29T06:00:39.2234590Z [PREPARE_CREDENTIALS] Verifying whether the distribution certificate and provisioning profile match
Build iOS and Submit to TestFlight	Build for iOS (Local on Runner)	2026-09-29T06:00:40.2374080Z [PREBUILD] - Creating native directory (./ios)
Build iOS and Submit to TestFlight	Build for iOS (Local on Runner)	2026-09-29T06:00:40.8075000Z [PREBUILD] ✔ Created native directory
Build iOS and Submit to TestFlight	Build for iOS (Local on Runner)	2026-09-29T06:00:40.8083960Z [PREBUILD] - Updating package.json
Build iOS and Submit to TestFlight	Build for iOS (Local on Runner)	2026-09-29T06:00:40.8151700Z [PREBUILD] ✔ Updated package.json | no changes
Build iOS and Submit to TestFlight	Build for iOS (Local on Runner)	2026-09-29T06:00:40.8152370Z [PREBUILD] - Running prebuild
Build iOS and Submit to TestFlight	Build for iOS (Local on Runner)	2026-09-29T06:00:41.4112900Z [PREBUILD] ✔ Finished prebuild
Build iOS and Submit to TestFlight	Build for iOS (Local on Runner)	2026-09-29T06:00:41.4431530Z [PREBUILD] Running "npm install --include=dev" in /var/folders/36/tjdph2t965j8snz9_vkdnw0r0000gn/T/eas-build-local-nodejs/06efa554-806d-4c30-98cb-771f9bc38d9c/build directory
Build iOS and Submit to TestFlight	Build for iOS (Local on Runner)	2026-09-29T06:00:42.7789290Z [PREBUILD] > NGNflow@1.0.0 postinstall
Build iOS and Submit to TestFlight	Build for iOS (Local on Runner)	2026-09-29T06:00:42.7792010Z [PREBUILD] > patch-package
Build iOS and Submit to TestFlight	Build for iOS (Local on Runner)	2026-09-29T06:00:42.9590650Z [PREBUILD] patch-package 8.0.1
Build iOS and Submit to TestFlight	Build for iOS (Local on Runner)	2026-09-29T06:00:42.9691420Z [PREBUILD] Applying patches...
Build iOS and Submit to TestFlight	Build for iOS (Local on Runner)	2026-09-29T06:00:42.9800790Z [PREBUILD] expo-modules-core@57.0.19 ✔
Build iOS and Submit to TestFlight	Build for iOS (Local on Runner)	2026-09-29T06:00:42.9902890Z [PREBUILD] expo-modules-jsi@57.1.1 ✔
Build iOS and Submit to TestFlight	Build for iOS (Local on Runner)	2026-09-29T06:00:43.0003060Z [PREBUILD] expo-notifications@57.0.21 ✔
Build iOS and Submit to TestFlight	Build for iOS (Local on Runner)	2026-09-29T06:00:43.0104190Z [PREBUILD] react-native@0.86.3 ✔
Build iOS and Submit to TestFlight	Build for iOS (Local on Runner)	2026-09-29T06:00:43.0206010Z [PREBUILD] up to date, audited 660 packages in 1s
Build iOS and Submit to TestFlight	Build for iOS (Local on Runner)	2026-09-29T06:00:43.0306440Z [PREBUILD] 
Build iOS and Submit to TestFlight	Build for iOS (Local on Runner)	2026-09-29T06:00:43.0409740Z [PREBUILD] 80 packages are looking for funding
Build iOS and Submit to TestFlight	Build for iOS (Local on Runner)	2026-09-29T06:00:43.0512180Z [PREBUILD]   run `npm fund` for details
Build iOS and Submit to TestFlight	Build for iOS (Local on Runner)	2026-09-29T06:00:43.0613880Z [PREBUILD] 13 moderate severity vulnerabilities
Build iOS and Submit to TestFlight	Build for iOS (Local on Runner)	2026-09-29T06:00:43.0623680Z [PREBUILD] 
Build iOS and Submit to TestFlight	Build for iOS (Local on Runner)	2026-09-29T06:00:43.0626500Z [PREBUILD] To address issues that do not require attention, run:
Build iOS and Submit to TestFlight	Build for iOS (Local on Runner)	2026-09-29T06:00:43.0627360Z [PREBUILD]   npm audit fix
Build iOS and Submit to TestFlight	Build for iOS (Local on Runner)	2026-09-29T06:00:43.0627890Z [PREBUILD] 
Build iOS and Submit to TestFlight	Build for iOS (Local on Runner)	2026-09-29T06:00:43.0629070Z [PREBUILD] To address all issues (including breaking changes), run:
Build iOS and Submit to TestFlight	Build for iOS (Local on Runner)	2026-09-29T06:00:43.0630150Z [PREBUILD]   npm audit fix --force
Build iOS and Submit to TestFlight	Build for iOS (Local on Runner)	2026-09-29T06:00:43.0630800Z [PREBUILD] 
Build iOS and Submit to TestFlight	Build for iOS (Local on Runner)	2026-09-29T06:00:43.0631280Z [PREBUILD] Run `npm audit` for details.
Build iOS and Submit to TestFlight	Build for iOS (Local on Runner)	2026-09-29T06:00:43.0633080Z [RESTORE_CACHE] Local builds do not support restoring cache
Build iOS and Submit to TestFlight	Build for iOS (Local on Runner)	2026-09-29T06:00:44.7318530Z [INSTALL_PODS] Using Expo modules
Build iOS and Submit to TestFlight	Build for iOS (Local on Runner)	2026-09-29T06:00:44.7420100Z [INSTALL_PODS] [Expo] Enabling modular headers for pod ExpoModulesCore
Build iOS and Submit to TestFlight	Build for iOS (Local on Runner)	2026-09-29T06:00:44.7508900Z [INSTALL_PODS] [Expo] Enabling modular headers for pod ExpoModulesJSI
Build iOS and Submit to TestFlight	Build for iOS (Local on Runner)	2026-09-29T06:00:44.7587350Z [INSTALL_PODS] [Expo] Enabling modular headers for pod React-RCTAppDelegate
Build iOS and Submit to TestFlight	Build for iOS (Local on Runner)	2026-09-29T06:00:44.7588580Z [INSTALL_PODS] [Expo] Enabling modular headers for pod React-RCTFabric
Build iOS and Submit to TestFlight	Build for iOS (Local on Runner)	2026-09-29T06:00:44.7589660Z [INSTALL_PODS] [Expo] Enabling modular headers for pod ReactAppDependencyProvider
Build iOS and Submit to TestFlight	Build for iOS (Local on Runner)	2026-09-29T06:00:44.7591860Z [INSTALL_PODS] [Expo] Enabling modular headers for pod React-Core
Build iOS and Submit to TestFlight	Build for iOS (Local on Runner)	2026-09-29T06:00:44.7592760Z [INSTALL_PODS] [Expo] Enabling modular headers for pod ReactCodegen
Build iOS and Submit to TestFlight	Build for iOS (Local on Runner)	2026-09-29T06:00:44.7593660Z [INSTALL_PODS] [Expo] Enabling modular headers for pod RCTRequired
Build iOS and Submit to TestFlight	Build for iOS (Local on Runner)	2026-09-29T06:00:44.7594310Z [INSTALL_PODS] [Expo] Enabling modular headers for pod RCTTypeSafety
Build iOS and Submit to TestFlight	Build for iOS (Local on Runner)	2026-09-29T06:00:44.7595880Z [INSTALL_PODS] [Expo] Enabling modular headers for pod ReactCommon
Build iOS and Submit to TestFlight	Build for iOS (Local on Runner)	2026-09-29T06:00:44.7597180Z [INSTALL_PODS] [Expo] Enabling modular headers for pod React-NativeModulesApple
Build iOS and Submit to TestFlight	Build for iOS (Local on Runner)	2026-09-29T06:00:44.7597930Z [INSTALL_PODS] [Expo] Enabling modular headers for pod Yoga
Build iOS and Submit to TestFlight	Build for iOS (Local on Runner)	2026-09-29T06:00:44.7598540Z [INSTALL_PODS] [Expo] Enabling modular headers for pod React-Fabric
Build iOS and Submit to TestFlight	Build for iOS (Local on Runner)	2026-09-29T06:00:44.7599080Z [INSTALL_PODS] [Expo] Enabling modular headers for pod React-graphics
Build iOS and Submit to TestFlight	Build for iOS (Local on Runner)	2026-09-29T06:00:44.7599660Z [INSTALL_PODS] [Expo] Enabling modular headers for pod React-utils
Build iOS and Submit to TestFlight	Build for iOS (Local on Runner)	2026-09-29T06:00:44.7600250Z [INSTALL_PODS] [Expo] Enabling modular headers for pod React-featureflags
Build iOS and Submit to TestFlight	Build for iOS (Local on Runner)	2026-09-29T06:00:44.7600800Z [INSTALL_PODS] [Expo] Enabling modular headers for pod React-debug
Build iOS and Submit to TestFlight	Build for iOS (Local on Runner)	2026-09-29T06:00:44.7601380Z [INSTALL_PODS] [Expo] Enabling modular headers for pod React-ImageManager
Build iOS and Submit to TestFlight	Build for iOS (Local on Runner)	2026-09-29T06:00:44.7602000Z [INSTALL_PODS] [Expo] Enabling modular headers for pod React-rendererdebug
Build iOS and Submit to TestFlight	Build for iOS (Local on Runner)	2026-09-29T06:00:44.7603330Z [INSTALL_PODS] [Expo] Enabling modular headers for pod React-jsi
Build iOS and Submit to TestFlight	Build for iOS (Local on Runner)	2026-09-29T06:00:44.7603870Z [INSTALL_PODS] [Expo] Enabling modular headers for pod React-renderercss
Build iOS and Submit to TestFlight	Build for iOS (Local on Runner)	2026-09-29T06:00:44.7604460Z [INSTALL_PODS] [Expo] Enabling modular headers for pod hermes-engine
Build iOS and Submit to TestFlight	Build for iOS (Local on Runner)	2026-09-29T06:00:44.7605000Z [INSTALL_PODS] [Expo] Enabling modular headers for pod glog
Build iOS and Submit to TestFlight	Build for iOS (Local on Runner)	2026-09-29T06:00:44.7605560Z [INSTALL_PODS] [Expo] Enabling modular headers for pod boost
Build iOS and Submit to TestFlight	Build for iOS (Local on Runner)	2026-09-29T06:00:44.7606190Z [INSTALL_PODS] [Expo] Enabling modular headers for pod DoubleConversion
Build iOS and Submit to TestFlight	Build for iOS (Local on Runner)	2026-09-29T06:00:44.7606790Z [INSTALL_PODS] [Expo] Enabling modular headers for pod fast_float
Build iOS and Submit to TestFlight	Build for iOS (Local on Runner)	2026-09-29T06:00:44.7607330Z [INSTALL_PODS] [Expo] Enabling modular headers for pod fmt
Build iOS and Submit to TestFlight	Build for iOS (Local on Runner)	2026-09-29T06:00:44.7608190Z [INSTALL_PODS] [Expo] Enabling modular headers for pod RCT-Folly
Build iOS and Submit to TestFlight	Build for iOS (Local on Runner)	2026-09-29T06:00:44.7608790Z [INSTALL_PODS] [Expo] Enabling modular headers for pod SocketRocket
Build iOS and Submit to TestFlight	Build for iOS (Local on Runner)	2026-09-29T06:00:46.5541040Z [INSTALL_PODS] Found 7 modules for target `NGNflow`
Build iOS and Submit to TestFlight	Build for iOS (Local on Runner)	2026-09-29T06:00:46.5562920Z [INSTALL_PODS] link_native_modules! {ios_packages: [{configurations: [], name: "@react-native-async-storage/async-storage", root: "/private/var/folders/36/tjdph2t965j8snz9_vkdnw0r0000gn/T/eas-build-local-nodejs/06efa554-806d-4c30-98cb-771f9bc38d9c/build/node_modules/@react-native-async-storage/async-storage", path: "../node_modules/@react-native-async-storage/async-storage", podspec_path: "/private/var/folders/36/tjdph2t965j8snz9_vkdnw0r0000gn/T/eas-build-local-nodejs/06efa554-806d-4c30-98cb-771f9bc38d9c/build/node_modules/@react-native-async-storage/async-storage/RNCAsyncStorage.podspec", script_phases: []}, {configurations: [], name: "expo", root: "/private/var/folders/36/tjdph2t965j8snz9_vkdnw0r0000gn/T/eas-build-local-nodejs/06efa554-806d-4c30-98cb-771f9bc38d9c/build/node_modules/expo", path: "../node_modules/expo", podspec_path: "/private/var/folders/36/tjdph2t965j8snz9_vkdnw0r0000gn/T/eas-build-local-nodejs/06efa554-806d-4c30-98cb-771f9bc38d9c/build/node_modules/expo/Expo.podspec", script_phases: []}, {configurations: [], name: "react-native-reanimated", root: "/private/var/folders/36/tjdph2t965j8snz9_vkdnw0r0000gn/T/eas-build-local-nodejs/06efa554-806d-4c30-98cb-771f9bc38d9c/build/node_modules/react-native-reanimated", path: "../node_modules/react-native-reanimated", podspec_path: "/private/var/folders/36/tjdph2t965j8snz9_vkdnw0r0000gn/T/eas-build-local-nodejs/06efa554-806d-4c30-98cb-771f9bc38d9c/build/node_modules/react-native-reanimated/RNReanimated.podspec", script_phases: []}, {configurations: [], name: "react-native-safe-area-context", root: "/private/var/folders/36/tjdph2t965j8snz9_vkdnw0r0000gn/T/eas-build-local-nodejs/06efa554-806d-4c30-98cb-771f9bc38d9c/build/node_modules/react-native-safe-area-context", path: "../node_modules/react-native-safe-area-context", podspec_path: "/private/var/folders/36/tjdph2t965j8snz9_vkdnw0r0000gn/T/eas-build-local-nodejs/06efa554-806d-4c30-98cb-771f9bc38d9c/build/node_modules/react-native-safe-area-context/react-native-safe-area-context.podspec", script_phases: []}, {configurations: [], name: "react-native-screens", root: "/private/var/folders/36/tjdph2t965j8snz9_vkdnw0r0000gn/T/eas-build-local-nodejs/06efa554-806d-4c30-98cb-771f9bc38d9c/build/node_modules/react-native-screens", path: "../node_modules/react-native-screens", podspec_path: "/private/var/folders/36/tjdph2t965j8snz9_vkdnw0r0000gn/T/eas-build-local-nodejs/06efa554-806d-4c30-98cb-771f9bc38d9c/build/node_modules/react-native-screens/RNScreens.podspec", script_phases: []}, {configurations: [], name: "react-native-svg", root: "/private/var/folders/36/tjdph2t965j8snz9_vkdnw0r0000gn/T/eas-build-local-nodejs/06efa554-806d-4c30-98cb-771f9bc38d9c/build/node_modules/react-native-svg", path: "../node_modules/react-native-svg", podspec_path: "/private/var/folders/36/tjdph2t965j8snz9_vkdnw0r0000gn/T/eas-build-local-nodejs/06efa554-806d-4c30-98cb-771f9bc38d9c/build/node_modules/react-native-svg/RNSVG.podspec", script_phases: []}, {configurations: [], name: "react-native-worklets", root: "/private/var/folders/36/tjdph2t965j8snz9_vkdnw0r0000gn/T/eas-build-local-nodejs/06efa554-806d-4c30-98cb-771f9bc38d9c/build/node_modules/react-native-worklets", path: "../node_modules/react-native-worklets", podspec_path: "/private/var/folders/36/tjdph2t965j8snz9_vkdnw0r0000gn/T/eas-build-local-nodejs/06efa554-806d-4c30-98cb-771f9bc38d9c/build/node_modules/react-native-worklets/RNWorklets.podspec", script_phases: []}], ios_project_root_path: "/private/var/folders/36/tjdph2t965j8snz9_vkdnw0r0000gn/T/eas-build-local-nodejs/06efa554-806d-4c30-98cb-771f9bc38d9c/build/ios", react_native_path: "../node_modules/react-native"}
Build iOS and Submit to TestFlight	Build for iOS (Local on Runner)	2026-09-29T06:00:47.0867600Z [INSTALL_PODS] Auto-linking React Native modules for target `NGNflow`: RNCAsyncStorage, RNReanimated, RNSVG, RNScreens, RNWorklets, and react-native-safe-area-context
Build iOS and Submit to TestFlight	Build for iOS (Local on Runner)	2026-09-29T06:00:47.1970580Z [INSTALL_PODS] Framework build type is static library
Build iOS and Submit to TestFlight	Build for iOS (Local on Runner)	2026-09-29T06:00:47.2142450Z [INSTALL_PODS] [ReactNativeDependencies] Setting up ReactNativeDependencies...
Build iOS and Submit to TestFlight	Build for iOS (Local on Runner)	2026-09-29T06:00:47.4006740Z [INSTALL_PODS] [ReactNativeDependencies] Building from source: false
Build iOS and Submit to TestFlight	Build for iOS (Local on Runner)	2026-09-29T06:00:47.4011880Z [INSTALL_PODS] [ReactNativeDependencies] Using tarball from URL: https://repo1.maven.org/maven2/com/facebook/react/react-native-artifacts/0.86.3/react-native-artifacts-0.86.3-reactnative-dependencies-debug.tar.gz
Build iOS and Submit to TestFlight	Build for iOS (Local on Runner)	2026-09-29T06:00:47.4166540Z [INSTALL_PODS] [ReactNativeDependencies] Cache miss: downloading reactnative-dependencies-0.86.3-debug.tar.gz from https://repo1.maven.org/maven2/com/facebook/react/react-native-artifacts/0.86.3/react-native-artifacts-0.86.3-reactnative-dependencies-debug.tar.gz
Build iOS and Submit to TestFlight	Build for iOS (Local on Runner)	2026-09-29T06:00:47.4381070Z [INSTALL_PODS] % Total    % Received % Xferd  Average Speed   Time    Time     Time  Current
Build iOS and Submit to TestFlight	Build for iOS (Local on Runner)	2026-09-29T06:00:47.4384080Z [INSTALL_PODS]                                  Dload  Upload   Total   Spent    Left  Speed
Build iOS and Submit to TestFlight	Build for iOS (Local on Runner)	2026-09-29T06:00:47.4385250Z [INSTALL_PODS] 
Build iOS and Submit to TestFlight	Build for iOS (Local on Runner)	2026-09-29T06:00:47.4386290Z   0
Build iOS and Submit to TestFlight	Build for iOS (Local on Runner)	2026-09-29T06:00:47.4387030Z [INSTALL_PODS] 0    0     0    0     0      0      0 --:--:-- --:--:-- --:--:--     0
Build iOS and Submit to TestFlight	Build for iOS (Local on Runner)	2026-09-29T06:00:47.4647680Z [INSTALL_PODS] 0     0    0     0    0     0      0      0 --:--:-- --:--:-- --:--:--     0
Build iOS and Submit to TestFlight	Build for iOS (Local on Runner)	2026-09-29T06:00:47.4762190Z [INSTALL_PODS] 100   167    0   167    0     0
Build iOS and Submit to TestFlight	Build for iOS (Local on Runner)	2026-09-29T06:00:47.4763490Z [INSTALL_PODS] 4336      0 --:--:-- --:--:-- --:--:--  4282
Build iOS and Submit to TestFlight	Build for iOS (Local on Runner)	2026-09-29T06:00:47.9338250Z [INSTALL_PODS] 100 17.8M  100 17.8M    0     0  36.0M      0 --:--:-- --:--:-- --:--:-- 36.0M
Build iOS and Submit to TestFlight	Build for iOS (Local on Runner)	2026-09-29T06:00:47.9560090Z [INSTALL_PODS] [ReactNativeDependencies] Verifying checksum for downloaded reactnative-dependencies-0.86.3-debug.tar.gz...
Build iOS and Submit to TestFlight	Build for iOS (Local on Runner)	2026-09-29T06:00:48.0615970Z [INSTALL_PODS] [Cache] SHA1 verified for reactnative-dependencies-0.86.3-debug.tar.gz
Build iOS and Submit to TestFlight	Build for iOS (Local on Runner)	2026-09-29T06:00:48.0846870Z [INSTALL_PODS] [ReactNativeDependencies] Saved reactnative-dependencies-0.86.3-debug.tar.gz to shared cache (/Users/runner/Library/Caches/ReactNative)
Build iOS and Submit to TestFlight	Build for iOS (Local on Runner)	2026-09-29T06:00:48.0959670Z [INSTALL_PODS] [ReactNativeDependencies] Cache miss: downloading reactnative-dependencies-0.86.3-release.tar.gz from https://repo1.maven.org/maven2/com/facebook/react/react-native-artifacts/0.86.3/react-native-artifacts-0.86.3-reactnative-dependencies-release.tar.gz
Build iOS and Submit to TestFlight	Build for iOS (Local on Runner)	2026-09-29T06:00:48.1166800Z [INSTALL_PODS] % Total    % Received % Xferd  Average Speed   Time    Time     Time  Current
Build iOS and Submit to TestFlight	Build for iOS (Local on Runner)	2026-09-29T06:00:48.1172850Z [INSTALL_PODS]                                  Dlo
Build iOS and Submit to TestFlight	Build for iOS (Local on Runner)	2026-09-29T06:00:48.1174500Z [INSTALL_PODS] ad  Upload   Total   Spent    Left  Speed
Build iOS and Submit to TestFlight	Build for iOS (Local on Runner)	2026-09-29T06:00:48.1176220Z [INSTALL_PODS] 
Build iOS and Submit to TestFlight	Build for iOS (Local on Runner)	2026-09-29T06:00:48.1177140Z   0     0    0     0    0     0      0      0 --:--:-- --:--:-- --:--:--     0
Build iOS and Submit to TestFlight	Build for iOS (Local on Runner)	2026-09-29T06:00:48.1629180Z [INSTALL_PODS] 100   167    0
Build iOS and Submit to TestFlight	Build for iOS (Local on Runner)	2026-09-29T06:00:48.1649000Z [INSTALL_PODS] 167    0     0   3612      0 --:--:-- --:--:-- --:--:--  3630
Build iOS and Submit to TestFlight	Build for iOS (Local on Runner)	2026-09-29T06:00:48.3527110Z [INSTALL_PODS] 100  9.9M  100  9.9M    0     0  43.9M      0 --:--:-- --:--:-- --:--:-- 43.9M
Build iOS and Submit to TestFlight	Build for iOS (Local on Runner)	2026-09-29T06:00:48.3573840Z [INSTALL_PODS] [ReactNativeDependencies] Verifying checksum for downloaded reactnative-dependencies-0.86.3-release.tar.gz...
Build iOS and Submit to TestFlight	Build for iOS (Local on Runner)	2026-09-29T06:00:48.4476720Z [INSTALL_PODS] [Cache] SHA1 verified for reactnative-dependencies-0.86.3-release.tar.gz
Build iOS and Submit to TestFlight	Build for iOS (Local on Runner)	2026-09-29T06:00:48.4708350Z [INSTALL_PODS] [ReactNativeDependencies] Saved reactnative-dependencies-0.86.3-release.tar.gz to shared cache (/Users/runner/Library/Caches/ReactNative)
Build iOS and Submit to TestFlight	Build for iOS (Local on Runner)	2026-09-29T06:00:48.4810020Z [INSTALL_PODS] [ReactNativeDependencies] Source: {http: "https://repo1.maven.org/maven2/com/facebook/react/react-native-artifacts/0.86.3/react-native-artifacts-0.86.3-reactnative-dependencies-debug.tar.gz"}
Build iOS and Submit to TestFlight	Build for iOS (Local on Runner)	2026-09-29T06:00:48.4821090Z [INSTALL_PODS] [ReactNativeCore] Setting up ReactNativeCore...
Build iOS and Submit to TestFlight	Build for iOS (Local on Runner)	2026-09-29T06:00:48.6098050Z [INSTALL_PODS] [ReactNativeCore] Building from source: false
Build iOS and Submit to TestFlight	Build for iOS (Local on Runner)	2026-09-29T06:00:48.6190570Z [INSTALL_PODS] Configuring the target with the New Architecture
Build iOS and Submit to TestFlight	Build for iOS (Local on Runner)	2026-09-29T06:00:48.6293490Z [INSTALL_PODS] [ReactNativeCore] Using React Native Core and React Native Dependencies prebuilt versions.
Build iOS and Submit to TestFlight	Build for iOS (Local on Runner)	2026-09-29T06:00:49.2147540Z [INSTALL_PODS] ^[[36m^[[1m[Codegen]^[[0m Analyzing /private/var/folders/36/tjdph2t965j8snz9_vkdnw0r0000gn/T/eas-build-local-nodejs/06efa554-806d-4c30-98cb-771f9bc38d9c/build/package.json^[[0m
Build iOS and Submit to TestFlight	Build for iOS (Local on Runner)	2026-09-29T06:00:49.2149770Z [INSTALL_PODS] ^[[36m^[[1m[Codegen]^[[0m ^[[33mSearching for codegen-enabled libraries in the app.^[[0m
Build iOS and Submit to TestFlight	Build for iOS (Local on Runner)	2026-09-29T06:00:49.2151010Z [INSTALL_PODS] ^[[36m^[[1m[Codegen]^[[0m ^[[33mThe "codegenConfig" field is not defined in package.json. Assuming there is nothing to generate at the app level.^[[0m
Build iOS and Submit to TestFlight	Build for iOS (Local on Runner)	2026-09-29T06:00:49.2152520Z [INSTALL_PODS] ^[[36m^[[1m[Codegen]^[[0m ^[[33mSearching for codegen-enabled libraries in react-native.config.js^[[0m
Build iOS and Submit to TestFlight	Build for iOS (Local on Runner)	2026-09-29T06:00:49.2153530Z [INSTALL_PODS] ^[[36m^[[1m[Codegen]^[[0m Found @react-native-async-storage/async-storage^[[0m
Build iOS and Submit to TestFlight	Build for iOS (Local on Runner)	2026-09-29T06:00:49.2154260Z [INSTALL_PODS] ^[[36m^[[1m[Codegen]^[[0m Found react-native-reanimated^[[0m
Build iOS and Submit to TestFlight	Build for iOS (Local on Runner)	2026-09-29T06:00:49.2154980Z [INSTALL_PODS] ^[[36m^[[1m[Codegen]^[[0m Found react-native-safe-area-context^[[0m
Build iOS and Submit to TestFlight	Build for iOS (Local on Runner)	2026-09-29T06:00:49.2155870Z [INSTALL_PODS] ^[[36m^[[1m[Codegen]^[[0m Found react-native-screens^[[0m
Build iOS and Submit to TestFlight	Build for iOS (Local on Runner)	2026-09-29T06:00:49.2162890Z [INSTALL_PODS] ^[[36m^[[1m[Codegen]^[[0m Found react-native-svg^[[0m
Build iOS and Submit to TestFlight	Build for iOS (Local on Runner)	2026-09-29T06:00:49.2163870Z [INSTALL_PODS] ^[[36m^[[1m[Codegen]^[[0m Found react-native-worklets^[[0m
Build iOS and Submit to TestFlight	Build for iOS (Local on Runner)	2026-09-29T06:00:49.2167070Z [INSTALL_PODS] ^[[36m^[[1m[Codegen]^[[0m Processing rnasyncstorage^[[0m
Build iOS and Submit to TestFlight	Build for iOS (Local on Runner)	2026-09-29T06:00:49.2169270Z [INSTALL_PODS] ^[[36m^[[1m[Codegen]^[[0m ^[[33mSearching for podspec in the project dependencies.^[[0m
Build iOS and Submit to TestFlight	Build for iOS (Local on Runner)	2026-09-29T06:00:49.2171890Z [INSTALL_PODS] ^[[36m^[[1m[Codegen]^[[0m Supported Apple platforms: ios, macos, tvos, visionos for rnasyncstorage^[[0m
Build iOS and Submit to TestFlight	Build for iOS (Local on Runner)	2026-09-29T06:00:49.2173650Z [INSTALL_PODS] ^[[36m^[[1m[Codegen]^[[0m Processing rnreanimated^[[0m
Build iOS and Submit to TestFlight	Build for iOS (Local on Runner)	2026-09-29T06:00:49.2175410Z [INSTALL_PODS] ^[[36m^[[1m[Codegen]^[[0m ^[[33mSearching for podspec in the project dependencies.^[[0m
Build iOS and Submit to TestFlight	Build for iOS (Local on Runner)	2026-09-29T06:00:49.2177570Z [INSTALL_PODS] ^[[36m^[[1m[Codegen]^[[0m Supported Apple platforms: ios, macos, tvos, visionos for rnreanimated^[[0m
Build iOS and Submit to TestFlight	Build for iOS (Local on Runner)	2026-09-29T06:00:49.2179300Z [INSTALL_PODS] ^[[36m^[[1m[Codegen]^[[0m Processing safeareacontext^[[0m
Build iOS and Submit to TestFlight	Build for iOS (Local on Runner)	2026-09-29T06:00:49.2181060Z [INSTALL_PODS] ^[[36m^[[1m[Codegen]^[[0m ^[[33mSearching for podspec in the project dependencies.^[[0m
Build iOS and Submit to TestFlight	Build for iOS (Local on Runner)	2026-09-29T06:00:49.2183250Z [INSTALL_PODS] ^[[36m^[[1m[Codegen]^[[0m Supported Apple platforms: ios, macos, tvos, visionos for safeareacontext^[[0m
Build iOS and Submit to TestFlight	Build for iOS (Local on Runner)	2026-09-29T06:00:49.2184970Z [INSTALL_PODS] ^[[36m^[[1m[Codegen]^[[0m Processing rnscreens^[[0m
Build iOS and Submit to TestFlight	Build for iOS (Local on Runner)	2026-09-29T06:00:49.2187160Z [INSTALL_PODS] ^[[36m^[[1m[Codegen]^[[0m ^[[33mSearching for podspec in the project dependencies.^[[0m
Build iOS and Submit to TestFlight	Build for iOS (Local on Runner)	2026-09-29T06:00:49.2189240Z [INSTALL_PODS] ^[[36m^[[1m[Codegen]^[[0m Supported Apple platforms: ios, tvos, visionos for rnscreens^[[0m
Build iOS and Submit to TestFlight	Build for iOS (Local on Runner)	2026-09-29T06:00:49.2191970Z [INSTALL_PODS] ^[[36m^[[1m[Codegen]^[[0m Processing rnsvg^[[0m
Build iOS and Submit to TestFlight	Build for iOS (Local on Runner)	2026-09-29T06:00:49.2194650Z [INSTALL_PODS] ^[[36m^[[1m[Codegen]^[[0m ^[[33mSearching for podspec in the project dependencies.^[[0m
Build iOS and Submit to TestFlight	Build for iOS (Local on Runner)	2026-09-29T06:00:49.2195920Z [INSTALL_PODS] ^[[36m^[[1m[Codegen]^[[0m Supported Apple platforms: ios, macos, tvos, visionos for rnsvg^[[0m
Build iOS and Submit to TestFlight	Build for iOS (Local on Runner)	2026-09-29T06:00:49.2200130Z [INSTALL_PODS] ^[[36m^[[1m[Codegen]^[[0m Processing rnworklets^[[0m
Build iOS and Submit to TestFlight	Build for iOS (Local on Runner)	2026-09-29T06:00:49.2201800Z [INSTALL_PODS] ^[[36m^[[1m[Codegen]^[[0m ^[[33mSearching for podspec in the project dependencies.^[[0m
Build iOS and Submit to TestFlight	Build for iOS (Local on Runner)	2026-09-29T06:00:49.2203350Z [INSTALL_PODS] ^[[36m^[[1m[Codegen]^[[0m Supported Apple platforms: ios, macos, tvos, visionos for rnworklets^[[0m
Build iOS and Submit to TestFlight	Build for iOS (Local on Runner)	2026-09-29T06:00:49.2229080Z [INSTALL_PODS] ^[[36m^[[1m[Codegen]^[[0m Generating Native Code for rnasyncstorage - ios^[[0m
Build iOS and Submit to TestFlight	Build for iOS (Local on Runner)	2026-09-29T06:00:49.2235360Z [INSTALL_PODS] ^[[36m^[[1m[Codegen]^[[0m Generated artifacts: /private/var/folders/36/tjdph2t965j8snz9_vkdnw0r0000gn/T/eas-build-local-nodejs/06efa554-806d-4c30-98cb-771f9bc38d9c/build/ios/build/generated/ios/ReactCodegen^[[0m
Build iOS and Submit to TestFlight	Build for iOS (Local on Runner)	2026-09-29T06:00:49.2239240Z [INSTALL_PODS] ^[[36m^[[1m[Codegen]^[[0m Generating Native Code for rnreanimated - ios^[[0m
Build iOS and Submit to TestFlight	Build for iOS (Local on Runner)	2026-09-29T06:00:49.2244300Z [INSTALL_PODS] ^[[36m^[[1m[Codegen]^[[0m Generated artifacts: /private/var/folders/36/tjdph2t965j8snz9_vkdnw0r0000gn/T/eas-build-local-nodejs/06efa554-806d-4c30-98cb-771f9bc38d9c/build/ios/build/generated/ios/ReactCodegen^[[0m
Build iOS and Submit to TestFlight	Build for iOS (Local on Runner)	2026-09-29T06:00:49.2246110Z [INSTALL_PODS] ^[[36m^[[1m[Codegen]^[[0m Generating Native Code for safeareacontext - ios^[[0m
Build iOS and Submit to TestFlight	Build for iOS (Local on Runner)	2026-09-29T06:00:49.2247510Z [INSTALL_PODS] ^[[36m^[[1m[Codegen]^[[0m Generated artifacts: /private/var/folders/36/tjdph2t965j8snz9_vkdnw0r0000gn/T/eas-build-local-nodejs/06efa554-806d-4c30-98cb-771f9bc38d9c/build/ios/build/generated/ios/ReactCodegen^[[0m
Build iOS and Submit to TestFlight	Build for iOS (Local on Runner)	2026-09-29T06:00:49.2248620Z [INSTALL_PODS] ^[[36m^[[1m[Codegen]^[[0m Generating Native Code for rnscreens - ios^[[0m
Build iOS and Submit to TestFlight	Build for iOS (Local on Runner)	2026-09-29T06:00:49.2250970Z [INSTALL_PODS] ^[[36m^[[1m[Codegen]^[[0m Generated artifacts: /private/var/folders/36/tjdph2t965j8snz9_vkdnw0r0000gn/T/eas-build-local-nodejs/06efa554-806d-4c30-98cb-771f9bc38d9c/build/ios/build/generated/ios/ReactCodegen^[[0m
Build iOS and Submit to TestFlight	Build for iOS (Local on Runner)	2026-09-29T06:00:49.2252110Z [INSTALL_PODS] ^[[36m^[[1m[Codegen]^[[0m Generating Native Code for rnsvg - ios^[[0m
Build iOS and Submit to TestFlight	Build for iOS (Local on Runner)	2026-09-29T06:00:49.2253660Z [INSTALL_PODS] ^[[36m^[[1m[Codegen]^[[0m Generated artifacts: /private/var/folders/36/tjdph2t965j8snz9_vkdnw0r0000gn/T/eas-build-local-nodejs/06efa554-806d-4c30-98cb-771f9bc38d9c/build/ios/build/generated/ios/ReactCodegen^[[0m
Build iOS and Submit to TestFlight	Build for iOS (Local on Runner)	2026-09-29T06:00:49.2254800Z [INSTALL_PODS] ^[[36m^[[1m[Codegen]^[[0m Generating Native Code for rnworklets - ios^[[0m
Build iOS and Submit to TestFlight	Build for iOS (Local on Runner)	2026-09-29T06:00:49.2256180Z [INSTALL_PODS] ^[[36m^[[1m[Codegen]^[[0m Generated artifacts: /private/var/folders/36/tjdph2t965j8snz9_vkdnw0r0000gn/T/eas-build-local-nodejs/06efa554-806d-4c30-98cb-771f9bc38d9c/build/ios/build/generated/ios/ReactCodegen^[[0m
Build iOS and Submit to TestFlight	Build for iOS (Local on Runner)	2026-09-29T06:00:49.2257290Z [INSTALL_PODS] ^[[36m^[[1m[Codegen]^[[0m Generating RCTThirdPartyComponentsProvider.h^[[0m
Build iOS and Submit to TestFlight	Build for iOS (Local on Runner)	2026-09-29T06:00:49.2259070Z [INSTALL_PODS] ^[[36m^[[1m[Codegen]^[[0m Generated artifact: /private/var/folders/36/tjdph2t965j8snz9_vkdnw0r0000gn/T/eas-build-local-nodejs/06efa554-806d-4c30-98cb-771f9bc38d9c/build/ios/build/generated/ios/ReactCodegen/RCTThirdPartyComponentsProvider.h^[[0m
Build iOS and Submit to TestFlight	Build for iOS (Local on Runner)	2026-09-29T06:00:49.2260710Z [INSTALL_PODS] ^[[36m^[[1m[Codegen]^[[0m Generating RCTThirdPartyComponentsProvider.mm^[[0m
Build iOS and Submit to TestFlight	Build for iOS (Local on Runner)	2026-09-29T06:00:49.2262670Z [INSTALL_PODS] ^[[36m^[[1m[Codegen]^[[0m Generated artifact: /private/var/folders/36/tjdph2t965j8snz9_vkdnw0r0000gn/T/eas-build-local-nodejs/06efa554-806d-4c30-98cb-771f9bc38d9c/build/ios/build/generated/ios/ReactCodegen/RCTThirdPartyComponentsProvider.mm^[[0m
Build iOS and Submit to TestFlight	Build for iOS (Local on Runner)	2026-09-29T06:00:49.2263900Z [INSTALL_PODS] ^[[36m^[[1m[Codegen]^[[0m Generating RCTModulesProvider.h^[[0m
Build iOS and Submit to TestFlight	Build for iOS (Local on Runner)	2026-09-29T06:00:49.2265640Z [INSTALL_PODS] ^[[36m^[[1m[Codegen]^[[0m Generated artifact: /private/var/folders/36/tjdph2t965j8snz9_vkdnw0r0000gn/T/eas-build-local-nodejs/06efa554-806d-4c30-98cb-771f9bc38d9c/build/ios/build/generated/ios/ReactCodegen/RCTModuleProviders.h^[[0m
Build iOS and Submit to TestFlight	Build for iOS (Local on Runner)	2026-09-29T06:00:49.2267180Z [INSTALL_PODS] ^[[36m^[[1m[Codegen]^[[0m Generating RCTModuleProviders.mm^[[0m
Build iOS and Submit to TestFlight	Build for iOS (Local on Runner)	2026-09-29T06:00:49.2268990Z [INSTALL_PODS] ^[[36m^[[1m[Codegen]^[[0m Generated artifact: /private/var/folders/36/tjdph2t965j8snz9_vkdnw0r0000gn/T/eas-build-local-nodejs/06efa554-806d-4c30-98cb-771f9bc38d9c/build/ios/build/generated/ios/ReactCodegen/RCTModuleProviders.mm^[[0m
Build iOS and Submit to TestFlight	Build for iOS (Local on Runner)	2026-09-29T06:00:49.2272190Z [INSTALL_PODS] ^[[36m^[[1m[Codegen]^[[0m Generating RCTAppDependencyProvider^[[0m
Build iOS and Submit to TestFlight	Build for iOS (Local on Runner)	2026-09-29T06:00:49.2274130Z [INSTALL_PODS] ^[[36m^[[1m[Codegen]^[[0m Generated artifact: /private/var/folders/36/tjdph2t965j8snz9_vkdnw0r0000gn/T/eas-build-local-nodejs/06efa554-806d-4c30-98cb-771f9bc38d9c/build/ios/build/generated/ios/ReactAppDependencyProvider/RCTAppDependencyProvider.h^[[0m
Build iOS and Submit to TestFlight	Build for iOS (Local on Runner)	2026-09-29T06:00:49.2276630Z [INSTALL_PODS] ^[[36m^[[1m[Codegen]^[[0m Generated artifact: /private/var/folders/36/tjdph2t965j8snz9_vkdnw0r0000gn/T/eas-build-local-nodejs/06efa554-806d-4c30-98cb-771f9bc38d9c/build/ios/build/generated/ios/ReactAppDependencyProvider/RCTAppDependencyProvider.mm^[[0m
Build iOS and Submit to TestFlight	Build for iOS (Local on Runner)	2026-09-29T06:00:49.2279790Z [INSTALL_PODS] ^[[36m^[[1m[Codegen]^[[0m Generated podspec: /private/var/folders/36/tjdph2t965j8snz9_vkdnw0r0000gn/T/eas-build-local-nodejs/06efa554-806d-4c30-98cb-771f9bc38d9c/build/ios/build/generated/ios/ReactAppDependencyProvider/ReactAppDependencyProvider.podspec^[[0m
Build iOS and Submit to TestFlight	Build for iOS (Local on Runner)	2026-09-29T06:00:49.2284540Z [INSTALL_PODS] ^[[36m^[[1m[Codegen]^[[0m Generated podspec: /private/var/folders/36/tjdph2t965j8snz9_vkdnw0r0000gn/T/eas-build-local-nodejs/06efa554-806d-4c30-98cb-771f9bc38d9c/build/ios/build/generated/ios/ReactCodegen/ReactCodegen.podspec^[[0m
Build iOS and Submit to TestFlight	Build for iOS (Local on Runner)	2026-09-29T06:00:49.2287100Z [INSTALL_PODS] ^[[36m^[[1m[Codegen]^[[0m Generating Package.swift^[[0m
Build iOS and Submit to TestFlight	Build for iOS (Local on Runner)	2026-09-29T06:00:49.2289960Z [INSTALL_PODS] ^[[36m^[[1m[Codegen]^[[0m Generated artifact: /private/var/folders/36/tjdph2t965j8snz9_vkdnw0r0000gn/T/eas-build-local-nodejs/06efa554-806d-4c30-98cb-771f9bc38d9c/build/ios/build/generated/ios/Package.swift^[[0m
Build iOS and Submit to TestFlight	Build for iOS (Local on Runner)	2026-09-29T06:00:49.2295180Z [INSTALL_PODS] ^[[36m^[[1m[Codegen]^[[0m ^[[33mDone.^[[0m
Build iOS and Submit to TestFlight	Build for iOS (Local on Runner)	2026-09-29T06:00:49.2296280Z [INSTALL_PODS] Analyzing dependencies
Build iOS and Submit to TestFlight	Build for iOS (Local on Runner)	2026-09-29T06:00:49.7790360Z [INSTALL_PODS] Fetching podspec for `React-Core-prebuilt` from `../node_modules/react-native/React-Core-prebuilt.podspec`
Build iOS and Submit to TestFlight	Build for iOS (Local on Runner)	2026-09-29T06:00:49.7894170Z [INSTALL_PODS] [ReactNativeCore] Cache miss: downloading reactnative-core-0.86.3-debug.tar.gz from https://repo1.maven.org/maven2/com/facebook/react/react-native-artifacts/0.86.3/react-native-artifacts-0.86.3-reactnative-core-debug.tar.gz
Build iOS and Submit to TestFlight	Build for iOS (Local on Runner)	2026-09-29T06:00:49.8164560Z [INSTALL_PODS] % Total    % Received % Xferd  Average Speed   Time    Time     Time  Current
Build iOS and Submit to TestFlight	Build for iOS (Local on Runner)	2026-09-29T06:00:49.8166780Z [INSTALL_PODS]                                  Dload  Upload   Total   Spent    Left  Speed
Build iOS and Submit to TestFlight	Build for iOS (Local on Runner)	2026-09-29T06:00:49.8168940Z [INSTALL_PODS] 
Build iOS and Submit to TestFlight	Build for iOS (Local on Runner)	2026-09-29T06:00:49.8169910Z   0     0    0     0    0     0      0      0 --:--:-- --:--:-- --:--:--     0
Build iOS and Submit to TestFlight	Build for iOS (Local on Runner)	2026-09-29T06:00:49.8594690Z [INSTALL_PODS] 100   167    0   167    0     0   3872      0 --:--:-- --:--:-- --:--:--  3883
Build iOS and Submit to TestFlight	Build for iOS (Local on Runner)	2026-09-29T06:00:50.4562540Z [INSTALL_PODS] 57 94.2M   57 54.6M    0     0  85.3M      0  0:00:01 --:--:-
Build iOS and Submit to TestFlight	Build for iOS (Local on Runner)	2026-09-29T06:00:50.4565390Z [INSTALL_PODS] -  0:00:01 85.3M
Build iOS and Submit to TestFlight	Build for iOS (Local on Runner)	2026-09-29T06:00:50.9023430Z [INSTALL_PODS] 100 94.2M  100 94.2M    0
Build iOS and Submit to TestFlight	Build for iOS (Local on Runner)	2026-09-29T06:00:50.9024710Z [INSTALL_PODS] 0  86.7M      0  0:00:01  0:00:01 --:--:-- 88.9M
Build iOS and Submit to TestFlight	Build for iOS (Local on Runner)	2026-09-29T06:00:50.9185290Z [INSTALL_PODS] [ReactNativeCore] Verifying checksum for downloaded reactnative-core-0.86.3-debug.tar.gz...
Build iOS and Submit to TestFlight	Build for iOS (Local on Runner)	2026-09-29T06:00:51.1051610Z [INSTALL_PODS] [Cache] SHA1 verified for reactnative-core-0.86.3-debug.tar.gz
Build iOS and Submit to TestFlight	Build for iOS (Local on Runner)	2026-09-29T06:00:51.1697310Z [INSTALL_PODS] [ReactNativeCore] Saved reactnative-core-0.86.3-debug.tar.gz to shared cache (/Users/runner/Library/Caches/ReactNative)
Build iOS and Submit to TestFlight	Build for iOS (Local on Runner)	2026-09-29T06:00:51.1882290Z [INSTALL_PODS] [ReactNativeCore] Cache miss: downloading reactnative-core-0.86.3-release.tar.gz from https://repo1.maven.org/maven2/com/facebook/react/react-native-artifacts/0.86.3/react-native-artifacts-0.86.3-reactnative-core-release.tar.gz
Build iOS and Submit to TestFlight	Build for iOS (Local on Runner)	2026-09-29T06:00:51.2131690Z [INSTALL_PODS] % Total    % Received % Xferd  Average Speed   Time    Tim
Build iOS and Submit to TestFlight	Build for iOS (Local on Runner)	2026-09-29T06:00:51.2133490Z [INSTALL_PODS] e     Time  Current
Build iOS and Submit to TestFlight	Build for iOS (Local on Runner)	2026-09-29T06:00:51.2134550Z [INSTALL_PODS]                                  Dload  Upload   Total   Spent    Left  Speed
Build iOS and Submit to TestFlight	Build for iOS (Local on Runner)	2026-09-29T06:00:51.2135250Z [INSTALL_PODS] 
Build iOS and Submit to TestFlight	Build for iOS (Local on Runner)	2026-09-29T06:00:51.2136910Z   0     0    0     0    0     0      0      0 --:--:-- --:--:-- --:--:--     0
Build iOS and Submit to TestFlight	Build for iOS (Local on Runner)	2026-09-29T06:00:51.2552610Z [INSTALL_PODS] 100   167    0   167    0     0   3985      0 --
Build iOS and Submit to TestFlight	Build for iOS (Local on Runner)	2026-09-29T06:00:51.2554750Z [INSTALL_PODS] :--:-- --:--:-- --:--:--  4073
Build iOS and Submit to TestFlight	Build for iOS (Local on Runner)	2026-09-29T06:00:51.4680490Z [INSTALL_PODS] 1 29.5M    1  559k    0     0  2195k      0  0:00:13 --:--:--  0:00:13 2195k
Build iOS and Submit to TestFlight	Build for iOS (Local on Runner)	2026-09-29T06:00:51.8656850Z [INSTALL_PODS] 100 29.5M  100 29.5M    0     0  45.3M      0 --:--:-- --:--:-- --:--:-- 73.2M
Build iOS and Submit to TestFlight	Build for iOS (Local on Runner)	2026-09-29T06:00:51.8856720Z [INSTALL_PODS] [ReactNativeCore] Verifying checksum for downloaded reactnative-core-0.86.3-release.tar.gz...
Build iOS and Submit to TestFlight	Build for iOS (Local on Runner)	2026-09-29T06:00:51.9937440Z [INSTALL_PODS] [Cache] SHA1 verified for reactnative-core-0.86.3-release.tar.gz
Build iOS and Submit to TestFlight	Build for iOS (Local on Runner)	2026-09-29T06:00:52.0345070Z [INSTALL_PODS] [ReactNativeCore] Saved reactnative-core-0.86.3-release.tar.gz to shared cache (/Users/runner/Library/Caches/ReactNative)
Build iOS and Submit to TestFlight	Build for iOS (Local on Runner)	2026-09-29T06:00:52.0449090Z [INSTALL_PODS] [ReactNativeCore] Resolved stable ReactNativeCore-prebuilt version:
Build iOS and Submit to TestFlight	Build for iOS (Local on Runner)	2026-09-29T06:00:52.0549890Z [INSTALL_PODS] [ReactNativeCore]   ../../ios/Pods/ReactNativeCore-artifacts/reactnative-core-0.86.3-debug.tar.gz
Build iOS and Submit to TestFlight	Build for iOS (Local on Runner)	2026-09-29T06:00:52.0652720Z [INSTALL_PODS] [ReactNativeCore]   ../../ios/Pods/ReactNativeCore-artifacts/reactnative-core-0.86.3-release.tar.gz
Build iOS and Submit to TestFlight	Build for iOS (Local on Runner)	2026-09-29T06:00:52.2330700Z [INSTALL_PODS] Fetching podspec for `ReactNativeDependencies` from `../node_modules/react-native/third-party-podspecs/ReactNativeDependencies.podspec`
Build iOS and Submit to TestFlight	Build for iOS (Local on Runner)	2026-09-29T06:00:52.3584920Z [INSTALL_PODS] [ReactNativeDependencies] Using tarball from URL: https://repo1.maven.org/maven2/com/facebook/react/react-native-artifacts/0.86.3/react-native-artifacts-0.86.3-reactnative-dependencies-debug.tar.gz
Build iOS and Submit to TestFlight	Build for iOS (Local on Runner)	2026-09-29T06:00:52.3690810Z [INSTALL_PODS] [ReactNativeDependencies] Tarball reactnative-dependencies-0.86.3-debug.tar.gz already exists in Pods. Skipping download.
Build iOS and Submit to TestFlight	Build for iOS (Local on Runner)	2026-09-29T06:00:52.3710810Z [INSTALL_PODS] [ReactNativeDependencies] Tarball reactnative-dependencies-0.86.3-release.tar.gz already exists in Pods. Skipping download.
Build iOS and Submit to TestFlight	Build for iOS (Local on Runner)	2026-09-29T06:00:52.3718570Z [INSTALL_PODS] Fetching podspec for `hermes-engine` from `../node_modules/react-native/sdks/hermes-engine/hermes-engine.podspec`
Build iOS and Submit to TestFlight	Build for iOS (Local on Runner)	2026-09-29T06:00:52.5717340Z [INSTALL_PODS] [Hermes] Using release tarball from URL: https://repo1.maven.org/maven2/com/facebook/hermes/hermes-ios/250829098.0.17/hermes-ios-250829098.0.17-hermes-ios-debug.tar.gz
Build iOS and Submit to TestFlight	Build for iOS (Local on Runner)	2026-09-29T06:00:52.5821230Z [INSTALL_PODS] [Hermes] Cache miss: downloading hermes-ios-250829098.0.17-debug.tar.gz from https://repo1.maven.org/maven2/com/facebook/hermes/hermes-ios/250829098.0.17/hermes-ios-250829098.0.17-hermes-ios-debug.tar.gz
Build iOS and Submit to TestFlight	Build for iOS (Local on Runner)	2026-09-29T06:00:52.6124480Z [INSTALL_PODS] % Total    % Received % Xferd  Average Speed   Time    Time     Time  Current
Build iOS and Submit to TestFlight	Build for iOS (Local on Runner)	2026-09-29T06:00:52.6227910Z [INSTALL_PODS]                                  Dload  Upload   Total   Spent    Left  Speed
Build iOS and Submit to TestFlight	Build for iOS (Local on Runner)	2026-09-29T06:00:52.6329400Z [INSTALL_PODS] 
Build iOS and Submit to TestFlight	Build for iOS (Local on Runner)	2026-09-29T06:00:52.6433060Z   0     0    0     0    0     0      0      0 --:--:-- --:--:-- --:--:--     0
Build iOS and Submit to TestFlight	Build for iOS (Local on Runner)	2026-09-29T06:00:52.6635660Z [INSTALL_PODS] 100   167    0   167    0     0   3189      0 -
Build iOS and Submit to TestFlight	Build for iOS (Local on Runner)	2026-09-29T06:00:52.6738220Z [INSTALL_PODS] -:--:-- --:--:-- --:--:--  3211
Build iOS and Submit to TestFlight	Build for iOS (Local on Runner)	2026-09-29T06:00:53.4561900Z [INSTALL_PODS] 4 31.2M    4 1408k    0     0  1661k      0  0:00:19 --:--:--  0:00:19 16
Build iOS and Submit to TestFlight	Build for iOS (Local on Runner)	2026-09-29T06:00:53.4565550Z [INSTALL_PODS] 61k
Build iOS and Submit to TestFlight	Build for iOS (Local on Runner)	2026-09-29T06:00:54.0891020Z [INSTALL_PODS] 100 31.2M  100 31.2M    0     0  21.0M      0  0:00:01  0:00:01 --:--:-- 47.1M
Build iOS and Submit to TestFlight	Build for iOS (Local on Runner)	2026-09-29T06:00:54.1031400Z [INSTALL_PODS] [Hermes] Verifying checksum for downloaded hermes-ios-250829098.0.17-debug.tar.gz...
Build iOS and Submit to TestFlight	Build for iOS (Local on Runner)	2026-09-29T06:00:54.2159080Z [INSTALL_PODS] [Hermes] SHA1 verified for hermes-ios-250829098.0.17-debug.tar.gz
Build iOS and Submit to TestFlight	Build for iOS (Local on Runner)	2026-09-29T06:00:54.2471070Z [INSTALL_PODS] [Hermes] Saved hermes-ios-250829098.0.17-debug.tar.gz to shared cache (/Users/runner/Library/Caches/ReactNative)
Build iOS and Submit to TestFlight	Build for iOS (Local on Runner)	2026-09-29T06:00:54.2608820Z [INSTALL_PODS] [Hermes] Cache miss: downloading hermes-ios-250829098.0.17-release.tar.gz from https://repo1.maven.org/maven2/com/facebook/hermes/hermes-ios/250829098.0.17/hermes-ios-250829098.0.17-hermes-ios-release.tar.gz
Build iOS and Submit to TestFlight	Build for iOS (Local on Runner)	2026-09-29T06:00:54.2850000Z [INSTALL_PODS] % Total    % Received % Xferd  Average Speed   Time    Time
Build iOS and Submit to TestFlight	Build for iOS (Local on Runner)	2026-09-29T06:00:54.2851390Z [INSTALL_PODS] Time  Current
Build iOS and Submit to TestFlight	Build for iOS (Local on Runner)	2026-09-29T06:00:54.2852050Z [INSTALL_PODS]                                  Dload  Upload   Total   Spent    Left  Speed
Build iOS and Submit to TestFlight	Build for iOS (Local on Runner)	2026-09-29T06:00:54.2852370Z [INSTALL_PODS] 
Build iOS and Submit to TestFlight	Build for iOS (Local on Runner)	2026-09-29T06:00:54.2853500Z   0     0    0     0    0     0      0      0 --:--:-- --:--:-- --:--:--     0
Build iOS and Submit to TestFlight	Build for iOS (Local on Runner)	2026-09-29T06:00:54.3289750Z [INSTALL_PODS] 100   167    0   167    0     0   3832      0 --:--:-- --:--:-- --:--:--  3883
Build iOS and Submit to TestFlight	Build for iOS (Local on Runner)	2026-09-29T06:00:54.4562970Z [INSTALL_PODS] 9 24.3M    9 2388k    0     0  13.6M      0  0:00:01 --:--:--  0:00:01 13.6M
Build iOS and Submit to TestFlight	Build for iOS (Local on Runner)	2026-09-29T06:00:54.6649680Z [INSTALL_PODS] 100 24.3M  100 24.3M    0
Build iOS and Submit to TestFlight	Build for iOS (Local on Runner)	2026-09-29T06:00:54.6651760Z [INSTALL_PODS] 0  64.1M      0 --:--:-- --:--:-- --:--:--  105M
Build iOS and Submit to TestFlight	Build for iOS (Local on Runner)	2026-09-29T06:00:54.6741020Z [INSTALL_PODS] [Hermes] Verifying checksum for downloaded hermes-ios-250829098.0.17-release.tar.gz...
Build iOS and Submit to TestFlight	Build for iOS (Local on Runner)	2026-09-29T06:00:54.7941590Z [INSTALL_PODS] [Hermes] SHA1 verified for hermes-ios-250829098.0.17-release.tar.gz
Build iOS and Submit to TestFlight	Build for iOS (Local on Runner)	2026-09-29T06:00:54.8243240Z [INSTALL_PODS] [Hermes] Saved hermes-ios-250829098.0.17-release.tar.gz to shared cache (/Users/runner/Library/Caches/ReactNative)
Build iOS and Submit to TestFlight	Build for iOS (Local on Runner)	2026-09-29T06:00:55.8684710Z [INSTALL_PODS] Adding spec repo `trunk` with CDN `https://cdn.cocoapods.org/`
Build iOS and Submit to TestFlight	Build for iOS (Local on Runner)	2026-09-29T06:00:55.8685540Z [INSTALL_PODS] Downloading dependencies
Build iOS and Submit to TestFlight	Build for iOS (Local on Runner)	2026-09-29T06:00:55.8686140Z [INSTALL_PODS] Installing EXApplication (57.0.3)
Build iOS and Submit to TestFlight	Build for iOS (Local on Runner)	2026-09-29T06:00:55.8686730Z [INSTALL_PODS] Installing EXConstants (57.0.19)
Build iOS and Submit to TestFlight	Build for iOS (Local on Runner)	2026-09-29T06:00:55.8687280Z [INSTALL_PODS] Installing Expo (57.0.25)
Build iOS and Submit to TestFlight	Build for iOS (Local on Runner)	2026-09-29T06:00:55.8687730Z [INSTALL_PODS] Installing ExpoAsset (57.0.18)
Build iOS and Submit to TestFlight	Build for iOS (Local on Runner)	2026-09-29T06:00:55.8688210Z [INSTALL_PODS] Installing ExpoClipboard (57.0.2)
Build iOS and Submit to TestFlight	Build for iOS (Local on Runner)	2026-09-29T06:00:55.8688720Z [INSTALL_PODS] Installing ExpoDevice (57.0.2)
Build iOS and Submit to TestFlight	Build for iOS (Local on Runner)	2026-09-29T06:00:55.8689190Z [INSTALL_PODS] Installing ExpoDomWebView (57.0.1)
Build iOS and Submit to TestFlight	Build for iOS (Local on Runner)	2026-09-29T06:00:55.8689670Z [INSTALL_PODS] Installing ExpoFileSystem (57.0.7)
Build iOS and Submit to TestFlight	Build for iOS (Local on Runner)	2026-09-29T06:00:55.8690170Z [INSTALL_PODS] Installing ExpoFont (57.0.4)
Build iOS and Submit to TestFlight	Build for iOS (Local on Runner)	2026-09-29T06:00:55.8691060Z [INSTALL_PODS] Installing ExpoKeepAwake (57.0.2)
Build iOS and Submit to TestFlight	Build for iOS (Local on Runner)	2026-09-29T06:00:55.8691650Z [INSTALL_PODS] Installing ExpoLogBox (57.0.4)
Build iOS and Submit to TestFlight	Build for iOS (Local on Runner)	2026-09-29T06:00:55.8692180Z [INSTALL_PODS] Installing ExpoModulesCore (57.0.19)
Build iOS and Submit to TestFlight	Build for iOS (Local on Runner)	2026-09-29T06:00:55.8692690Z [INSTALL_PODS] Installing ExpoModulesJSI (57.1.1)
Build iOS and Submit to TestFlight	Build for iOS (Local on Runner)	2026-09-29T06:01:00.2917890Z [INSTALL_PODS] Installing ExpoModulesWorklets (57.0.19)
Build iOS and Submit to TestFlight	Build for iOS (Local on Runner)	2026-09-29T06:01:00.2920060Z [INSTALL_PODS] Installing ExpoModulesWorkletsAdapter (57.0.19)
Build iOS and Submit to TestFlight	Build for iOS (Local on Runner)	2026-09-29T06:01:00.2921470Z [INSTALL_PODS] Installing ExpoNotifications (57.0.21)
Build iOS and Submit to TestFlight	Build for iOS (Local on Runner)	2026-09-29T06:01:00.2922740Z [INSTALL_PODS] Installing ExpoSecureStore (57.0.4)
Build iOS and Submit to TestFlight	Build for iOS (Local on Runner)	2026-09-29T06:01:00.2923340Z [INSTALL_PODS] Installing FBLazyVector (0.86.3)
Build iOS and Submit to TestFlight	Build for iOS (Local on Runner)	2026-09-29T06:01:00.2923920Z [INSTALL_PODS] Installing RCTDeprecation (0.86.3)
Build iOS and Submit to TestFlight	Build for iOS (Local on Runner)	2026-09-29T06:01:00.2924380Z [INSTALL_PODS] Installing RCTRequired (0.86.3)
Build iOS and Submit to TestFlight	Build for iOS (Local on Runner)	2026-09-29T06:01:00.2924810Z [INSTALL_PODS] Installing RCTSwiftUI (0.86.3)
Build iOS and Submit to TestFlight	Build for iOS (Local on Runner)	2026-09-29T06:01:00.2925280Z [INSTALL_PODS] Installing RCTSwiftUIWrapper (0.86.3)
Build iOS and Submit to TestFlight	Build for iOS (Local on Runner)	2026-09-29T06:01:00.2925720Z [INSTALL_PODS] Installing RCTTypeSafety (0.86.3)
Build iOS and Submit to TestFlight	Build for iOS (Local on Runner)	2026-09-29T06:01:00.2926150Z [INSTALL_PODS] Installing RNCAsyncStorage (2.2.0)
Build iOS and Submit to TestFlight	Build for iOS (Local on Runner)	2026-09-29T06:01:00.2926930Z [INSTALL_PODS] Installing RNReanimated (4.5.1)
Build iOS and Submit to TestFlight	Build for iOS (Local on Runner)	2026-09-29T06:01:00.2927400Z [INSTALL_PODS] Installing RNSVG (15.15.4)
Build iOS and Submit to TestFlight	Build for iOS (Local on Runner)	2026-09-29T06:01:00.2927990Z [INSTALL_PODS] Installing RNScreens (4.26.2)
Build iOS and Submit to TestFlight	Build for iOS (Local on Runner)	2026-09-29T06:01:00.2935700Z [INSTALL_PODS] Installing RNWorklets (0.10.1)
Build iOS and Submit to TestFlight	Build for iOS (Local on Runner)	2026-09-29T06:01:00.2937610Z [INSTALL_PODS] Installing React (0.86.3)
Build iOS and Submit to TestFlight	Build for iOS (Local on Runner)	2026-09-29T06:01:00.2938020Z [INSTALL_PODS] Installing React-Core (0.86.3)
Build iOS and Submit to TestFlight	Build for iOS (Local on Runner)	2026-09-29T06:01:00.2938700Z [INSTALL_PODS] Installing React-Core-prebuilt (0.86.3)
Build iOS and Submit to TestFlight	Build for iOS (Local on Runner)	2026-09-29T06:01:18.8700430Z [INSTALL_PODS] Installing React-CoreModules (0.86.3)
Build iOS and Submit to TestFlight	Build for iOS (Local on Runner)	2026-09-29T06:01:18.8707010Z [INSTALL_PODS] Installing React-Fabric (0.86.3)
Build iOS and Submit to TestFlight	Build for iOS (Local on Runner)	2026-09-29T06:01:18.8723820Z [INSTALL_PODS] Installing React-FabricComponents (0.86.3)
Build iOS and Submit to TestFlight	Build for iOS (Local on Runner)	2026-09-29T06:01:18.8724390Z [INSTALL_PODS] Installing React-FabricImage (0.86.3)
Build iOS and Submit to TestFlight	Build for iOS (Local on Runner)	2026-09-29T06:01:18.8724940Z [INSTALL_PODS] Installing React-ImageManager (0.86.3)
Build iOS and Submit to TestFlight	Build for iOS (Local on Runner)	2026-09-29T06:01:18.8725600Z [INSTALL_PODS] Installing React-Mapbuffer (0.86.3)
Build iOS and Submit to TestFlight	Build for iOS (Local on Runner)	2026-09-29T06:01:18.8726170Z [INSTALL_PODS] Installing React-NativeModulesApple (0.86.3)
Build iOS and Submit to TestFlight	Build for iOS (Local on Runner)	2026-09-29T06:01:18.8726710Z [INSTALL_PODS] Installing React-RCTActionSheet (0.86.3)
Build iOS and Submit to TestFlight	Build for iOS (Local on Runner)	2026-09-29T06:01:18.8727160Z [INSTALL_PODS] Installing React-RCTAnimation (0.86.3)
Build iOS and Submit to TestFlight	Build for iOS (Local on Runner)	2026-09-29T06:01:18.8727680Z [INSTALL_PODS] Installing React-RCTAppDelegate (0.86.3)
Build iOS and Submit to TestFlight	Build for iOS (Local on Runner)	2026-09-29T06:01:18.8728160Z [INSTALL_PODS] Installing React-RCTBlob (0.86.3)
Build iOS and Submit to TestFlight	Build for iOS (Local on Runner)	2026-09-29T06:01:18.8728610Z [INSTALL_PODS] Installing React-RCTFBReactNativeSpec (0.86.3)
Build iOS and Submit to TestFlight	Build for iOS (Local on Runner)	2026-09-29T06:01:18.8732220Z [INSTALL_PODS] Installing React-RCTFabric (0.86.3)
Build iOS and Submit to TestFlight	Build for iOS (Local on Runner)	2026-09-29T06:01:18.8733430Z [INSTALL_PODS] Installing React-RCTImage (0.86.3)
Build iOS and Submit to TestFlight	Build for iOS (Local on Runner)	2026-09-29T06:01:18.8733940Z [INSTALL_PODS] Installing React-RCTLinking (0.86.3)
Build iOS and Submit to TestFlight	Build for iOS (Local on Runner)	2026-09-29T06:01:18.8734410Z [INSTALL_PODS] Installing React-RCTNetwork (0.86.3)
Build iOS and Submit to TestFlight	Build for iOS (Local on Runner)	2026-09-29T06:01:18.8734920Z [INSTALL_PODS] Installing React-RCTRuntime (0.86.3)
Build iOS and Submit to TestFlight	Build for iOS (Local on Runner)	2026-09-29T06:01:18.8735460Z [INSTALL_PODS] Installing React-RCTSettings (0.86.3)
Build iOS and Submit to TestFlight	Build for iOS (Local on Runner)	2026-09-29T06:01:18.8735920Z [INSTALL_PODS] Installing React-RCTText (0.86.3)
Build iOS and Submit to TestFlight	Build for iOS (Local on Runner)	2026-09-29T06:01:18.8736420Z [INSTALL_PODS] Installing React-RCTVibration (0.86.3)
Build iOS and Submit to TestFlight	Build for iOS (Local on Runner)	2026-09-29T06:01:18.8737070Z [INSTALL_PODS] Installing React-RuntimeApple (0.86.3)
Build iOS and Submit to TestFlight	Build for iOS (Local on Runner)	2026-09-29T06:01:18.8737860Z [INSTALL_PODS] Installing React-RuntimeCore (0.86.3)
Build iOS and Submit to TestFlight	Build for iOS (Local on Runner)	2026-09-29T06:01:18.8738710Z [INSTALL_PODS] Installing React-RuntimeHermes (0.86.3)
Build iOS and Submit to TestFlight	Build for iOS (Local on Runner)	2026-09-29T06:01:18.8739560Z [INSTALL_PODS] Installing React-callinvoker (0.86.3)
Build iOS and Submit to TestFlight	Build for iOS (Local on Runner)	2026-09-29T06:01:18.8740320Z [INSTALL_PODS] Installing React-cxxreact (0.86.3)
Build iOS and Submit to TestFlight	Build for iOS (Local on Runner)	2026-09-29T06:01:18.8740950Z [INSTALL_PODS] Installing React-debug (0.86.3)
Build iOS and Submit to TestFlight	Build for iOS (Local on Runner)	2026-09-29T06:01:18.8741670Z [INSTALL_PODS] Installing React-defaultsnativemodule (0.86.3)
Build iOS and Submit to TestFlight	Build for iOS (Local on Runner)	2026-09-29T06:01:18.8742410Z [INSTALL_PODS] Installing React-domnativemodule (0.86.3)
Build iOS and Submit to TestFlight	Build for iOS (Local on Runner)	2026-09-29T06:01:18.8743130Z [INSTALL_PODS] Installing React-featureflags (0.86.3)
Build iOS and Submit to TestFlight	Build for iOS (Local on Runner)	2026-09-29T06:01:18.8744490Z [INSTALL_PODS] Installing React-featureflagsnativemodule (0.86.3)
Build iOS and Submit to TestFlight	Build for iOS (Local on Runner)	2026-09-29T06:01:18.8745410Z [INSTALL_PODS] Installing React-graphics (0.86.3)
Build iOS and Submit to TestFlight	Build for iOS (Local on Runner)	2026-09-29T06:01:18.8746110Z [INSTALL_PODS] Installing React-hermes (0.86.3)
Build iOS and Submit to TestFlight	Build for iOS (Local on Runner)	2026-09-29T06:01:18.8746960Z [INSTALL_PODS] Installing React-idlecallbacksnativemodule (0.86.3)
Build iOS and Submit to TestFlight	Build for iOS (Local on Runner)	2026-09-29T06:01:18.8747820Z [INSTALL_PODS] Installing React-intersectionobservernativemodule (0.86.3)
Build iOS and Submit to TestFlight	Build for iOS (Local on Runner)	2026-09-29T06:01:18.8748780Z [INSTALL_PODS] Installing React-jserrorhandler (0.86.3)
Build iOS and Submit to TestFlight	Build for iOS (Local on Runner)	2026-09-29T06:01:18.8770270Z [INSTALL_PODS] Installing React-jsi (0.86.3)
Build iOS and Submit to TestFlight	Build for iOS (Local on Runner)	2026-09-29T06:01:18.8803300Z [INSTALL_PODS] Installing React-jsiexecutor (0.86.3)
Build iOS and Submit to TestFlight	Build for iOS (Local on Runner)	2026-09-29T06:01:18.8804220Z [INSTALL_PODS] Installing React-jsinspector (0.86.3)
Build iOS and Submit to TestFlight	Build for iOS (Local on Runner)	2026-09-29T06:01:18.8804720Z [INSTALL_PODS] Installing React-jsinspectorcdp (0.86.3)
Build iOS and Submit to TestFlight	Build for iOS (Local on Runner)	2026-09-29T06:01:18.8805270Z [INSTALL_PODS] Installing React-jsinspectornetwork (0.86.3)
Build iOS and Submit to TestFlight	Build for iOS (Local on Runner)	2026-09-29T06:01:18.8805990Z [INSTALL_PODS] Installing React-jsinspectortracing (0.86.3)
Build iOS and Submit to TestFlight	Build for iOS (Local on Runner)	2026-09-29T06:01:18.8806610Z [INSTALL_PODS] Installing React-jsitooling (0.86.3)
Build iOS and Submit to TestFlight	Build for iOS (Local on Runner)	2026-09-29T06:01:18.8807070Z [INSTALL_PODS] Installing React-jsitracing (0.86.3)
Build iOS and Submit to TestFlight	Build for iOS (Local on Runner)	2026-09-29T06:01:18.8807470Z [INSTALL_PODS] Installing React-logger (0.86.3)
Build iOS and Submit to TestFlight	Build for iOS (Local on Runner)	2026-09-29T06:01:18.8809000Z [INSTALL_PODS] Installing React-microtasksnativemodule (0.86.3)
Build iOS and Submit to TestFlight	Build for iOS (Local on Runner)	2026-09-29T06:01:18.8809650Z [INSTALL_PODS] Installing React-mutationobservernativemodule (0.86.3)
Build iOS and Submit to TestFlight	Build for iOS (Local on Runner)	2026-09-29T06:01:18.8810340Z [INSTALL_PODS] Installing React-networking (0.86.3)
Build iOS and Submit to TestFlight	Build for iOS (Local on Runner)	2026-09-29T06:01:18.8810780Z [INSTALL_PODS] Installing React-oscompat (0.86.3)
Build iOS and Submit to TestFlight	Build for iOS (Local on Runner)	2026-09-29T06:01:18.8812450Z [INSTALL_PODS] Installing React-perflogger (0.86.3)
Build iOS and Submit to TestFlight	Build for iOS (Local on Runner)	2026-09-29T06:01:18.8813170Z [INSTALL_PODS] Installing React-performancecdpmetrics (0.86.3)
Build iOS and Submit to TestFlight	Build for iOS (Local on Runner)	2026-09-29T06:01:18.8813730Z [INSTALL_PODS] Installing React-performancetimeline (0.86.3)
Build iOS and Submit to TestFlight	Build for iOS (Local on Runner)	2026-09-29T06:01:18.8814940Z [INSTALL_PODS] Installing React-rendererconsistency (0.86.3)
Build iOS and Submit to TestFlight	Build for iOS (Local on Runner)	2026-09-29T06:01:18.8815940Z [INSTALL_PODS] Installing React-renderercss (0.86.3)
Build iOS and Submit to TestFlight	Build for iOS (Local on Runner)	2026-09-29T06:01:18.8816500Z [INSTALL_PODS] Installing React-rendererdebug (0.86.3)
Build iOS and Submit to TestFlight	Build for iOS (Local on Runner)	2026-09-29T06:01:18.8817060Z [INSTALL_PODS] Installing React-runtimeexecutor (0.86.3)
Build iOS and Submit to TestFlight	Build for iOS (Local on Runner)	2026-09-29T06:01:18.8817530Z [INSTALL_PODS] Installing React-runtimescheduler (0.86.3)
Build iOS and Submit to TestFlight	Build for iOS (Local on Runner)	2026-09-29T06:01:18.8818030Z [INSTALL_PODS] Installing React-timing (0.86.3)
Build iOS and Submit to TestFlight	Build for iOS (Local on Runner)	2026-09-29T06:01:18.8818470Z [INSTALL_PODS] Installing React-utils (0.86.3)
Build iOS and Submit to TestFlight	Build for iOS (Local on Runner)	2026-09-29T06:01:18.8818960Z [INSTALL_PODS] Installing React-viewtransitionnativemodule (0.86.3)
Build iOS and Submit to TestFlight	Build for iOS (Local on Runner)	2026-09-29T06:01:18.8819590Z [INSTALL_PODS] Installing React-webperformancenativemodule (0.86.3)
Build iOS and Submit to TestFlight	Build for iOS (Local on Runner)	2026-09-29T06:01:18.8820580Z [INSTALL_PODS] Installing ReactAppDependencyProvider (0.86.3)
Build iOS and Submit to TestFlight	Build for iOS (Local on Runner)	2026-09-29T06:01:18.8821160Z [INSTALL_PODS] Installing ReactCodegen (0.86.3)
Build iOS and Submit to TestFlight	Build for iOS (Local on Runner)	2026-09-29T06:01:18.8821720Z [INSTALL_PODS] Installing ReactCommon (0.86.3)
Build iOS and Submit to TestFlight	Build for iOS (Local on Runner)	2026-09-29T06:01:18.8822420Z [INSTALL_PODS] Installing ReactNativeDependencies (0.86.3)
Build iOS and Submit to TestFlight	Build for iOS (Local on Runner)	2026-09-29T06:01:28.3779900Z [INSTALL_PODS] Installing Yoga (0.0.0)
Build iOS and Submit to TestFlight	Build for iOS (Local on Runner)	2026-09-29T06:01:28.3781030Z [INSTALL_PODS] Installing hermes-engine (250829098.0.17)
Build iOS and Submit to TestFlight	Build for iOS (Local on Runner)	2026-09-29T06:01:30.1878000Z [INSTALL_PODS] Installing react-native-safe-area-context (5.7.0)
Build iOS and Submit to TestFlight	Build for iOS (Local on Runner)	2026-09-29T06:01:30.2044320Z [INSTALL_PODS] [Expo] Ensuring required slices in ExpoModulesJSI.xcframework
Build iOS and Submit to TestFlight	Build for iOS (Local on Runner)	2026-09-29T06:01:45.8768620Z [INSTALL_PODS] Generating Pods project
Build iOS and Submit to TestFlight	Build for iOS (Local on Runner)	2026-09-29T06:01:45.8792030Z [INSTALL_PODS] Setting USE_HERMES build settings
Build iOS and Submit to TestFlight	Build for iOS (Local on Runner)	2026-09-29T06:01:45.8792800Z [INSTALL_PODS] Setting REACT_NATIVE_PATH build settings
Build iOS and Submit to TestFlight	Build for iOS (Local on Runner)	2026-09-29T06:01:45.8793480Z [INSTALL_PODS] Setting SWIFT_ACTIVE_COMPILATION_CONDITIONS build settings
Build iOS and Submit to TestFlight	Build for iOS (Local on Runner)	2026-09-29T06:01:47.3497620Z [INSTALL_PODS] [Ccache]: Removing Ccache from CC, LD, CXX & LDPLUSPLUS build settings
Build iOS and Submit to TestFlight	Build for iOS (Local on Runner)	2026-09-29T06:01:47.3500140Z [INSTALL_PODS] Setting SWIFT_ENABLE_EXPLICIT_MODULES build settings
Build iOS and Submit to TestFlight	Build for iOS (Local on Runner)	2026-09-29T06:01:47.3500910Z [INSTALL_PODS] [ReactNativeCore] Processing VFS overlay file...
Build iOS and Submit to TestFlight	Build for iOS (Local on Runner)	2026-09-29T06:01:47.3502330Z [INSTALL_PODS] [ReactNativeCore]   Created VFS overlay at /private/var/folders/36/tjdph2t965j8snz9_vkdnw0r0000gn/T/eas-build-local-nodejs/06efa554-806d-4c30-98cb-771f9bc38d9c/build/ios/Pods/React-Core-prebuilt/React-VFS.yaml
Build iOS and Submit to TestFlight	Build for iOS (Local on Runner)	2026-09-29T06:01:47.3503950Z [INSTALL_PODS] [ReactNativeCore] VFS overlay setup complete
Build iOS and Submit to TestFlight	Build for iOS (Local on Runner)	2026-09-29T06:01:47.3507070Z [INSTALL_PODS] [ReactNativeCore] Configuring xcconfig for prebuilt React Native Core...
Build iOS and Submit to TestFlight	Build for iOS (Local on Runner)	2026-09-29T06:01:47.3509000Z [INSTALL_PODS] [ReactNativeCore] Prebuilt xcconfig configuration complete
Build iOS and Submit to TestFlight	Build for iOS (Local on Runner)	2026-09-29T06:01:47.3510800Z [INSTALL_PODS] [SPM] Cleaning old SPM dependencies from Pods project
Build iOS and Submit to TestFlight	Build for iOS (Local on Runner)	2026-09-29T06:01:47.3511610Z [INSTALL_PODS] [SPM] Adding SPM dependencies to Pods project
Build iOS and Submit to TestFlight	Build for iOS (Local on Runner)	2026-09-29T06:01:47.3512580Z [INSTALL_PODS] [Privacy Manifest Aggregation] No existing PrivacyInfo.xcprivacy file found, creating a new one.
Build iOS and Submit to TestFlight	Build for iOS (Local on Runner)	2026-09-29T06:01:47.3513640Z [INSTALL_PODS] [Privacy Manifest Aggregation] Reading .xcprivacy files to aggregate all used Required Reason APIs.
Build iOS and Submit to TestFlight	Build for iOS (Local on Runner)	2026-09-29T06:01:47.3514530Z [INSTALL_PODS] file_root: NGNflow
Build iOS and Submit to TestFlight	Build for iOS (Local on Runner)	2026-09-29T06:01:47.3515880Z [INSTALL_PODS] Setting CLANG_CXX_LANGUAGE_STANDARD to c++20 on /private/var/folders/36/tjdph2t965j8snz9_vkdnw0r0000gn/T/eas-build-local-nodejs/06efa554-806d-4c30-98cb-771f9bc38d9c/build/ios/NGNflow.xcodeproj
Build iOS and Submit to TestFlight	Build for iOS (Local on Runner)	2026-09-29T06:01:49.4964780Z [INSTALL_PODS] ==================== DEPRECATION NOTICE =====================
Build iOS and Submit to TestFlight	Build for iOS (Local on Runner)	2026-09-29T06:01:49.4966370Z [INSTALL_PODS] Calling `pod install` directly is deprecated in React Native
Build iOS and Submit to TestFlight	Build for iOS (Local on Runner)	2026-09-29T06:01:49.4967200Z [INSTALL_PODS] because we are moving away from Cocoapods toward alternative
Build iOS and Submit to TestFlight	Build for iOS (Local on Runner)	2026-09-29T06:01:49.4967740Z [INSTALL_PODS] solutions to build the project.
Build iOS and Submit to TestFlight	Build for iOS (Local on Runner)	2026-09-29T06:01:49.4968160Z [INSTALL_PODS] * If you are using Expo, please run:
Build iOS and Submit to TestFlight	Build for iOS (Local on Runner)	2026-09-29T06:01:49.4970060Z [INSTALL_PODS] `npx expo run:ios`
Build iOS and Submit to TestFlight	Build for iOS (Local on Runner)	2026-09-29T06:01:49.4970690Z [INSTALL_PODS] * If you are using the Community CLI, please run:
Build iOS and Submit to TestFlight	Build for iOS (Local on Runner)	2026-09-29T06:01:49.4981040Z [INSTALL_PODS] `yarn ios`
Build iOS and Submit to TestFlight	Build for iOS (Local on Runner)	2026-09-29T06:01:49.4981640Z [INSTALL_PODS] =============================================================
Build iOS and Submit to TestFlight	Build for iOS (Local on Runner)	2026-09-29T06:01:49.4982270Z [INSTALL_PODS] Pod install took 63 [s] to run
Build iOS and Submit to TestFlight	Build for iOS (Local on Runner)	2026-09-29T06:01:49.4986010Z [INSTALL_PODS] ✅ Fixed React-GeneratedCode path to absolute: /private/var/folders/36/tjdph2t965j8snz9_vkdnw0r0000gn/T/eas-build-local-nodejs/06efa554-806d-4c30-98cb-771f9bc38d9c/build/node_modules/react-native
Build iOS and Submit to TestFlight	Build for iOS (Local on Runner)	2026-09-29T06:01:49.4987100Z [INSTALL_PODS] Integrating client project
Build iOS and Submit to TestFlight	Build for iOS (Local on Runner)	2026-09-29T06:01:49.4987790Z [INSTALL_PODS] [!] Please close any current Xcode sessions and use `NGNflow.xcworkspace` for this project from now on.
Build iOS and Submit to TestFlight	Build for iOS (Local on Runner)	2026-09-29T06:01:49.9110790Z [INSTALL_PODS] [Expo] Installing the build script for target NGNflow
Build iOS and Submit to TestFlight	Build for iOS (Local on Runner)	2026-09-29T06:01:51.2052290Z [INSTALL_PODS] [!] React-Core-prebuilt has added 1 script phase. Please inspect before executing a build. See `https://guides.cocoapods.org/syntax/podspec.html#script_phases` for more information.
Build iOS and Submit to TestFlight	Build for iOS (Local on Runner)	2026-09-29T06:01:51.2069550Z [INSTALL_PODS] Pod installation complete! There are 99 dependencies from the Podfile and 98 total pods installed.
Build iOS and Submit to TestFlight	Build for iOS (Local on Runner)	2026-09-29T06:01:51.2156400Z [INSTALL_PODS] [!] ReactNativeDependencies has added 1 script phase. Please inspect before executing a build. See `https://guides.cocoapods.org/syntax/podspec.html#script_phases` for more information.
Build iOS and Submit to TestFlight	Build for iOS (Local on Runner)	2026-09-29T06:01:51.2158290Z [INSTALL_PODS] [Expo] Disabling SWIFT_EMIT_MODULE_INTERFACE for pod targets (prebuilt React compatibility)
Build iOS and Submit to TestFlight	Build for iOS (Local on Runner)	2026-09-29T06:01:51.2256460Z [INSTALL_PODS] [!] hermes-engine has added 1 script phase. Please inspect before executing a build. See `https://guides.cocoapods.org/syntax/podspec.html#script_phases` for more information.
Build iOS and Submit to TestFlight	Build for iOS (Local on Runner)	2026-09-29T06:01:51.2258100Z [INSTALL_PODS] [Expo] Raised resource bundle deployment targets to match their pods: RNCAsyncStorage-RNCAsyncStorage_resources, RNSVG-RNSVGFilters
Build iOS and Submit to TestFlight	Build for iOS (Local on Runner)	2026-09-29T06:01:51.2357870Z [CONFIGURE_XCODE_PROJECT] Configuring Xcode project
Build iOS and Submit to TestFlight	Build for iOS (Local on Runner)	2026-09-29T06:01:51.2460590Z [CONFIGURE_XCODE_PROJECT] Assigning provisioning profile '*[expo] com.olamicreas.ngnflow AppStore 2026-09-26T22:22:28.954Z' (Apple Team ID: 2R4679C9P5) to target 'NGNflow'
Build iOS and Submit to TestFlight	Build for iOS (Local on Runner)	2026-09-29T06:01:51.3362360Z [CONFIGURE_XCODE_PROJECT] Updating versions in /var/folders/36/tjdph2t965j8snz9_vkdnw0r0000gn/T/eas-build-local-nodejs/06efa554-806d-4c30-98cb-771f9bc38d9c/build/ios/NGNflow/Info.plist
Build iOS and Submit to TestFlight	Build for iOS (Local on Runner)	2026-09-29T06:01:53.3836470Z [EAGER_BUNDLE] Starting Metro Bundler
Build iOS and Submit to TestFlight	Build for iOS (Local on Runner)	2026-09-29T06:02:10.2019650Z [EAGER_BUNDLE] iOS Bundled 15852ms index.js (3080 modules)
Build iOS and Submit to TestFlight	Build for iOS (Local on Runner)	2026-09-29T06:02:10.2132330Z [EAGER_BUNDLE] Writing bundle output to: /var/folders/36/tjdph2t965j8snz9_vkdnw0r0000gn/T/u6khxpt0wyo/main.jsbundle
Build iOS and Submit to TestFlight	Build for iOS (Local on Runner)	2026-09-29T06:02:10.2279440Z [EAGER_BUNDLE] Copying 15 asset files
Build iOS and Submit to TestFlight	Build for iOS (Local on Runner)	2026-09-29T06:02:10.2481430Z [EAGER_BUNDLE] Done writing bundle output
Build iOS and Submit to TestFlight	Build for iOS (Local on Runner)	2026-09-29T06:02:10.3869120Z [RUN_FASTLANE] Creating Gymfile
Build iOS and Submit to TestFlight	Build for iOS (Local on Runner)	2026-09-29T06:02:10.3896110Z [RUN_FASTLANE] Gymfile created
Build iOS and Submit to TestFlight	Build for iOS (Local on Runner)	2026-09-29T06:02:12.1601040Z [RUN_FASTLANE] Successfully loaded '/private/var/folders/36/tjdph2t965j8snz9_vkdnw0r0000gn/T/eas-build-local-nodejs/06efa554-806d-4c30-98cb-771f9bc38d9c/build/ios/Gymfile' 📄
Build iOS and Submit to TestFlight	Build for iOS (Local on Runner)	2026-09-29T06:02:12.1602000Z [RUN_FASTLANE] 
Build iOS and Submit to TestFlight	Build for iOS (Local on Runner)	2026-09-29T06:02:12.1705620Z [RUN_FASTLANE] +---------------------------------------------------------------------------------------------------------------------------------------------------------------------+
Build iOS and Submit to TestFlight	Build for iOS (Local on Runner)	2026-09-29T06:02:12.1707020Z [RUN_FASTLANE] |                                                                  Detected Values from './Gymfile'                                                                   |
Build iOS and Submit to TestFlight	Build for iOS (Local on Runner)	2026-09-29T06:02:12.1714710Z [RUN_FASTLANE] +-----------------------+---------------------------------------------------------------------------------------------------------------------------------------------+
Build iOS and Submit to TestFlight	Build for iOS (Local on Runner)	2026-09-29T06:02:12.1715960Z [RUN_FASTLANE] | suppress_xcode_output | true                                                                                                                                        |
Build iOS and Submit to TestFlight	Build for iOS (Local on Runner)	2026-09-29T06:02:12.1716960Z [RUN_FASTLANE] | clean                 | false                                                                                                                                       |
Build iOS and Submit to TestFlight	Build for iOS (Local on Runner)	2026-09-29T06:02:12.1727900Z [RUN_FASTLANE] | scheme                | NGNflow                                                                                                                                     |
Build iOS and Submit to TestFlight	Build for iOS (Local on Runner)	2026-09-29T06:02:12.1728880Z [RUN_FASTLANE] | configuration         | Release                                                                                                                                     |
Build iOS and Submit to TestFlight	Build for iOS (Local on Runner)	2026-09-29T06:02:12.1729930Z [RUN_FASTLANE] | export_options        |                                                                                                                                             |
Build iOS and Submit to TestFlight	Build for iOS (Local on Runner)	2026-09-29T06:02:12.1743500Z [RUN_FASTLANE] | export_xcargs         | OTHER_CODE_SIGN_FLAGS="--keychain /var/folders/36/tjdph2t965j8snz9_vkdnw0r0000gn/T/eas-build-996498f4-a0b1-4cd5-ba25-270a76a64f45.keychain" |
Build iOS and Submit to TestFlight	Build for iOS (Local on Runner)	2026-09-29T06:02:12.1744750Z [RUN_FASTLANE] | disable_xcpretty      | true                                                                                                                                        |
Build iOS and Submit to TestFlight	Build for iOS (Local on Runner)	2026-09-29T06:02:12.1746000Z [RUN_FASTLANE] | buildlog_path         | /var/folders/36/tjdph2t965j8snz9_vkdnw0r0000gn/T/eas-build-local-nodejs/06efa554-806d-4c30-98cb-771f9bc38d9c/logs                           |
Build iOS and Submit to TestFlight	Build for iOS (Local on Runner)	2026-09-29T06:02:12.1748230Z [RUN_FASTLANE] | derived_data_path     | ./build                                                                                                                                     |
Build iOS and Submit to TestFlight	Build for iOS (Local on Runner)	2026-09-29T06:02:12.1751010Z [RUN_FASTLANE] | result_bundle         | true                                                                                                                                        |
Build iOS and Submit to TestFlight	Build for iOS (Local on Runner)	2026-09-29T06:02:12.1753000Z [RUN_FASTLANE] | result_bundle_path    | /var/folders/36/tjdph2t965j8snz9_vkdnw0r0000gn/T/result-bundle-1790661730386.xcresult                                                       |
Build iOS and Submit to TestFlight	Build for iOS (Local on Runner)	2026-09-29T06:02:12.1755630Z [RUN_FASTLANE] | output_directory      | ./build                                                                                                                                     |
Build iOS and Submit to TestFlight	Build for iOS (Local on Runner)	2026-09-29T06:02:12.1758050Z [RUN_FASTLANE] +-----------------------+---------------------------------------------------------------------------------------------------------------------------------------------+
Build iOS and Submit to TestFlight	Build for iOS (Local on Runner)	2026-09-29T06:02:12.2076690Z [RUN_FASTLANE] Resolving Swift Package Manager dependencies...
Build iOS and Submit to TestFlight	Build for iOS (Local on Runner)	2026-09-29T06:02:12.2077760Z [RUN_FASTLANE] $ xcodebuild -resolvePackageDependencies -workspace ./NGNflow.xcworkspace -scheme NGNflow -configuration Release -derivedDataPath ./build
Build iOS and Submit to TestFlight	Build for iOS (Local on Runner)	2026-09-29T06:02:13.5044570Z [RUN_FASTLANE] ▸ Command line invocation:
Build iOS and Submit to TestFlight	Build for iOS (Local on Runner)	2026-09-29T06:02:13.5049730Z [RUN_FASTLANE] ▸     /Applications/Xcode_26.6.app/Contents/Developer/usr/bin/xcodebuild -resolvePackageDependencies -workspace ./NGNflow.xcworkspace -scheme NGNflow -configuration Release -derivedDataPath ./build
Build iOS and Submit to TestFlight	Build for iOS (Local on Runner)	2026-09-29T06:02:17.4668230Z [RUN_FASTLANE] ▸ resolved source packages:
Build iOS and Submit to TestFlight	Build for iOS (Local on Runner)	2026-09-29T06:02:17.4707090Z [RUN_FASTLANE] $ xcodebuild -showBuildSettings -workspace ./NGNflow.xcworkspace -scheme NGNflow -configuration Release -derivedDataPath ./build 2>&1
Build iOS and Submit to TestFlight	Build for iOS (Local on Runner)	2026-09-29T06:02:20.4744700Z [RUN_FASTLANE] Command timed out after 3 seconds on try 1 of 4, trying again with a 6 second timeout...
Build iOS and Submit to TestFlight	Build for iOS (Local on Runner)	2026-09-29T06:02:23.1234640Z [RUN_FASTLANE] Detected provisioning profile mapping: {"com.olamicreas.ngnflow": "58d9281e-4bc0-4d8c-b03a-424f1e87b755"}
Build iOS and Submit to TestFlight	Build for iOS (Local on Runner)	2026-09-29T06:02:23.1360040Z [RUN_FASTLANE] 
Build iOS and Submit to TestFlight	Build for iOS (Local on Runner)	2026-09-29T06:02:23.1370510Z [RUN_FASTLANE] +----------------------------------------------------------------------------------------------------------------------------------------------------------------------------------------------------------+
Build iOS and Submit to TestFlight	Build for iOS (Local on Runner)	2026-09-29T06:02:23.1392150Z [RUN_FASTLANE] |                                                                                         Summary for gym 2.239.0                                                                                          |
Build iOS and Submit to TestFlight	Build for iOS (Local on Runner)	2026-09-29T06:02:23.1394910Z [RUN_FASTLANE] +------------------------------------------------------------+---------------------------------------------------------------------------------------------------------------------------------------------+
Build iOS and Submit to TestFlight	Build for iOS (Local on Runner)	2026-09-29T06:02:23.1396390Z [RUN_FASTLANE] | workspace                                                  | ./NGNflow.xcworkspace                                                                                                                       |
Build iOS and Submit to TestFlight	Build for iOS (Local on Runner)	2026-09-29T06:02:23.1397660Z [RUN_FASTLANE] | scheme                                                     | NGNflow                                                                                                                                     |
Build iOS and Submit to TestFlight	Build for iOS (Local on Runner)	2026-09-29T06:02:23.1400250Z [RUN_FASTLANE] | clean                                                      | false                                                                                                                                       |
Build iOS and Submit to TestFlight	Build for iOS (Local on Runner)	2026-09-29T06:02:23.1401390Z [RUN_FASTLANE] | output_directory                                           | ./build                                                                                                                                     |
Build iOS and Submit to TestFlight	Build for iOS (Local on Runner)	2026-09-29T06:02:23.1402540Z [RUN_FASTLANE] | output_name                                                | NGNflow                                                                                                                                     |
Build iOS and Submit to TestFlight	Build for iOS (Local on Runner)	2026-09-29T06:02:23.1403680Z [RUN_FASTLANE] | configuration                                              | Release                                                                                                                                     |
Build iOS and Submit to TestFlight	Build for iOS (Local on Runner)	2026-09-29T06:02:23.1404840Z [RUN_FASTLANE] | silent                                                     | false                                                                                                                                       |
Build iOS and Submit to TestFlight	Build for iOS (Local on Runner)	2026-09-29T06:02:23.1405970Z [RUN_FASTLANE] | skip_package_ipa                                           | false                                                                                                                                       |
Build iOS and Submit to TestFlight	Build for iOS (Local on Runner)	2026-09-29T06:02:23.1407110Z [RUN_FASTLANE] | skip_package_pkg                                           | false                                                                                                                                       |
Build iOS and Submit to TestFlight	Build for iOS (Local on Runner)	2026-09-29T06:02:23.1408220Z [RUN_FASTLANE] | export_options.method                                      | app-store                                                                                                                                   |
Build iOS and Submit to TestFlight	Build for iOS (Local on Runner)	2026-09-29T06:02:23.1409510Z [RUN_FASTLANE] | export_options.provisioningProfiles.com.olamicreas.ngnflow | 58d9281e-4bc0-4d8c-b03a-424f1e87b755                                                                                                        |
Build iOS and Submit to TestFlight	Build for iOS (Local on Runner)	2026-09-29T06:02:23.1411070Z [RUN_FASTLANE] | export_xcargs                                              | OTHER_CODE_SIGN_FLAGS="--keychain /var/folders/36/tjdph2t965j8snz9_vkdnw0r0000gn/T/eas-build-996498f4-a0b1-4cd5-ba25-270a76a64f45.keychain" |
Build iOS and Submit to TestFlight	Build for iOS (Local on Runner)	2026-09-29T06:02:23.1412540Z [RUN_FASTLANE] | build_path                                                 | /Users/runner/Library/Developer/Xcode/Archives/2026-09-29                                                                                   |
Build iOS and Submit to TestFlight	Build for iOS (Local on Runner)	2026-09-29T06:02:23.1413880Z [RUN_FASTLANE] | derived_data_path                                          | ./build                                                                                                                                     |
Build iOS and Submit to TestFlight	Build for iOS (Local on Runner)	2026-09-29T06:02:23.1415050Z [RUN_FASTLANE] | result_bundle                                              | true                                                                                                                                        |
Build iOS and Submit to TestFlight	Build for iOS (Local on Runner)	2026-09-29T06:02:23.1416490Z [RUN_FASTLANE] | result_bundle_path                                         | /var/folders/36/tjdph2t965j8snz9_vkdnw0r0000gn/T/result-bundle-1790661730386.xcresult                                                       |
Build iOS and Submit to TestFlight	Build for iOS (Local on Runner)	2026-09-29T06:02:23.1418420Z [RUN_FASTLANE] | buildlog_path                                              | /var/folders/36/tjdph2t965j8snz9_vkdnw0r0000gn/T/eas-build-local-nodejs/06efa554-806d-4c30-98cb-771f9bc38d9c/logs                           |
Build iOS and Submit to TestFlight	Build for iOS (Local on Runner)	2026-09-29T06:02:23.1419980Z [RUN_FASTLANE] | destination                                                | generic/platform=iOS                                                                                                                        |
Build iOS and Submit to TestFlight	Build for iOS (Local on Runner)	2026-09-29T06:02:23.1421210Z [RUN_FASTLANE] | suppress_xcode_output                                      | true                                                                                                                                        |
Build iOS and Submit to TestFlight	Build for iOS (Local on Runner)	2026-09-29T06:02:23.1422540Z [RUN_FASTLANE] | xcodebuild_formatter                                       | xcbeautify                                                                                                                                  |
Build iOS and Submit to TestFlight	Build for iOS (Local on Runner)	2026-09-29T06:02:23.1423630Z [RUN_FASTLANE] | build_timing_summary                                       | false                                                                                                                                       |
Build iOS and Submit to TestFlight	Build for iOS (Local on Runner)	2026-09-29T06:02:23.1424750Z [RUN_FASTLANE] | disable_xcpretty                                           | true                                                                                                                                        |
Build iOS and Submit to TestFlight	Build for iOS (Local on Runner)	2026-09-29T06:02:23.1425920Z [RUN_FASTLANE] | skip_profile_detection                                     | false                                                                                                                                       |
Build iOS and Submit to TestFlight	Build for iOS (Local on Runner)	2026-09-29T06:02:23.1427050Z [RUN_FASTLANE] | xcodebuild_command                                         | xcodebuild                                                                                                                                  |
Build iOS and Submit to TestFlight	Build for iOS (Local on Runner)	2026-09-29T06:02:23.1428210Z [RUN_FASTLANE] | skip_package_dependencies_resolution                       | false                                                                                                                                       |
Build iOS and Submit to TestFlight	Build for iOS (Local on Runner)	2026-09-29T06:02:23.1429550Z [RUN_FASTLANE] | disable_package_automatic_updates                          | false                                                                                                                                       |
Build iOS and Submit to TestFlight	Build for iOS (Local on Runner)	2026-09-29T06:02:23.1430900Z [RUN_FASTLANE] | skip_package_repository_fetches                            | false                                                                                                                                       |
Build iOS and Submit to TestFlight	Build for iOS (Local on Runner)	2026-09-29T06:02:23.1432180Z [RUN_FASTLANE] | use_system_scm                                             | false                                                                                                                                       |
Build iOS and Submit to TestFlight	Build for iOS (Local on Runner)	2026-09-29T06:02:23.1433340Z [RUN_FASTLANE] | generate_appstore_info                                     | false                                                                                                                                       |
Build iOS and Submit to TestFlight	Build for iOS (Local on Runner)	2026-09-29T06:02:23.1434560Z [RUN_FASTLANE] | xcode_path                                                 | /Applications/Xcode_26.6.app                                                                                                                |
Build iOS and Submit to TestFlight	Build for iOS (Local on Runner)	2026-09-29T06:02:23.1435920Z [RUN_FASTLANE] +------------------------------------------------------------+---------------------------------------------------------------------------------------------------------------------------------------------+
Build iOS and Submit to TestFlight	Build for iOS (Local on Runner)	2026-09-29T06:02:23.1438850Z [RUN_FASTLANE] $ set -o pipefail && xcodebuild -workspace ./NGNflow.xcworkspace -scheme NGNflow -configuration Release -derivedDataPath ./build -destination 'generic/platform=iOS' -archivePath /Users/runner/Library/Developer/Xcode/Archives/2026-09-29/NGNflow\ 2026-09-29\ 06.02.23.xcarchive -resultBundlePath '/var/folders/36/tjdph2t965j8snz9_vkdnw0r0000gn/T/result-bundle-1790661730386.xcresult' archive | tee /var/folders/36/tjdph2t965j8snz9_vkdnw0r0000gn/T/eas-build-local-nodejs/06efa554-806d-4c30-98cb-771f9bc38d9c/logs/NGNflow-NGNflow.log > /dev/null
Build iOS and Submit to TestFlight	Build for iOS (Local on Runner)	2026-09-29T06:02:40.5457610Z [RUN_FASTLANE] › Executing react-native Pods/hermes-engine » [CP-User] [Hermes] Replace Hermes for the right configuration, if needed
Build iOS and Submit to TestFlight	Build for iOS (Local on Runner)	2026-09-29T06:02:40.5560920Z [RUN_FASTLANE] › Executing react-native Pods/ReactNativeDependencies » [CP-User] [RNDeps] Replace React Native Dependencies for the right configuration, if needed
Build iOS and Submit to TestFlight	Build for iOS (Local on Runner)	2026-09-29T06:02:40.6373570Z [RUN_FASTLANE] › Executing [CP] Copy XCFrameworks
Build iOS and Submit to TestFlight	Build for iOS (Local on Runner)	2026-09-29T06:02:40.8131110Z [RUN_FASTLANE] › Executing react-native Pods/ReactNativeDependencies » [CP] Copy XCFrameworks
Build iOS and Submit to TestFlight	Build for iOS (Local on Runner)	2026-09-29T06:02:40.8239930Z [RUN_FASTLANE] › Preparing Pods/React-timing-React-timing_privacy » ResourceBundle-React-timing_privacy-React-timing-Info.plist
Build iOS and Submit to TestFlight	Build for iOS (Local on Runner)	2026-09-29T06:02:40.8371210Z [RUN_FASTLANE] › Copying   ios/build/Build/Intermediates.noindex/ArchiveIntermediates/NGNflow/IntermediateBuildFilesPath/UninstalledProducts/iphoneos/React-timing_privacy.bundle/PrivacyInfo.xcprivacy ➜ ../../../../../var/folders/36/tjdph2t965j8snz9_vkdnw0r0000gn/T/eas-build-local-nodejs/06efa554-806d-4c30-98cb-771f9bc38d9c/build/node_modules/react-native/ReactCommon/react/timing/PrivacyInfo.xcprivacy
Build iOS and Submit to TestFlight	Build for iOS (Local on Runner)	2026-09-29T06:02:40.8505390Z [RUN_FASTLANE] › Preparing Pods/React-cxxreact-React-cxxreact_privacy » ResourceBundle-React-cxxreact_privacy-React-cxxreact-Info.plist
Build iOS and Submit to TestFlight	Build for iOS (Local on Runner)	2026-09-29T06:02:40.8609820Z [RUN_FASTLANE] › Copying   ios/build/Build/Intermediates.noindex/ArchiveIntermediates/NGNflow/IntermediateBuildFilesPath/UninstalledProducts/iphoneos/React-cxxreact_privacy.bundle/PrivacyInfo.xcprivacy ➜ ../../../../../var/folders/36/tjdph2t965j8snz9_vkdnw0r0000gn/T/eas-build-local-nodejs/06efa554-806d-4c30-98cb-771f9bc38d9c/build/node_modules/react-native/ReactCommon/cxxreact/PrivacyInfo.xcprivacy
Build iOS and Submit to TestFlight	Build for iOS (Local on Runner)	2026-09-29T06:02:40.8738910Z [RUN_FASTLANE] › Creating  Pods/React-timing-React-timing_privacy » React-timing_privacy.bundle
Build iOS and Submit to TestFlight	Build for iOS (Local on Runner)	2026-09-29T06:02:40.8831360Z [RUN_FASTLANE] › Preparing Pods/React-Core-React-Core_privacy » ResourceBundle-React-Core_privacy-React-Core-Info.plist
Build iOS and Submit to TestFlight	Build for iOS (Local on Runner)	2026-09-29T06:02:40.8836340Z [RUN_FASTLANE] › Copying   ios/build/Build/Intermediates.noindex/ArchiveIntermediates/NGNflow/IntermediateBuildFilesPath/UninstalledProducts/iphoneos/React-Core_privacy.bundle/PrivacyInfo.xcprivacy ➜ ../../../../../var/folders/36/tjdph2t965j8snz9_vkdnw0r0000gn/T/eas-build-local-nodejs/06efa554-806d-4c30-98cb-771f9bc38d9c/build/node_modules/react-native/React/Resources/PrivacyInfo.xcprivacy
Build iOS and Submit to TestFlight	Build for iOS (Local on Runner)	2026-09-29T06:02:40.8838580Z [RUN_FASTLANE] › Executing react-native Pods/React-Core-prebuilt » [CP-User] [RNCore] Replace React Native Core for the right configuration, if needed
Build iOS and Submit to TestFlight	Build for iOS (Local on Runner)	2026-09-29T06:02:42.1869930Z [RUN_FASTLANE] › Creating  Pods/React-cxxreact-React-cxxreact_privacy » React-cxxreact_privacy.bundle
Build iOS and Submit to TestFlight	Build for iOS (Local on Runner)	2026-09-29T06:02:42.1969780Z [RUN_FASTLANE] › Preparing Pods/RNSVG-RNSVGFilters » ResourceBundle-RNSVGFilters-RNSVG-Info.plist
Build iOS and Submit to TestFlight	Build for iOS (Local on Runner)	2026-09-29T06:02:42.1972970Z [RUN_FASTLANE] › Copying   ios/build/Build/Intermediates.noindex/ArchiveIntermediates/NGNflow/IntermediateBuildFilesPath/UninstalledProducts/iphoneos/RNSVGFilters.bundle/RNSVGCompositeXor.iphoneos.metallib ➜ ../../../../../var/folders/36/tjdph2t965j8snz9_vkdnw0r0000gn/T/eas-build-local-nodejs/06efa554-806d-4c30-98cb-771f9bc38d9c/build/node_modules/react-native-svg/apple/Filters/MetalCI/RNSVGCompositeXor.iphoneos.metallib
Build iOS and Submit to TestFlight	Build for iOS (Local on Runner)	2026-09-29T06:02:42.1976770Z [RUN_FASTLANE] › Copying   ios/build/Build/Intermediates.noindex/ArchiveIntermediates/NGNflow/IntermediateBuildFilesPath/UninstalledProducts/iphoneos/RNSVGFilters.bundle/RNSVGArithmeticFilter.iphoneos.metallib ➜ ../../../../../var/folders/36/tjdph2t965j8snz9_vkdnw0r0000gn/T/eas-build-local-nodejs/06efa554-806d-4c30-98cb-771f9bc38d9c/build/node_modules/react-native-svg/apple/Filters/MetalCI/RNSVGArithmeticFilter.iphoneos.metallib
Build iOS and Submit to TestFlight	Build for iOS (Local on Runner)	2026-09-29T06:02:42.1988260Z [RUN_FASTLANE] › Creating  Pods/React-Core-React-Core_privacy » React-Core_privacy.bundle
Build iOS and Submit to TestFlight	Build for iOS (Local on Runner)	2026-09-29T06:02:42.1989420Z [RUN_FASTLANE] › Preparing Pods/RNCAsyncStorage-RNCAsyncStorage_resources » ResourceBundle-RNCAsyncStorage_resources-RNCAsyncStorage-Info.plist
Build iOS and Submit to TestFlight	Build for iOS (Local on Runner)	2026-09-29T06:02:42.1992140Z [RUN_FASTLANE] › Copying   ios/build/Build/Intermediates.noindex/ArchiveIntermediates/NGNflow/IntermediateBuildFilesPath/UninstalledProducts/iphoneos/RNCAsyncStorage_resources.bundle/PrivacyInfo.xcprivacy ➜ ../../../../../var/folders/36/tjdph2t965j8snz9_vkdnw0r0000gn/T/eas-build-local-nodejs/06efa554-806d-4c30-98cb-771f9bc38d9c/build/node_modules/@react-native-async-storage/async-storage/ios/PrivacyInfo.xcprivacy
Build iOS and Submit to TestFlight	Build for iOS (Local on Runner)	2026-09-29T06:02:42.1994270Z [RUN_FASTLANE] › Creating  Pods/RNSVG-RNSVGFilters » RNSVGFilters.bundle
Build iOS and Submit to TestFlight	Build for iOS (Local on Runner)	2026-09-29T06:02:42.1995560Z [RUN_FASTLANE] › Preparing Pods/ExpoNotifications-ExpoNotifications_privacy » ResourceBundle-ExpoNotifications_privacy-ExpoNotifications-Info.plist
Build iOS and Submit to TestFlight	Build for iOS (Local on Runner)	2026-09-29T06:02:42.1998180Z [RUN_FASTLANE] › Copying   ios/build/Build/Intermediates.noindex/ArchiveIntermediates/NGNflow/IntermediateBuildFilesPath/UninstalledProducts/iphoneos/ExpoNotifications_privacy.bundle/PrivacyInfo.xcprivacy ➜ ../../../../../var/folders/36/tjdph2t965j8snz9_vkdnw0r0000gn/T/eas-build-local-nodejs/06efa554-806d-4c30-98cb-771f9bc38d9c/build/node_modules/expo-notifications/ios/PrivacyInfo.xcprivacy
Build iOS and Submit to TestFlight	Build for iOS (Local on Runner)	2026-09-29T06:02:42.1999940Z [RUN_FASTLANE] › Creating  Pods/RNCAsyncStorage-RNCAsyncStorage_resources » RNCAsyncStorage_resources.bundle
Build iOS and Submit to TestFlight	Build for iOS (Local on Runner)	2026-09-29T06:02:42.2001060Z [RUN_FASTLANE] › Preparing Pods/ExpoFileSystem-ExpoFileSystem_privacy » ResourceBundle-ExpoFileSystem_privacy-ExpoFileSystem-Info.plist
Build iOS and Submit to TestFlight	Build for iOS (Local on Runner)	2026-09-29T06:02:42.2003450Z [RUN_FASTLANE] › Copying   ios/build/Build/Intermediates.noindex/ArchiveIntermediates/NGNflow/IntermediateBuildFilesPath/UninstalledProducts/iphoneos/ExpoFileSystem_privacy.bundle/PrivacyInfo.xcprivacy ➜ ../../../../../var/folders/36/tjdph2t965j8snz9_vkdnw0r0000gn/T/eas-build-local-nodejs/06efa554-806d-4c30-98cb-771f9bc38d9c/build/node_modules/expo/node_modules/expo-file-system/ios/PrivacyInfo.xcprivacy
Build iOS and Submit to TestFlight	Build for iOS (Local on Runner)	2026-09-29T06:02:42.2005280Z [RUN_FASTLANE] › Creating  Pods/ExpoNotifications-ExpoNotifications_privacy » ExpoNotifications_privacy.bundle
Build iOS and Submit to TestFlight	Build for iOS (Local on Runner)	2026-09-29T06:02:42.2006170Z [RUN_FASTLANE] › Preparing Pods/ExpoDevice-ExpoDevice_privacy » ResourceBundle-ExpoDevice_privacy-ExpoDevice-Info.plist
Build iOS and Submit to TestFlight	Build for iOS (Local on Runner)	2026-09-29T06:02:42.2008370Z [RUN_FASTLANE] › Copying   ios/build/Build/Intermediates.noindex/ArchiveIntermediates/NGNflow/IntermediateBuildFilesPath/UninstalledProducts/iphoneos/ExpoDevice_privacy.bundle/PrivacyInfo.xcprivacy ➜ ../../../../../var/folders/36/tjdph2t965j8snz9_vkdnw0r0000gn/T/eas-build-local-nodejs/06efa554-806d-4c30-98cb-771f9bc38d9c/build/node_modules/expo-device/ios/PrivacyInfo.xcprivacy
Build iOS and Submit to TestFlight	Build for iOS (Local on Runner)	2026-09-29T06:02:42.2010120Z [RUN_FASTLANE] › Preparing Pods/EXConstants-ExpoConstants_privacy » ResourceBundle-ExpoConstants_privacy-EXConstants-Info.plist
Build iOS and Submit to TestFlight	Build for iOS (Local on Runner)	2026-09-29T06:02:42.2011050Z [RUN_FASTLANE] › Creating  Pods/ExpoFileSystem-ExpoFileSystem_privacy » ExpoFileSystem_privacy.bundle
Build iOS and Submit to TestFlight	Build for iOS (Local on Runner)	2026-09-29T06:02:42.2013090Z [RUN_FASTLANE] › Copying   ios/build/Build/Intermediates.noindex/ArchiveIntermediates/NGNflow/IntermediateBuildFilesPath/UninstalledProducts/iphoneos/ExpoConstants_privacy.bundle/PrivacyInfo.xcprivacy ➜ ../../../../../var/folders/36/tjdph2t965j8snz9_vkdnw0r0000gn/T/eas-build-local-nodejs/06efa554-806d-4c30-98cb-771f9bc38d9c/build/node_modules/expo-constants/ios/PrivacyInfo.xcprivacy
Build iOS and Submit to TestFlight	Build for iOS (Local on Runner)	2026-09-29T06:02:42.2014850Z [RUN_FASTLANE] › Preparing expo-constants Pods/EXConstants-EXConstants » ResourceBundle-EXConstants-EXConstants-Info.plist
Build iOS and Submit to TestFlight	Build for iOS (Local on Runner)	2026-09-29T06:02:42.2015680Z [RUN_FASTLANE] › Creating  Pods/ExpoDevice-ExpoDevice_privacy » ExpoDevice_privacy.bundle
Build iOS and Submit to TestFlight	Build for iOS (Local on Runner)	2026-09-29T06:02:42.2016670Z [RUN_FASTLANE] › Preparing Pods/EXApplication-ExpoApplication_privacy » ResourceBundle-ExpoApplication_privacy-EXApplication-Info.plist
Build iOS and Submit to TestFlight	Build for iOS (Local on Runner)	2026-09-29T06:02:42.2019070Z [RUN_FASTLANE] › Copying   ios/build/Build/Intermediates.noindex/ArchiveIntermediates/NGNflow/IntermediateBuildFilesPath/UninstalledProducts/iphoneos/ExpoApplication_privacy.bundle/PrivacyInfo.xcprivacy ➜ ../../../../../var/folders/36/tjdph2t965j8snz9_vkdnw0r0000gn/T/eas-build-local-nodejs/06efa554-806d-4c30-98cb-771f9bc38d9c/build/node_modules/expo-application/ios/PrivacyInfo.xcprivacy
Build iOS and Submit to TestFlight	Build for iOS (Local on Runner)	2026-09-29T06:02:42.2020810Z [RUN_FASTLANE] › Creating  Pods/EXConstants-ExpoConstants_privacy » ExpoConstants_privacy.bundle
Build iOS and Submit to TestFlight	Build for iOS (Local on Runner)	2026-09-29T06:02:42.2021540Z [RUN_FASTLANE] › Creating  expo-constants Pods/EXConstants-EXConstants » EXConstants.bundle
Build iOS and Submit to TestFlight	Build for iOS (Local on Runner)	2026-09-29T06:02:42.2022370Z [RUN_FASTLANE] › Creating  Pods/EXApplication-ExpoApplication_privacy » ExpoApplication_privacy.bundle
Build iOS and Submit to TestFlight	Build for iOS (Local on Runner)	2026-09-29T06:02:42.2023370Z [RUN_FASTLANE] › Executing react-native Pods/React-Core-prebuilt » [CP] Copy XCFrameworks
Build iOS and Submit to TestFlight	Build for iOS (Local on Runner)	2026-09-29T06:02:42.7624870Z [RUN_FASTLANE] › Executing expo-modules-jsi Pods/ExpoModulesJSI » [CP-User] Build ExpoModulesJSI xcframework
Build iOS and Submit to TestFlight	Build for iOS (Local on Runner)	2026-09-29T06:03:21.0072290Z [RUN_FASTLANE] › Executing react-native Pods/React-RCTFBReactNativeSpec » [CP-User] [RN]Check FBReactNativeSpec
Build iOS and Submit to TestFlight	Build for iOS (Local on Runner)	2026-09-29T06:03:21.0346000Z [RUN_FASTLANE] › Executing NGNflow Pods/ReactCodegen » [CP-User] Generate Specs
Build iOS and Submit to TestFlight	Build for iOS (Local on Runner)	2026-09-29T06:03:21.0621520Z [RUN_FASTLANE] › Compiling NGNflow Pods/ReactCodegen » safeareacontext-generated.mm
Build iOS and Submit to TestFlight	Build for iOS (Local on Runner)	2026-09-29T06:03:21.0763550Z [RUN_FASTLANE] › Compiling NGNflow Pods/ReactCodegen » rnworklets-generated.mm
Build iOS and Submit to TestFlight	Build for iOS (Local on Runner)	2026-09-29T06:03:21.0890390Z [RUN_FASTLANE] › Compiling NGNflow Pods/ReactCodegen » rnsvg-generated.mm
Build iOS and Submit to TestFlight	Build for iOS (Local on Runner)	2026-09-29T06:03:21.1018340Z [RUN_FASTLANE] › Compiling NGNflow Pods/ReactCodegen » rnscreens-generated.mm
Build iOS and Submit to TestFlight	Build for iOS (Local on Runner)	2026-09-29T06:03:21.1147790Z [RUN_FASTLANE] › Compiling NGNflow Pods/ReactCodegen » rnreanimated-generated.mm
Build iOS and Submit to TestFlight	Build for iOS (Local on Runner)	2026-09-29T06:03:21.1221590Z [RUN_FASTLANE] › Compiling NGNflow Pods/ReactCodegen » rnasyncstorage-generated.mm
Build iOS and Submit to TestFlight	Build for iOS (Local on Runner)	2026-09-29T06:03:21.1268380Z [RUN_FASTLANE] › Compiling NGNflow Pods/ReactCodegen » States.cpp
Build iOS and Submit to TestFlight	Build for iOS (Local on Runner)	2026-09-29T06:03:21.1275590Z [RUN_FASTLANE] › Compiling NGNflow Pods/ReactCodegen » States.cpp
Build iOS and Submit to TestFlight	Build for iOS (Local on Runner)	2026-09-29T06:03:21.1276480Z [RUN_FASTLANE] › Compiling NGNflow Pods/ReactCodegen » States.cpp
Build iOS and Submit to TestFlight	Build for iOS (Local on Runner)	2026-09-29T06:03:21.1278380Z [RUN_FASTLANE] › Compiling NGNflow Pods/ReactCodegen » States.cpp
Build iOS and Submit to TestFlight	Build for iOS (Local on Runner)	2026-09-29T06:03:21.1280880Z [RUN_FASTLANE] › Compiling NGNflow Pods/ReactCodegen » ShadowNodes.cpp
Build iOS and Submit to TestFlight	Build for iOS (Local on Runner)	2026-09-29T06:03:21.1281990Z [RUN_FASTLANE] › Compiling NGNflow Pods/ReactCodegen » ShadowNodes.cpp
Build iOS and Submit to TestFlight	Build for iOS (Local on Runner)	2026-09-29T06:03:21.1293580Z [RUN_FASTLANE] › Compiling NGNflow Pods/ReactCodegen » ShadowNodes.cpp
Build iOS and Submit to TestFlight	Build for iOS (Local on Runner)	2026-09-29T06:03:21.1296090Z [RUN_FASTLANE] › Compiling NGNflow Pods/ReactCodegen » ShadowNodes.cpp
Build iOS and Submit to TestFlight	Build for iOS (Local on Runner)	2026-09-29T06:03:21.1303710Z [RUN_FASTLANE] › Compiling NGNflow Pods/ReactCodegen » RCTUnstableModulesRequiringMainQueueSetupProvider.mm
Build iOS and Submit to TestFlight	Build for iOS (Local on Runner)	2026-09-29T06:03:21.1305080Z [RUN_FASTLANE] › Compiling NGNflow Pods/ReactCodegen » RCTThirdPartyComponentsProvider.mm
Build iOS and Submit to TestFlight	Build for iOS (Local on Runner)	2026-09-29T06:03:21.1307030Z [RUN_FASTLANE] › Compiling NGNflow Pods/ReactCodegen » RCTModulesConformingToProtocolsProvider.mm
Build iOS and Submit to TestFlight	Build for iOS (Local on Runner)	2026-09-29T06:03:21.1308850Z [RUN_FASTLANE] › Compiling NGNflow Pods/ReactCodegen » RCTModuleProviders.mm
Build iOS and Submit to TestFlight	Build for iOS (Local on Runner)	2026-09-29T06:03:21.1312840Z [RUN_FASTLANE] › Compiling NGNflow Pods/ReactCodegen » Props.cpp
Build iOS and Submit to TestFlight	Build for iOS (Local on Runner)	2026-09-29T06:03:21.1314090Z [RUN_FASTLANE] › Compiling NGNflow Pods/ReactCodegen » Props.cpp
Build iOS and Submit to TestFlight	Build for iOS (Local on Runner)	2026-09-29T06:03:21.1322660Z [RUN_FASTLANE] › Compiling NGNflow Pods/ReactCodegen » Props.cpp
Build iOS and Submit to TestFlight	Build for iOS (Local on Runner)	2026-09-29T06:03:21.1331750Z [RUN_FASTLANE] › Compiling NGNflow Pods/ReactCodegen » Props.cpp
Build iOS and Submit to TestFlight	Build for iOS (Local on Runner)	2026-09-29T06:03:21.1335850Z [RUN_FASTLANE] › Compiling NGNflow Pods/ReactCodegen » EventEmitters.cpp
Build iOS and Submit to TestFlight	Build for iOS (Local on Runner)	2026-09-29T06:03:22.1215920Z [RUN_FASTLANE] › Compiling NGNflow Pods/ReactCodegen » EventEmitters.cpp
Build iOS and Submit to TestFlight	Build for iOS (Local on Runner)	2026-09-29T06:03:22.1233450Z [RUN_FASTLANE] › Compiling NGNflow Pods/ReactCodegen » EventEmitters.cpp
Build iOS and Submit to TestFlight	Build for iOS (Local on Runner)	2026-09-29T06:03:23.7589190Z [RUN_FASTLANE] › Compiling NGNflow Pods/ReactCodegen » EventEmitters.cpp
Build iOS and Submit to TestFlight	Build for iOS (Local on Runner)	2026-09-29T06:03:23.7692200Z [RUN_FASTLANE] › Compiling NGNflow Pods/ReactCodegen » ComponentDescriptors.cpp
Build iOS and Submit to TestFlight	Build for iOS (Local on Runner)	2026-09-29T06:03:25.1627290Z [RUN_FASTLANE] › Compiling NGNflow Pods/ReactCodegen » ComponentDescriptors.cpp
Build iOS and Submit to TestFlight	Build for iOS (Local on Runner)	2026-09-29T06:03:28.4730790Z [RUN_FASTLANE] › Compiling NGNflow Pods/ReactCodegen » ComponentDescriptors.cpp
Build iOS and Submit to TestFlight	Build for iOS (Local on Runner)	2026-09-29T06:03:28.4739400Z [RUN_FASTLANE] › Compiling NGNflow Pods/ReactCodegen » ComponentDescriptors.cpp
Build iOS and Submit to TestFlight	Build for iOS (Local on Runner)	2026-09-29T06:03:28.4779200Z [RUN_FASTLANE] › Compiling react-native-safe-area-context Pods/react-native-safe-area-context » RNCSafeAreaViewState.cpp
Build iOS and Submit to TestFlight	Build for iOS (Local on Runner)	2026-09-29T06:03:30.6813720Z [RUN_FASTLANE] › Compiling react-native-safe-area-context Pods/react-native-safe-area-context » RNCSafeAreaViewShadowNode.cpp
Build iOS and Submit to TestFlight	Build for iOS (Local on Runner)	2026-09-29T06:03:33.3637040Z [RUN_FASTLANE] › Compiling react-native-safe-area-context Pods/react-native-safe-area-context » RNCSafeAreaViewComponentView.mm
Build iOS and Submit to TestFlight	Build for iOS (Local on Runner)	2026-09-29T06:03:33.8686040Z [RUN_FASTLANE] › Compiling react-native-safe-area-context Pods/react-native-safe-area-context » RNCSafeAreaProviderComponentView.mm
Build iOS and Submit to TestFlight	Build for iOS (Local on Runner)	2026-09-29T06:03:36.2823900Z [RUN_FASTLANE] › Compiling react-native-safe-area-context Pods/react-native-safe-area-context » RNCSafeAreaContext.mm
Build iOS and Submit to TestFlight	Build for iOS (Local on Runner)	2026-09-29T06:03:36.9283330Z [RUN_FASTLANE] › Compiling NGNflow Pods/ReactAppDependencyProvider » RCTAppDependencyProvider.mm
Build iOS and Submit to TestFlight	Build for iOS (Local on Runner)	2026-09-29T06:03:37.6874740Z [RUN_FASTLANE] › Compiling react-native-safe-area-context Pods/react-native-safe-area-context » react-native-safe-area-context-dummy.m
Build iOS and Submit to TestFlight	Build for iOS (Local on Runner)	2026-09-29T06:03:37.6977410Z [RUN_FASTLANE] › Compiling NGNflow Pods/ReactCodegen » ReactCodegen-dummy.m
Build iOS and Submit to TestFlight	Build for iOS (Local on Runner)	2026-09-29T06:03:37.7077900Z [RUN_FASTLANE] › Compiling NGNflow Pods/ReactAppDependencyProvider » ReactAppDependencyProvider-dummy.m
Build iOS and Submit to TestFlight	Build for iOS (Local on Runner)	2026-09-29T06:03:37.7156230Z [RUN_FASTLANE] › Packaging NGNflow Pods/ReactCodegen » libReactCodegen.a
Build iOS and Submit to TestFlight	Build for iOS (Local on Runner)	2026-09-29T06:03:37.9848520Z [RUN_FASTLANE] › Compiling react-native-worklets Pods/RNWorklets » WorkletsVersion.cpp
Build iOS and Submit to TestFlight	Build for iOS (Local on Runner)	2026-09-29T06:03:38.7333750Z [RUN_FASTLANE] › Compiling react-native-worklets Pods/RNWorklets » WorkletsNetworking.mm
Build iOS and Submit to TestFlight	Build for iOS (Local on Runner)	2026-09-29T06:03:38.7434890Z [RUN_FASTLANE] › Compiling react-native-worklets Pods/RNWorklets » WorkletsModuleProxy.cpp
Build iOS and Submit to TestFlight	Build for iOS (Local on Runner)	2026-09-29T06:03:39.6453250Z [RUN_FASTLANE] › Compiling react-native-safe-area-context Pods/react-native-safe-area-context » RNCSafeAreaViewMode.m
Build iOS and Submit to TestFlight	Build for iOS (Local on Runner)	2026-09-29T06:03:39.6472350Z [RUN_FASTLANE] › Compiling react-native-safe-area-context Pods/react-native-safe-area-context » RNCSafeAreaViewManager.m
Build iOS and Submit to TestFlight	Build for iOS (Local on Runner)	2026-09-29T06:03:39.6474000Z [RUN_FASTLANE] › Compiling react-native-safe-area-context Pods/react-native-safe-area-context » RNCSafeAreaViewLocalData.m
Build iOS and Submit to TestFlight	Build for iOS (Local on Runner)	2026-09-29T06:03:39.6477570Z [RUN_FASTLANE] › Compiling react-native-safe-area-context Pods/react-native-safe-area-context » RNCSafeAreaViewEdges.m
Build iOS and Submit to TestFlight	Build for iOS (Local on Runner)	2026-09-29T06:03:39.6480380Z [RUN_FASTLANE] › Compiling react-native-safe-area-context Pods/react-native-safe-area-context » RNCSafeAreaViewEdgeMode.m
Build iOS and Submit to TestFlight	Build for iOS (Local on Runner)	2026-09-29T06:03:39.6484410Z [RUN_FASTLANE] › Compiling react-native-safe-area-context Pods/react-native-safe-area-context » RNCSafeAreaView.m
Build iOS and Submit to TestFlight	Build for iOS (Local on Runner)	2026-09-29T06:03:39.6489540Z [RUN_FASTLANE] › Compiling react-native-safe-area-context Pods/react-native-safe-area-context » RNCSafeAreaUtils.m
Build iOS and Submit to TestFlight	Build for iOS (Local on Runner)	2026-09-29T06:03:39.6491330Z [RUN_FASTLANE] › Compiling react-native-safe-area-context Pods/react-native-safe-area-context » RNCSafeAreaShadowView.m
Build iOS and Submit to TestFlight	Build for iOS (Local on Runner)	2026-09-29T06:03:39.6494540Z [RUN_FASTLANE] › Compiling react-native-safe-area-context Pods/react-native-safe-area-context » RNCSafeAreaProviderManager.m
Build iOS and Submit to TestFlight	Build for iOS (Local on Runner)	2026-09-29T06:03:39.6507820Z [RUN_FASTLANE] › Compiling react-native-safe-area-context Pods/react-native-safe-area-context » RNCSafeAreaProvider.m
Build iOS and Submit to TestFlight	Build for iOS (Local on Runner)	2026-09-29T06:03:39.6515700Z [RUN_FASTLANE] › Compiling react-native-safe-area-context Pods/react-native-safe-area-context » RNCOnInsetsChangeEvent.m
Build iOS and Submit to TestFlight	Build for iOS (Local on Runner)	2026-09-29T06:03:39.6516750Z [RUN_FASTLANE] › Compiling react-native-worklets Pods/RNWorklets » WorkletsModule.mm
Build iOS and Submit to TestFlight	Build for iOS (Local on Runner)	2026-09-29T06:03:40.8758860Z [RUN_FASTLANE] › Compiling react-native-worklets Pods/RNWorklets » WorkletsJSIUtils.cpp
Build iOS and Submit to TestFlight	Build for iOS (Local on Runner)	2026-09-29T06:03:40.8861440Z [RUN_FASTLANE] › Compiling react-native-worklets Pods/RNWorklets » WorkletRuntimeRegistry.cpp
Build iOS and Submit to TestFlight	Build for iOS (Local on Runner)	2026-09-29T06:03:40.8978860Z [RUN_FASTLANE] › Compiling react-native-worklets Pods/RNWorklets » WorkletRuntimeDecorator.cpp
Build iOS and Submit to TestFlight	Build for iOS (Local on Runner)	2026-09-29T06:03:42.2443820Z [RUN_FASTLANE] › Compiling react-native-worklets Pods/RNWorklets » WorkletRuntime.cpp
Build iOS and Submit to TestFlight	Build for iOS (Local on Runner)	2026-09-29T06:03:43.1482040Z [RUN_FASTLANE] › Compiling react-native-worklets Pods/RNWorklets » WorkletHermesRuntime.cpp
Build iOS and Submit to TestFlight	Build for iOS (Local on Runner)	2026-09-29T06:03:43.1584370Z [RUN_FASTLANE] › Compiling react-native-worklets Pods/RNWorklets » WorkletEventHandler.cpp
Build iOS and Submit to TestFlight	Build for iOS (Local on Runner)	2026-09-29T06:03:43.8850440Z [RUN_FASTLANE] › Compiling react-native-worklets Pods/RNWorklets » VersionUtils.cpp
Build iOS and Submit to TestFlight	Build for iOS (Local on Runner)	2026-09-29T06:03:46.1609810Z [RUN_FASTLANE] › Compiling react-native-worklets Pods/RNWorklets » UIScheduler.cpp
Build iOS and Submit to TestFlight	Build for iOS (Local on Runner)	2026-09-29T06:03:46.1654740Z [RUN_FASTLANE] › Compiling react-native-worklets Pods/RNWorklets » UIRuntimeDecorator.cpp
Build iOS and Submit to TestFlight	Build for iOS (Local on Runner)	2026-09-29T06:03:46.1783310Z [RUN_FASTLANE] › Compiling react-native-worklets Pods/RNWorklets » SynchronizableAccess.cpp
Build iOS and Submit to TestFlight	Build for iOS (Local on Runner)	2026-09-29T06:03:46.1923920Z [RUN_FASTLANE] › Compiling react-native-worklets Pods/RNWorklets » Synchronizable.cpp
Build iOS and Submit to TestFlight	Build for iOS (Local on Runner)	2026-09-29T06:03:46.5550680Z [RUN_FASTLANE] › Compiling react-native-worklets Pods/RNWorklets » StableApi.cpp
Build iOS and Submit to TestFlight	Build for iOS (Local on Runner)	2026-09-29T06:03:47.0296110Z [RUN_FASTLANE] › Compiling react-native-worklets Pods/RNWorklets » SlowAnimations.mm
Build iOS and Submit to TestFlight	Build for iOS (Local on Runner)	2026-09-29T06:03:47.3891700Z [RUN_FASTLANE] › Compiling react-native-worklets Pods/RNWorklets » Shareable.cpp
Build iOS and Submit to TestFlight	Build for iOS (Local on Runner)	2026-09-29T06:03:47.9028940Z [RUN_FASTLANE] › Compiling react-native-worklets Pods/RNWorklets » SerializableRemoteFunction.cpp
Build iOS and Submit to TestFlight	Build for iOS (Local on Runner)	2026-09-29T06:03:47.9584490Z [RUN_FASTLANE] › Compiling react-native-worklets Pods/RNWorklets » SerializableFactory.cpp
Build iOS and Submit to TestFlight	Build for iOS (Local on Runner)	2026-09-29T06:03:48.6314240Z [RUN_FASTLANE] › Compiling react-native-worklets Pods/RNWorklets » Serializable.cpp
Build iOS and Submit to TestFlight	Build for iOS (Local on Runner)	2026-09-29T06:03:49.2728460Z [RUN_FASTLANE] › Compiling react-native-worklets Pods/RNWorklets » RuntimeManager.cpp
Build iOS and Submit to TestFlight	Build for iOS (Local on Runner)	2026-09-29T06:03:49.2730630Z [RUN_FASTLANE] › Compiling react-native-worklets Pods/RNWorklets » RNRuntimeWorkletDecorator.cpp
Build iOS and Submit to TestFlight	Build for iOS (Local on Runner)	2026-09-29T06:03:49.6131670Z [RUN_FASTLANE] › Compiling react-native-worklets Pods/RNWorklets » PlatformLogger.mm
Build iOS and Submit to TestFlight	Build for iOS (Local on Runner)	2026-09-29T06:03:50.1041070Z [RUN_FASTLANE] › Compiling react-native-worklets Pods/RNWorklets » MemoryManager.cpp
Build iOS and Submit to TestFlight	Build for iOS (Local on Runner)	2026-09-29T06:03:50.5475010Z [RUN_FASTLANE] › Compiling react-native-worklets Pods/RNWorklets » JSScheduler.cpp
Build iOS and Submit to TestFlight	Build for iOS (Local on Runner)	2026-09-29T06:03:50.5979120Z [RUN_FASTLANE] › Compiling react-native-worklets Pods/RNWorklets » JSLogger.cpp
Build iOS and Submit to TestFlight	Build for iOS (Local on Runner)	2026-09-29T06:03:51.1865860Z [RUN_FASTLANE] › Compiling react-native-worklets Pods/RNWorklets » JSIWorkletsModuleProxy.cpp
Build iOS and Submit to TestFlight	Build for iOS (Local on Runner)	2026-09-29T06:03:53.2223800Z [RUN_FASTLANE] › Compiling react-native-worklets Pods/RNWorklets » JSISerializer.cpp
Build iOS and Submit to TestFlight	Build for iOS (Local on Runner)	2026-09-29T06:03:53.2348720Z [RUN_FASTLANE] › Compiling react-native-worklets Pods/RNWorklets » IOSUIScheduler.mm
Build iOS and Submit to TestFlight	Build for iOS (Local on Runner)	2026-09-29T06:03:53.2450370Z [RUN_FASTLANE] › Compiling react-native-worklets Pods/RNWorklets » HermesProfiling.cpp
Build iOS and Submit to TestFlight	Build for iOS (Local on Runner)	2026-09-29T06:03:53.2573520Z [RUN_FASTLANE] › Compiling react-native-worklets Pods/RNWorklets » FeatureFlags.cpp
Build iOS and Submit to TestFlight	Build for iOS (Local on Runner)	2026-09-29T06:03:53.2673710Z [RUN_FASTLANE] › Compiling react-native-worklets Pods/RNWorklets » EventLoop.cpp
Build iOS and Submit to TestFlight	Build for iOS (Local on Runner)	2026-09-29T06:03:54.2498500Z [RUN_FASTLANE] › Compiling react-native-worklets Pods/RNWorklets » EventHandlerRegistry.cpp
Build iOS and Submit to TestFlight	Build for iOS (Local on Runner)	2026-09-29T06:03:54.4363770Z [RUN_FASTLANE] › Compiling react-native-worklets Pods/RNWorklets » AsyncQueueImpl.cpp
Build iOS and Submit to TestFlight	Build for iOS (Local on Runner)	2026-09-29T06:03:54.4474050Z [RUN_FASTLANE] › Compiling react-native-worklets Pods/RNWorklets » AnimationFrameQueue.mm
Build iOS and Submit to TestFlight	Build for iOS (Local on Runner)	2026-09-29T06:03:56.3892710Z [RUN_FASTLANE] › Compiling react-native-worklets Pods/RNWorklets » AnimationFrameBatchinator.cpp
Build iOS and Submit to TestFlight	Build for iOS (Local on Runner)	2026-09-29T06:03:56.3933070Z [RUN_FASTLANE] › Packaging react-native-safe-area-context Pods/react-native-safe-area-context » libreact-native-safe-area-context.a
Build iOS and Submit to TestFlight	Build for iOS (Local on Runner)	2026-09-29T06:03:56.3956970Z [RUN_FASTLANE] › Packaging NGNflow Pods/ReactAppDependencyProvider » libReactAppDependencyProvider.a
Build iOS and Submit to TestFlight	Build for iOS (Local on Runner)	2026-09-29T06:03:56.3965230Z [RUN_FASTLANE] › Executing expo-modules-jsi Pods/ExpoModulesJSI » [CP] Copy XCFrameworks
Build iOS and Submit to TestFlight	Build for iOS (Local on Runner)	2026-09-29T06:03:56.4008120Z [RUN_FASTLANE] › Compiling expo Pods/ExpoLogBox » ExpoRedBoxSwap.mm
Build iOS and Submit to TestFlight	Build for iOS (Local on Runner)	2026-09-29T06:04:01.7155860Z [RUN_FASTLANE] › Compiling react-native-worklets Pods/RNWorklets » RNWorklets-dummy.m
Build iOS and Submit to TestFlight	Build for iOS (Local on Runner)	2026-09-29T06:04:01.7163980Z [RUN_FASTLANE] › Packaging react-native-worklets Pods/RNWorklets » libRNWorklets.a
Build iOS and Submit to TestFlight	Build for iOS (Local on Runner)	2026-09-29T06:04:01.7178310Z [RUN_FASTLANE] › Compiling react-native-svg Pods/RNSVG » RNSVGViewBox.mm
Build iOS and Submit to TestFlight	Build for iOS (Local on Runner)	2026-09-29T06:04:01.7179260Z [RUN_FASTLANE] › Compiling react-native-svg Pods/RNSVG » RNSVGUseManager.mm
Build iOS and Submit to TestFlight	Build for iOS (Local on Runner)	2026-09-29T06:04:01.7180620Z [RUN_FASTLANE] › Compiling react-native-svg Pods/RNSVG » RNSVGUse.mm
Build iOS and Submit to TestFlight	Build for iOS (Local on Runner)	2026-09-29T06:04:07.9017790Z [RUN_FASTLANE] › Compiling react-native-svg Pods/RNSVG » RNSVGTopAlignedLabel.ios.mm
Build iOS and Submit to TestFlight	Build for iOS (Local on Runner)	2026-09-29T06:04:07.9019410Z [RUN_FASTLANE] › Compiling react-native-svg Pods/RNSVG » RNSVGTextProperties.mm
Build iOS and Submit to TestFlight	Build for iOS (Local on Runner)	2026-09-29T06:04:07.9037360Z [RUN_FASTLANE] › Compiling react-native-svg Pods/RNSVG » RNSVGTextPathManager.mm
Build iOS and Submit to TestFlight	Build for iOS (Local on Runner)	2026-09-29T06:04:07.9039670Z [RUN_FASTLANE] › Compiling react-native-svg Pods/RNSVG » RNSVGTextPath.mm
Build iOS and Submit to TestFlight	Build for iOS (Local on Runner)	2026-09-29T06:04:08.9857550Z [RUN_FASTLANE] › Compiling react-native-svg Pods/RNSVG » RNSVGTextManager.mm
Build iOS and Submit to TestFlight	Build for iOS (Local on Runner)	2026-09-29T06:04:10.0504020Z [RUN_FASTLANE] › Compiling react-native-svg Pods/RNSVG » RNSVGText.mm
Build iOS and Submit to TestFlight	Build for iOS (Local on Runner)	2026-09-29T06:04:13.0142730Z [RUN_FASTLANE] › Compiling react-native-svg Pods/RNSVG » RNSVGTSpanManager.mm
Build iOS and Submit to TestFlight	Build for iOS (Local on Runner)	2026-09-29T06:04:13.0169250Z [RUN_FASTLANE] › Compiling react-native-svg Pods/RNSVG » RNSVGTSpan.mm
Build iOS and Submit to TestFlight	Build for iOS (Local on Runner)	2026-09-29T06:04:15.1320190Z [RUN_FASTLANE] › Compiling react-native-svg Pods/RNSVG » RNSVGSymbolManager.mm
Build iOS and Submit to TestFlight	Build for iOS (Local on Runner)	2026-09-29T06:04:15.1424580Z [RUN_FASTLANE] › Compiling react-native-svg Pods/RNSVG » RNSVGSymbol.mm
Build iOS and Submit to TestFlight	Build for iOS (Local on Runner)	2026-09-29T06:04:18.6071210Z [RUN_FASTLANE] › Compiling react-native-svg Pods/RNSVG » RNSVGSvgViewModule.mm
Build iOS and Submit to TestFlight	Build for iOS (Local on Runner)	2026-09-29T06:04:18.6073100Z [RUN_FASTLANE] › Compiling react-native-svg Pods/RNSVG » RNSVGSvgViewManager.mm
Build iOS and Submit to TestFlight	Build for iOS (Local on Runner)	2026-09-29T06:04:18.6077460Z [RUN_FASTLANE] › Compiling react-native-svg Pods/RNSVG » RNSVGSvgView.mm
Build iOS and Submit to TestFlight	Build for iOS (Local on Runner)	2026-09-29T06:04:23.0233880Z [RUN_FASTLANE] › Compiling react-native-svg Pods/RNSVG » RNSVGSolidColorBrush.mm
Build iOS and Submit to TestFlight	Build for iOS (Local on Runner)	2026-09-29T06:04:23.0301950Z [RUN_FASTLANE] › Compiling react-native-svg Pods/RNSVG » RNSVGShadowNodes.cpp
Build iOS and Submit to TestFlight	Build for iOS (Local on Runner)	2026-09-29T06:04:23.0332560Z [RUN_FASTLANE] › Compiling react-native-svg Pods/RNSVG » RNSVGRenderableModule.mm
Build iOS and Submit to TestFlight	Build for iOS (Local on Runner)	2026-09-29T06:04:24.0836230Z [RUN_FASTLANE] › Compiling react-native-svg Pods/RNSVG » RNSVGRenderableManager.mm
Build iOS and Submit to TestFlight	Build for iOS (Local on Runner)	2026-09-29T06:04:24.0891550Z [RUN_FASTLANE] › Compiling react-native-svg Pods/RNSVG » RNSVGRenderable.mm
Build iOS and Submit to TestFlight	Build for iOS (Local on Runner)	2026-09-29T06:04:26.2160380Z [RUN_FASTLANE] › Compiling react-native-svg Pods/RNSVG » RNSVGRenderUtils.mm
Build iOS and Submit to TestFlight	Build for iOS (Local on Runner)	2026-09-29T06:04:27.3245250Z [RUN_FASTLANE] › Compiling react-native-svg Pods/RNSVG » RNSVGRectManager.mm
Build iOS and Submit to TestFlight	Build for iOS (Local on Runner)	2026-09-29T06:04:27.3365230Z [RUN_FASTLANE] › Compiling react-native-svg Pods/RNSVG » RNSVGRect.mm
Build iOS and Submit to TestFlight	Build for iOS (Local on Runner)	2026-09-29T06:04:31.5803770Z [RUN_FASTLANE] › Compiling react-native-svg Pods/RNSVG » RNSVGRadialGradientManager.mm
Build iOS and Submit to TestFlight	Build for iOS (Local on Runner)	2026-09-29T06:04:31.5805560Z [RUN_FASTLANE] › Compiling react-native-svg Pods/RNSVG » RNSVGRadialGradient.mm
Build iOS and Submit to TestFlight	Build for iOS (Local on Runner)	2026-09-29T06:04:32.3881290Z [RUN_FASTLANE] › Compiling react-native-svg Pods/RNSVG » RNSVGPropHelper.mm
Build iOS and Submit to TestFlight	Build for iOS (Local on Runner)	2026-09-29T06:04:33.6756180Z [RUN_FASTLANE] › Compiling react-native-svg Pods/RNSVG » RNSVGPatternManager.mm
Build iOS and Submit to TestFlight	Build for iOS (Local on Runner)	2026-09-29T06:04:34.6519550Z [RUN_FASTLANE] › Compiling react-native-svg Pods/RNSVG » RNSVGPattern.mm
Build iOS and Submit to TestFlight	Build for iOS (Local on Runner)	2026-09-29T06:04:37.1865150Z [RUN_FASTLANE] › Compiling react-native-svg Pods/RNSVG » RNSVGPathParser.mm
Build iOS and Submit to TestFlight	Build for iOS (Local on Runner)	2026-09-29T06:04:37.1967420Z [RUN_FASTLANE] › Compiling react-native-svg Pods/RNSVG » RNSVGPathMeasure.mm
Build iOS and Submit to TestFlight	Build for iOS (Local on Runner)	2026-09-29T06:04:37.4224440Z [RUN_FASTLANE] › Compiling react-native-svg Pods/RNSVG » RNSVGPathManager.mm
Build iOS and Submit to TestFlight	Build for iOS (Local on Runner)	2026-09-29T06:04:40.2250560Z [RUN_FASTLANE] › Compiling react-native-svg Pods/RNSVG » RNSVGPath.mm
Build iOS and Submit to TestFlight	Build for iOS (Local on Runner)	2026-09-29T06:04:41.9797140Z [RUN_FASTLANE] › Compiling react-native-svg Pods/RNSVG » RNSVGPainterBrush.mm
Build iOS and Submit to TestFlight	Build for iOS (Local on Runner)	2026-09-29T06:04:41.9818420Z [RUN_FASTLANE] › Compiling react-native-svg Pods/RNSVG » RNSVGPainter.mm
Build iOS and Submit to TestFlight	Build for iOS (Local on Runner)	2026-09-29T06:04:43.0248350Z [RUN_FASTLANE] › Compiling react-native-svg Pods/RNSVG » RNSVGNodeManager.mm
Build iOS and Submit to TestFlight	Build for iOS (Local on Runner)	2026-09-29T06:04:43.0591320Z [RUN_FASTLANE] › Compiling react-native-svg Pods/RNSVG » RNSVGNode.mm
Build iOS and Submit to TestFlight	Build for iOS (Local on Runner)	2026-09-29T06:04:45.5854670Z [RUN_FASTLANE] › Compiling react-native-svg Pods/RNSVG » RNSVGMaskManager.mm
Build iOS and Submit to TestFlight	Build for iOS (Local on Runner)	2026-09-29T06:04:45.6998200Z [RUN_FASTLANE] › Compiling react-native-svg Pods/RNSVG » RNSVGMask.mm
Build iOS and Submit to TestFlight	Build for iOS (Local on Runner)	2026-09-29T06:04:47.5633890Z [RUN_FASTLANE] › Compiling react-native-svg Pods/RNSVG » RNSVGMarkerPosition.mm
Build iOS and Submit to TestFlight	Build for iOS (Local on Runner)	2026-09-29T06:04:48.3533910Z [RUN_FASTLANE] › Compiling react-native-svg Pods/RNSVG » RNSVGMarkerManager.mm
Build iOS and Submit to TestFlight	Build for iOS (Local on Runner)	2026-09-29T06:04:48.4101850Z [RUN_FASTLANE] › Compiling react-native-svg Pods/RNSVG » RNSVGMarker.mm
Build iOS and Submit to TestFlight	Build for iOS (Local on Runner)	2026-09-29T06:04:53.3954520Z [RUN_FASTLANE] › Compiling react-native-svg Pods/RNSVG » RNSVGLinearGradientManager.mm
Build iOS and Submit to TestFlight	Build for iOS (Local on Runner)	2026-09-29T06:04:53.4081470Z [RUN_FASTLANE] › Compiling react-native-svg Pods/RNSVG » RNSVGLinearGradient.mm
Build iOS and Submit to TestFlight	Build for iOS (Local on Runner)	2026-09-29T06:04:53.9670550Z [RUN_FASTLANE] › Compiling react-native-svg Pods/RNSVG » RNSVGLineManager.mm
Build iOS and Submit to TestFlight	Build for iOS (Local on Runner)	2026-09-29T06:04:56.6642640Z [RUN_FASTLANE] › Compiling react-native-svg Pods/RNSVG » RNSVGLine.mm
Build iOS and Submit to TestFlight	Build for iOS (Local on Runner)	2026-09-29T06:05:00.2595500Z [RUN_FASTLANE] › Compiling react-native-svg Pods/RNSVG » RNSVGLength.mm
Build iOS and Submit to TestFlight	Build for iOS (Local on Runner)	2026-09-29T06:05:00.2702040Z [RUN_FASTLANE] › Compiling react-native-svg Pods/RNSVG » RNSVGLayoutableShadowNode.cpp
Build iOS and Submit to TestFlight	Build for iOS (Local on Runner)	2026-09-29T06:05:00.2807710Z [RUN_FASTLANE] › Compiling react-native-svg Pods/RNSVG » RNSVGImageState.cpp
Build iOS and Submit to TestFlight	Build for iOS (Local on Runner)	2026-09-29T06:05:00.4092590Z [RUN_FASTLANE] › Compiling react-native-svg Pods/RNSVG » RNSVGImageShadowNode.cpp
Build iOS and Submit to TestFlight	Build for iOS (Local on Runner)	2026-09-29T06:05:03.3739320Z [RUN_FASTLANE] › Compiling react-native-svg Pods/RNSVG » RNSVGImageManager.mm
Build iOS and Submit to TestFlight	Build for iOS (Local on Runner)	2026-09-29T06:05:04.3151380Z [RUN_FASTLANE] › Compiling react-native-svg Pods/RNSVG » RNSVGImage.mm
Build iOS and Submit to TestFlight	Build for iOS (Local on Runner)	2026-09-29T06:05:05.6801090Z [RUN_FASTLANE] › Compiling react-native-svg Pods/RNSVG » RNSVGGroupManager.mm
Build iOS and Submit to TestFlight	Build for iOS (Local on Runner)	2026-09-29T06:05:06.7296810Z [RUN_FASTLANE] › Compiling react-native-svg Pods/RNSVG » RNSVGGroup.mm
Build iOS and Submit to TestFlight	Build for iOS (Local on Runner)	2026-09-29T06:05:08.7491790Z [RUN_FASTLANE] › Compiling react-native-svg Pods/RNSVG » RNSVGGlyphContext.mm
Build iOS and Submit to TestFlight	Build for iOS (Local on Runner)	2026-09-29T06:05:09.0420740Z [RUN_FASTLANE] › Compiling react-native-svg Pods/RNSVG » RNSVGForeignObjectManager.mm
Build iOS and Submit to TestFlight	Build for iOS (Local on Runner)	2026-09-29T06:05:09.1070110Z [RUN_FASTLANE] › Compiling react-native-svg Pods/RNSVG » RNSVGForeignObject.mm
Build iOS and Submit to TestFlight	Build for iOS (Local on Runner)	2026-09-29T06:05:13.9500040Z [RUN_FASTLANE] › Compiling react-native-svg Pods/RNSVG » RNSVGFontData.mm
Build iOS and Submit to TestFlight	Build for iOS (Local on Runner)	2026-09-29T06:05:13.9557230Z [RUN_FASTLANE] › Compiling react-native-svg Pods/RNSVG » RNSVGFilterRegion.mm
Build iOS and Submit to TestFlight	Build for iOS (Local on Runner)	2026-09-29T06:05:13.9581290Z [RUN_FASTLANE] › Compiling react-native-svg Pods/RNSVG » RNSVGFilterPrimitiveManager.mm
Build iOS and Submit to TestFlight	Build for iOS (Local on Runner)	2026-09-29T06:05:15.6660200Z [RUN_FASTLANE] › Compiling react-native-svg Pods/RNSVG » RNSVGFilterPrimitive.mm
Build iOS and Submit to TestFlight	Build for iOS (Local on Runner)	2026-09-29T06:05:17.1088850Z [RUN_FASTLANE] › Compiling react-native-svg Pods/RNSVG » RNSVGFilterManager.mm
Build iOS and Submit to TestFlight	Build for iOS (Local on Runner)	2026-09-29T06:05:17.1163310Z [RUN_FASTLANE] › Compiling react-native-svg Pods/RNSVG » RNSVGFilter.mm
Build iOS and Submit to TestFlight	Build for iOS (Local on Runner)	2026-09-29T06:05:20.6751510Z [RUN_FASTLANE] › Compiling react-native-svg Pods/RNSVG » RNSVGFeOffsetManager.mm
Build iOS and Submit to TestFlight	Build for iOS (Local on Runner)	2026-09-29T06:05:20.6760370Z [RUN_FASTLANE] › Compiling react-native-svg Pods/RNSVG » RNSVGFeOffset.mm
Build iOS and Submit to TestFlight	Build for iOS (Local on Runner)	2026-09-29T06:05:21.6531340Z [RUN_FASTLANE] › Compiling react-native-svg Pods/RNSVG » RNSVGFeMergeManager.mm
Build iOS and Submit to TestFlight	Build for iOS (Local on Runner)	2026-09-29T06:05:23.2081200Z [RUN_FASTLANE] › Compiling react-native-svg Pods/RNSVG » RNSVGFeMerge.mm
Build iOS and Submit to TestFlight	Build for iOS (Local on Runner)	2026-09-29T06:05:25.3187100Z [RUN_FASTLANE] › Compiling react-native-svg Pods/RNSVG » RNSVGFeGaussianBlurManager.mm
Build iOS and Submit to TestFlight	Build for iOS (Local on Runner)	2026-09-29T06:05:25.3200070Z [RUN_FASTLANE] › Compiling react-native-svg Pods/RNSVG » RNSVGFeGaussianBlur.mm
Build iOS and Submit to TestFlight	Build for iOS (Local on Runner)	2026-09-29T06:05:29.1789730Z [RUN_FASTLANE] › Compiling react-native-svg Pods/RNSVG » RNSVGFeFloodManager.mm
Build iOS and Submit to TestFlight	Build for iOS (Local on Runner)	2026-09-29T06:05:29.1791140Z [RUN_FASTLANE] › Compiling react-native-svg Pods/RNSVG » RNSVGFeFlood.mm
Build iOS and Submit to TestFlight	Build for iOS (Local on Runner)	2026-09-29T06:05:30.1938620Z [RUN_FASTLANE] › Compiling react-native-svg Pods/RNSVG » RNSVGFeCompositeManager.mm
Build iOS and Submit to TestFlight	Build for iOS (Local on Runner)	2026-09-29T06:05:31.6653070Z [RUN_FASTLANE] › Compiling react-native-svg Pods/RNSVG » RNSVGFeComposite.mm
Build iOS and Submit to TestFlight	Build for iOS (Local on Runner)	2026-09-29T06:05:33.5671650Z [RUN_FASTLANE] › Compiling react-native-svg Pods/RNSVG » RNSVGFeColorMatrixManager.mm
Build iOS and Submit to TestFlight	Build for iOS (Local on Runner)	2026-09-29T06:05:33.5694890Z [RUN_FASTLANE] › Compiling react-native-svg Pods/RNSVG » RNSVGFeColorMatrix.mm
Build iOS and Submit to TestFlight	Build for iOS (Local on Runner)	2026-09-29T06:05:37.5956600Z [RUN_FASTLANE] › Compiling react-native-svg Pods/RNSVG » RNSVGFeBlendManager.mm
Build iOS and Submit to TestFlight	Build for iOS (Local on Runner)	2026-09-29T06:05:37.6077910Z [RUN_FASTLANE] › Compiling react-native-svg Pods/RNSVG » RNSVGFeBlend.mm
Build iOS and Submit to TestFlight	Build for iOS (Local on Runner)	2026-09-29T06:05:39.7501010Z [RUN_FASTLANE] › Compiling react-native-svg Pods/RNSVG » RNSVGEllipseManager.mm
Build iOS and Submit to TestFlight	Build for iOS (Local on Runner)	2026-09-29T06:05:40.8009570Z [RUN_FASTLANE] › Compiling react-native-svg Pods/RNSVG » RNSVGEllipse.mm
Build iOS and Submit to TestFlight	Build for iOS (Local on Runner)	2026-09-29T06:05:42.6855160Z [RUN_FASTLANE] › Compiling react-native-svg Pods/RNSVG » RNSVGDefsManager.mm
Build iOS and Submit to TestFlight	Build for iOS (Local on Runner)	2026-09-29T06:05:42.8178150Z [RUN_FASTLANE] › Compiling react-native-svg Pods/RNSVG » RNSVGDefs.mm
Build iOS and Submit to TestFlight	Build for iOS (Local on Runner)	2026-09-29T06:05:45.2745860Z [RUN_FASTLANE] › Compiling react-native-svg Pods/RNSVG » RNSVGCustomFilter.mm
Build iOS and Submit to TestFlight	Build for iOS (Local on Runner)	2026-09-29T06:05:45.2873830Z [RUN_FASTLANE] › Compiling react-native-svg Pods/RNSVG » RNSVGConvert.mm
Build iOS and Submit to TestFlight	Build for iOS (Local on Runner)	2026-09-29T06:05:45.8964780Z [RUN_FASTLANE] › Compiling react-native-svg Pods/RNSVG » RNSVGContextBrush.mm
Build iOS and Submit to TestFlight	Build for iOS (Local on Runner)	2026-09-29T06:05:46.1166510Z [RUN_FASTLANE] › Compiling react-native-svg Pods/RNSVG » RNSVGCompositeXor.mm
Build iOS and Submit to TestFlight	Build for iOS (Local on Runner)	2026-09-29T06:05:46.1909690Z [RUN_FASTLANE] › Compiling react-native-svg Pods/RNSVG » RNSVGClipPathManager.mm
Build iOS and Submit to TestFlight	Build for iOS (Local on Runner)	2026-09-29T06:05:48.7161400Z [RUN_FASTLANE] › Compiling react-native-svg Pods/RNSVG » RNSVGClipPath.mm
Build iOS and Submit to TestFlight	Build for iOS (Local on Runner)	2026-09-29T06:05:51.1896600Z [RUN_FASTLANE] › Compiling react-native-svg Pods/RNSVG » RNSVGCircleManager.mm
Build iOS and Submit to TestFlight	Build for iOS (Local on Runner)	2026-09-29T06:05:51.1911360Z [RUN_FASTLANE] › Compiling react-native-svg Pods/RNSVG » RNSVGCircle.mm
Build iOS and Submit to TestFlight	Build for iOS (Local on Runner)	2026-09-29T06:05:54.0336880Z [RUN_FASTLANE] › Compiling react-native-svg Pods/RNSVG » RNSVGBrush.mm
Build iOS and Submit to TestFlight	Build for iOS (Local on Runner)	2026-09-29T06:05:54.0345380Z [RUN_FASTLANE] › Compiling react-native-svg Pods/RNSVG » RNSVGBezierElement.mm
Build iOS and Submit to TestFlight	Build for iOS (Local on Runner)	2026-09-29T06:05:54.4584440Z [RUN_FASTLANE] › Compiling react-native-svg Pods/RNSVG » RNSVGArithmeticFilter.mm
Build iOS and Submit to TestFlight	Build for iOS (Local on Runner)	2026-09-29T06:05:54.4591430Z [RUN_FASTLANE] › Compiling react-native-svg Pods/RNSVG » RCTConvert+RNSVG.mm
Build iOS and Submit to TestFlight	Build for iOS (Local on Runner)	2026-09-29T06:05:56.4314890Z [RUN_FASTLANE] › Compiling react-native-screens Pods/RNScreens » UIWindow+RNScreens.mm
Build iOS and Submit to TestFlight	Build for iOS (Local on Runner)	2026-09-29T06:05:59.3052390Z [RUN_FASTLANE] › Compiling react-native-screens Pods/RNScreens » UIViewController+RNScreens.mm
Build iOS and Submit to TestFlight	Build for iOS (Local on Runner)	2026-09-29T06:06:00.0461260Z [RUN_FASTLANE] › Compiling react-native-screens Pods/RNScreens » UIView+RNSUtility.mm
Build iOS and Submit to TestFlight	Build for iOS (Local on Runner)	2026-09-29T06:06:00.0504870Z [RUN_FASTLANE] › Compiling react-native-screens Pods/RNScreens » UIScrollView+RNScreens.mm
Build iOS and Submit to TestFlight	Build for iOS (Local on Runner)	2026-09-29T06:06:00.4345910Z [RUN_FASTLANE] › Compiling react-native-screens Pods/RNScreens » UINavigationBar+RNSUtility.mm
Build iOS and Submit to TestFlight	Build for iOS (Local on Runner)	2026-09-29T06:06:00.4600820Z [RUN_FASTLANE] › Compiling react-native-screens Pods/RNScreens » RNScreensTurboModule.cpp
Build iOS and Submit to TestFlight	Build for iOS (Local on Runner)	2026-09-29T06:06:01.6265010Z [RUN_FASTLANE] › Compiling react-native-screens Pods/RNScreens » RNSTabsScreenViewController.mm
Build iOS and Submit to TestFlight	Build for iOS (Local on Runner)	2026-09-29T06:06:04.4581380Z [RUN_FASTLANE] › Compiling react-native-screens Pods/RNScreens » RNSTabsScreenEventEmitter.mm
Build iOS and Submit to TestFlight	Build for iOS (Local on Runner)	2026-09-29T06:06:04.4628450Z [RUN_FASTLANE] › Compiling react-native-screens Pods/RNScreens » RNSTabsScreenComponentView.mm
Build iOS and Submit to TestFlight	Build for iOS (Local on Runner)	2026-09-29T06:06:08.0351130Z [RUN_FASTLANE] › Compiling react-native-screens Pods/RNScreens » RNSTabsNavigationStateObserverRegistry.mm
Build iOS and Submit to TestFlight	Build for iOS (Local on Runner)	2026-09-29T06:06:08.6272380Z [RUN_FASTLANE] › Compiling react-native-screens Pods/RNScreens » RNSTabsNavigationState.mm
Build iOS and Submit to TestFlight	Build for iOS (Local on Runner)	2026-09-29T06:06:08.6374250Z [RUN_FASTLANE] › Compiling react-native-screens Pods/RNScreens » RNSTabsHostState.cpp
Build iOS and Submit to TestFlight	Build for iOS (Local on Runner)	2026-09-29T06:06:09.1097530Z [RUN_FASTLANE] › Compiling react-native-screens Pods/RNScreens » RNSTabsHostShadowNode.cpp
Build iOS and Submit to TestFlight	Build for iOS (Local on Runner)	2026-09-29T06:06:11.8234470Z [RUN_FASTLANE] › Compiling react-native-screens Pods/RNScreens » RNSTabsHostEventEmitter.mm
Build iOS and Submit to TestFlight	Build for iOS (Local on Runner)	2026-09-29T06:06:13.2565150Z [RUN_FASTLANE] › Compiling react-native-screens Pods/RNScreens » RNSTabsHostComponentView.mm
Build iOS and Submit to TestFlight	Build for iOS (Local on Runner)	2026-09-29T06:06:14.9465490Z [RUN_FASTLANE] › Compiling react-native-screens Pods/RNScreens » RNSTabsHostComponentView+RNSImageLoader.mm
Build iOS and Submit to TestFlight	Build for iOS (Local on Runner)	2026-09-29T06:06:17.1488340Z [RUN_FASTLANE] › Compiling react-native-screens Pods/RNScreens » RNSTabsBottomAccessoryShadowStateProxy.mm
Build iOS and Submit to TestFlight	Build for iOS (Local on Runner)	2026-09-29T06:06:18.0491200Z [RUN_FASTLANE] › Compiling react-native-screens Pods/RNScreens » RNSTabsBottomAccessoryShadowNode.cpp
Build iOS and Submit to TestFlight	Build for iOS (Local on Runner)	2026-09-29T06:06:18.4185970Z [RUN_FASTLANE] › Compiling react-native-screens Pods/RNScreens » RNSTabsBottomAccessoryHelper.mm
Build iOS and Submit to TestFlight	Build for iOS (Local on Runner)	2026-09-29T06:06:21.8009110Z [RUN_FASTLANE] › Compiling react-native-screens Pods/RNScreens » RNSTabsBottomAccessoryEventEmitter.mm
Build iOS and Submit to TestFlight	Build for iOS (Local on Runner)	2026-09-29T06:06:21.8229450Z [RUN_FASTLANE] › Compiling react-native-screens Pods/RNScreens » RNSTabsBottomAccessoryContentComponentView.mm
Build iOS and Submit to TestFlight	Build for iOS (Local on Runner)	2026-09-29T06:06:22.8707680Z [RUN_FASTLANE] › Compiling react-native-screens Pods/RNScreens » RNSTabsBottomAccessoryComponentView.mm
Build iOS and Submit to TestFlight	Build for iOS (Local on Runner)	2026-09-29T06:06:27.5086050Z [RUN_FASTLANE] › Compiling react-native-screens Pods/RNScreens » RNSTabBarController.mm
Build iOS and Submit to TestFlight	Build for iOS (Local on Runner)	2026-09-29T06:06:27.5188830Z [RUN_FASTLANE] › Compiling react-native-screens Pods/RNScreens » RNSTabBarAppearanceCoordinator.mm
Build iOS and Submit to TestFlight	Build for iOS (Local on Runner)	2026-09-29T06:06:27.5291220Z [RUN_FASTLANE] › Compiling react-native-screens Pods/RNScreens » RNSStackScreenState.cpp
Build iOS and Submit to TestFlight	Build for iOS (Local on Runner)	2026-09-29T06:06:27.5394040Z [RUN_FASTLANE] › Compiling react-native-screens Pods/RNScreens » RNSStackScreenShadowNode.cpp
Build iOS and Submit to TestFlight	Build for iOS (Local on Runner)	2026-09-29T06:06:29.4551500Z [RUN_FASTLANE] › Compiling react-native-screens Pods/RNScreens » RNSStackHeaderSubviewState.cpp
Build iOS and Submit to TestFlight	Build for iOS (Local on Runner)	2026-09-29T06:06:29.4653670Z [RUN_FASTLANE] › Compiling react-native-screens Pods/RNScreens » RNSStackHeaderSubviewShadowNode.cpp
Build iOS and Submit to TestFlight	Build for iOS (Local on Runner)	2026-09-29T06:06:30.0448240Z [RUN_FASTLANE] › Compiling react-native-screens Pods/RNScreens » RNSStackHeaderItemState.cpp
Build iOS and Submit to TestFlight	Build for iOS (Local on Runner)	2026-09-29T06:06:30.0560490Z [RUN_FASTLANE] › Compiling react-native-screens Pods/RNScreens » RNSStackHeaderItemShadowNode.cpp
Build iOS and Submit to TestFlight	Build for iOS (Local on Runner)	2026-09-29T06:06:32.1729500Z [RUN_FASTLANE] › Compiling react-native-screens Pods/RNScreens » RNSStackHeaderConfigState.cpp
Build iOS and Submit to TestFlight	Build for iOS (Local on Runner)	2026-09-29T06:06:32.1832480Z [RUN_FASTLANE] › Compiling react-native-screens Pods/RNScreens » RNSStackHeaderConfigShadowNode.cpp
Build iOS and Submit to TestFlight	Build for iOS (Local on Runner)	2026-09-29T06:06:33.0017500Z [RUN_FASTLANE] › Compiling react-native-screens Pods/RNScreens » RNSSplitScreenShadowNode.cpp
Build iOS and Submit to TestFlight	Build for iOS (Local on Runner)	2026-09-29T06:06:34.8743960Z [RUN_FASTLANE] › Compiling react-native-screens Pods/RNScreens » RNSSearchBar.mm
Build iOS and Submit to TestFlight	Build for iOS (Local on Runner)	2026-09-29T06:06:37.2923660Z [RUN_FASTLANE] › Compiling react-native-screens Pods/RNScreens » RNSScrollViewHelper.mm
Build iOS and Submit to TestFlight	Build for iOS (Local on Runner)	2026-09-29T06:06:37.3004170Z [RUN_FASTLANE] › Compiling react-native-screens Pods/RNScreens » RNSScrollViewFinder.mm
Build iOS and Submit to TestFlight	Build for iOS (Local on Runner)	2026-09-29T06:06:37.3006650Z [RUN_FASTLANE] › Compiling react-native-screens Pods/RNScreens » RNSScrollEdgeEffectApplicator.mm
Build iOS and Submit to TestFlight	Build for iOS (Local on Runner)	2026-09-29T06:06:37.3007620Z [RUN_FASTLANE] › Compiling react-native-screens Pods/RNScreens » RNSScreenWindowTraits.mm
Build iOS and Submit to TestFlight	Build for iOS (Local on Runner)	2026-09-29T06:06:37.9007150Z [RUN_FASTLANE] › Compiling react-native-screens Pods/RNScreens » RNSScreenViewEvent.mm
Build iOS and Submit to TestFlight	Build for iOS (Local on Runner)	2026-09-29T06:06:37.9111410Z [RUN_FASTLANE] › Compiling react-native-screens Pods/RNScreens » RNSScreenState.cpp
Build iOS and Submit to TestFlight	Build for iOS (Local on Runner)	2026-09-29T06:06:39.2628020Z [RUN_FASTLANE] › Compiling react-native-screens Pods/RNScreens » RNSScreenStackHeaderSubviewState.cpp
Build iOS and Submit to TestFlight	Build for iOS (Local on Runner)	2026-09-29T06:06:39.9542940Z [RUN_FASTLANE] › Compiling react-native-screens Pods/RNScreens » RNSScreenStackHeaderSubviewShadowNode.cpp
Build iOS and Submit to TestFlight	Build for iOS (Local on Runner)	2026-09-29T06:06:41.0145210Z [RUN_FASTLANE] › Compiling react-native-screens Pods/RNScreens » RNSScreenStackHeaderSubview.mm
Build iOS and Submit to TestFlight	Build for iOS (Local on Runner)	2026-09-29T06:06:43.4265860Z [RUN_FASTLANE] › Compiling react-native-screens Pods/RNScreens » RNSScreenStackHeaderConfigState.cpp
Build iOS and Submit to TestFlight	Build for iOS (Local on Runner)	2026-09-29T06:06:43.4366140Z [RUN_FASTLANE] › Compiling react-native-screens Pods/RNScreens » RNSScreenStackHeaderConfigShadowNode.cpp
Build iOS and Submit to TestFlight	Build for iOS (Local on Runner)	2026-09-29T06:06:43.8564600Z [RUN_FASTLANE] › Compiling react-native-screens Pods/RNScreens » RNSScreenStackHeaderConfig.mm
Build iOS and Submit to TestFlight	Build for iOS (Local on Runner)	2026-09-29T06:06:47.0554570Z [RUN_FASTLANE] › Compiling react-native-screens Pods/RNScreens » RNSScreenStackAnimator.mm
Build iOS and Submit to TestFlight	Build for iOS (Local on Runner)	2026-09-29T06:06:47.0691950Z [RUN_FASTLANE] › Compiling react-native-screens Pods/RNScreens » RNSScreenStack.mm
Build iOS and Submit to TestFlight	Build for iOS (Local on Runner)	2026-09-29T06:06:48.3651070Z [RUN_FASTLANE] › Compiling react-native-screens Pods/RNScreens » RNSScreenShadowNodeCommitHook.cpp
Build iOS and Submit to TestFlight	Build for iOS (Local on Runner)	2026-09-29T06:06:48.3753210Z [RUN_FASTLANE] › Compiling react-native-screens Pods/RNScreens » RNSScreenShadowNode.cpp
Build iOS and Submit to TestFlight	Build for iOS (Local on Runner)	2026-09-29T06:06:50.7596140Z [RUN_FASTLANE] › Compiling react-native-screens Pods/RNScreens » RNSScreenRemovalListener.cpp
Build iOS and Submit to TestFlight	Build for iOS (Local on Runner)	2026-09-29T06:06:50.7714750Z [RUN_FASTLANE] › Compiling react-native-screens Pods/RNScreens » RNSScreenNavigationContainer.mm
Build iOS and Submit to TestFlight	Build for iOS (Local on Runner)	2026-09-29T06:06:54.0192180Z [RUN_FASTLANE] › Compiling react-native-screens Pods/RNScreens » RNSScreenFooter.mm
Build iOS and Submit to TestFlight	Build for iOS (Local on Runner)	2026-09-29T06:06:54.4268480Z [RUN_FASTLANE] › Compiling react-native-screens Pods/RNScreens » RNSScreenContentWrapper.mm
Build iOS and Submit to TestFlight	Build for iOS (Local on Runner)	2026-09-29T06:06:56.5995350Z [RUN_FASTLANE] › Compiling react-native-screens Pods/RNScreens » RNSScreenContainer.mm
Build iOS and Submit to TestFlight	Build for iOS (Local on Runner)	2026-09-29T06:06:59.1666920Z [RUN_FASTLANE] › Compiling react-native-screens Pods/RNScreens » RNSScreen.mm
Build iOS and Submit to TestFlight	Build for iOS (Local on Runner)	2026-09-29T06:06:59.6162470Z [RUN_FASTLANE] › Compiling react-native-screens Pods/RNScreens » RNSSafeAreaViewState.cpp
Build iOS and Submit to TestFlight	Build for iOS (Local on Runner)	2026-09-29T06:06:59.6271470Z [RUN_FASTLANE] › Compiling react-native-screens Pods/RNScreens » RNSSafeAreaViewShadowNode.cpp
Build iOS and Submit to TestFlight	Build for iOS (Local on Runner)	2026-09-29T06:07:04.3719910Z [RUN_FASTLANE] › Compiling react-native-screens Pods/RNScreens » RNSSafeAreaViewComponentView.mm
Build iOS and Submit to TestFlight	Build for iOS (Local on Runner)	2026-09-29T06:07:04.8807790Z [RUN_FASTLANE] › Compiling react-native-screens Pods/RNScreens » RNSReactBaseView.mm
Build iOS and Submit to TestFlight	Build for iOS (Local on Runner)	2026-09-29T06:07:04.8832510Z [RUN_FASTLANE] › Compiling react-native-screens Pods/RNScreens » RNSPercentDrivenInteractiveTransition.mm
Build iOS and Submit to TestFlight	Build for iOS (Local on Runner)	2026-09-29T06:07:06.9670150Z [RUN_FASTLANE] › Compiling react-native-screens Pods/RNScreens » RNSParentContainerItemRegistry.mm
Build iOS and Submit to TestFlight	Build for iOS (Local on Runner)	2026-09-29T06:07:06.9774020Z [RUN_FASTLANE] › Compiling react-native-screens Pods/RNScreens » RNSModule.mm
Build iOS and Submit to TestFlight	Build for iOS (Local on Runner)	2026-09-29T06:07:08.1590140Z [RUN_FASTLANE] › Compiling react-native-screens Pods/RNScreens » RNSModalScreenShadowNode.cpp
Build iOS and Submit to TestFlight	Build for iOS (Local on Runner)	2026-09-29T06:07:08.4038620Z [RUN_FASTLANE] › Compiling react-native-screens Pods/RNScreens » RNSModalScreen.mm
Build iOS and Submit to TestFlight	Build for iOS (Local on Runner)	2026-09-29T06:07:11.6378520Z [RUN_FASTLANE] › Compiling react-native-screens Pods/RNScreens » RNSImageLoadingHelper.mm
Build iOS and Submit to TestFlight	Build for iOS (Local on Runner)	2026-09-29T06:07:11.6483300Z [RUN_FASTLANE] › Compiling react-native-screens Pods/RNScreens » RNSHeaderHeightChangeEvent.mm
Build iOS and Submit to TestFlight	Build for iOS (Local on Runner)	2026-09-29T06:07:11.6586500Z [RUN_FASTLANE] › Compiling react-native-screens Pods/RNScreens » RNSGammaStubs.mm
Build iOS and Submit to TestFlight	Build for iOS (Local on Runner)	2026-09-29T06:07:11.6692430Z [RUN_FASTLANE] › Compiling react-native-screens Pods/RNScreens » RNSFullWindowOverlayShadowNode.cpp
Build iOS and Submit to TestFlight	Build for iOS (Local on Runner)	2026-09-29T06:07:11.8976000Z [RUN_FASTLANE] › Compiling react-native-screens Pods/RNScreens » RNSFullWindowOverlay.mm
Build iOS and Submit to TestFlight	Build for iOS (Local on Runner)	2026-09-29T06:07:14.3042890Z [RUN_FASTLANE] › Compiling react-native-screens Pods/RNScreens » RNSFormSheetHostState.cpp
Build iOS and Submit to TestFlight	Build for iOS (Local on Runner)	2026-09-29T06:07:14.3096840Z [RUN_FASTLANE] › Compiling react-native-screens Pods/RNScreens » RNSFormSheetHostShadowNode.cpp
Build iOS and Submit to TestFlight	Build for iOS (Local on Runner)	2026-09-29T06:07:15.5849180Z [RUN_FASTLANE] › Compiling react-native-screens Pods/RNScreens » RNSConvert.mm
Build iOS and Submit to TestFlight	Build for iOS (Local on Runner)	2026-09-29T06:07:18.3556890Z [RUN_FASTLANE] › Compiling react-native-screens Pods/RNScreens » RNSConversions.mm
Build iOS and Submit to TestFlight	Build for iOS (Local on Runner)	2026-09-29T06:07:21.1117980Z [RUN_FASTLANE] › Compiling react-native-screens Pods/RNScreens » RNSConversions-Tabs.mm
Build iOS and Submit to TestFlight	Build for iOS (Local on Runner)	2026-09-29T06:07:22.0108730Z [RUN_FASTLANE] › Compiling react-native-screens Pods/RNScreens » RNSConversions-Stack.mm
Build iOS and Submit to TestFlight	Build for iOS (Local on Runner)	2026-09-29T06:07:22.0211440Z [RUN_FASTLANE] › Compiling react-native-screens Pods/RNScreens » RNSConversions-SplitView.mm
Build iOS and Submit to TestFlight	Build for iOS (Local on Runner)	2026-09-29T06:07:24.6105340Z [RUN_FASTLANE] › Compiling react-native-screens Pods/RNScreens » RNSConversions-ScrollViewMarker.mm
Build iOS and Submit to TestFlight	Build for iOS (Local on Runner)	2026-09-29T06:07:24.6124910Z [RUN_FASTLANE] › Compiling react-native-screens Pods/RNScreens » RNSConversions-Fabric.mm
Build iOS and Submit to TestFlight	Build for iOS (Local on Runner)	2026-09-29T06:07:25.7717770Z [RUN_FASTLANE] › Compiling react-native-screens Pods/RNScreens » RNSContainerItemSupport.mm
Build iOS and Submit to TestFlight	Build for iOS (Local on Runner)	2026-09-29T06:07:25.7822910Z [RUN_FASTLANE] › Compiling react-native-screens Pods/RNScreens » RNSContainerHelpers.mm
Build iOS and Submit to TestFlight	Build for iOS (Local on Runner)	2026-09-29T06:07:25.7925160Z [RUN_FASTLANE] › Compiling react-native-screens Pods/RNScreens » RNSBarButtonItem.mm
Build iOS and Submit to TestFlight	Build for iOS (Local on Runner)	2026-09-29T06:07:25.8030030Z [RUN_FASTLANE] › Compiling react-native-screens Pods/RNScreens » RNSBackBarButtonItem.mm
Build iOS and Submit to TestFlight	Build for iOS (Local on Runner)	2026-09-29T06:07:25.8134200Z [RUN_FASTLANE] › Compiling react-native-screens Pods/RNScreens » RCTSurfaceTouchHandler+RNSUtility.mm
Build iOS and Submit to TestFlight	Build for iOS (Local on Runner)	2026-09-29T06:07:25.8240300Z [RUN_FASTLANE] › Compiling react-native-screens Pods/RNScreens » RCTImageComponentView+RNSScreenStackHeaderConfig.mm
Build iOS and Submit to TestFlight	Build for iOS (Local on Runner)	2026-09-29T06:07:29.1455600Z [RUN_FASTLANE] › Compiling react-native-screens Pods/RNScreens » RCTConvert+RNSTabs.mm
Build iOS and Submit to TestFlight	Build for iOS (Local on Runner)	2026-09-29T06:07:29.1576520Z [RUN_FASTLANE] › Compiling react-native-screens Pods/RNScreens » NSString+RNSUtility.mm
Build iOS and Submit to TestFlight	Build for iOS (Local on Runner)	2026-09-29T06:07:29.1581250Z [RUN_FASTLANE] › Compiling @expo/log-box Pods/ExpoLogBox » ExpoLogBox-dummy.m
Build iOS and Submit to TestFlight	Build for iOS (Local on Runner)	2026-09-29T06:07:29.1582330Z [RUN_FASTLANE] › Packaging @expo/log-box Pods/ExpoLogBox » libExpoLogBox.a
Build iOS and Submit to TestFlight	Build for iOS (Local on Runner)	2026-09-29T06:07:29.1583780Z [RUN_FASTLANE] › Compiling react-native-screens Pods/RNScreens » RNScreens-dummy.m
Build iOS and Submit to TestFlight	Build for iOS (Local on Runner)	2026-09-29T06:07:29.1584900Z [RUN_FASTLANE] › Executing @expo/log-box Pods/ExpoLogBox » Copy generated compatibility header
Build iOS and Submit to TestFlight	Build for iOS (Local on Runner)	2026-09-29T06:07:29.1587250Z [RUN_FASTLANE] › Compiling react-native-reanimated Pods/RNReanimated » vectors.cpp
Build iOS and Submit to TestFlight	Build for iOS (Local on Runner)	2026-09-29T06:07:29.1588100Z [RUN_FASTLANE] › Compiling react-native-reanimated Pods/RNReanimated » translate.cpp
Build iOS and Submit to TestFlight	Build for iOS (Local on Runner)	2026-09-29T06:07:32.2573490Z [RUN_FASTLANE] › Compiling react-native-svg Pods/RNSVG » RNSVG-dummy.m
Build iOS and Submit to TestFlight	Build for iOS (Local on Runner)	2026-09-29T06:07:32.2679990Z [RUN_FASTLANE] › Compiling react-native-reanimated Pods/RNReanimated » steps.cpp
Build iOS and Submit to TestFlight	Build for iOS (Local on Runner)	2026-09-29T06:07:32.2783140Z [RUN_FASTLANE] › Packaging react-native-svg Pods/RNSVG » libRNSVG.a
Build iOS and Submit to TestFlight	Build for iOS (Local on Runner)	2026-09-29T06:07:32.2886930Z [RUN_FASTLANE] › Packaging react-native-screens Pods/RNScreens » libRNScreens.a
Build iOS and Submit to TestFlight	Build for iOS (Local on Runner)	2026-09-29T06:07:32.2989880Z [RUN_FASTLANE] › Compiling react-native-reanimated Pods/RNReanimated » skew.cpp
Build iOS and Submit to TestFlight	Build for iOS (Local on Runner)	2026-09-29T06:07:33.0351170Z [RUN_FASTLANE] › Compiling react-native-reanimated Pods/RNReanimated » scale.cpp
Build iOS and Submit to TestFlight	Build for iOS (Local on Runner)	2026-09-29T06:07:33.9440980Z [RUN_FASTLANE] › Compiling react-native-reanimated Pods/RNReanimated » rotate.cpp
Build iOS and Submit to TestFlight	Build for iOS (Local on Runner)	2026-09-29T06:07:35.1663370Z [RUN_FASTLANE] › Compiling react-native-reanimated Pods/RNReanimated » props.cpp
Build iOS and Submit to TestFlight	Build for iOS (Local on Runner)	2026-09-29T06:07:35.6731580Z [RUN_FASTLANE] › Compiling react-native-reanimated Pods/RNReanimated » platform.cpp
Build iOS and Submit to TestFlight	Build for iOS (Local on Runner)	2026-09-29T06:07:35.6834300Z [RUN_FASTLANE] › Compiling react-native-reanimated Pods/RNReanimated » perspective.cpp
Build iOS and Submit to TestFlight	Build for iOS (Local on Runner)	2026-09-29T06:07:37.6663300Z [RUN_FASTLANE] › Compiling react-native-reanimated Pods/RNReanimated » matrix.cpp
Build iOS and Submit to TestFlight	Build for iOS (Local on Runner)	2026-09-29T06:07:38.8794160Z [RUN_FASTLANE] › Compiling react-native-reanimated Pods/RNReanimated » linear.cpp
Build iOS and Submit to TestFlight	Build for iOS (Local on Runner)	2026-09-29T06:07:38.8933430Z [RUN_FASTLANE] › Compiling react-native-reanimated Pods/RNReanimated » interpolators.cpp
Build iOS and Submit to TestFlight	Build for iOS (Local on Runner)	2026-09-29T06:07:40.2889090Z [RUN_FASTLANE] › Compiling react-native-reanimated Pods/RNReanimated » cubicBezier.cpp
Build iOS and Submit to TestFlight	Build for iOS (Local on Runner)	2026-09-29T06:07:40.2991030Z [RUN_FASTLANE] › Compiling react-native-reanimated Pods/RNReanimated » common.cpp
Build iOS and Submit to TestFlight	Build for iOS (Local on Runner)	2026-09-29T06:07:40.7211320Z [RUN_FASTLANE] › Compiling react-native-reanimated Pods/RNReanimated » algorithms.cpp
Build iOS and Submit to TestFlight	Build for iOS (Local on Runner)	2026-09-29T06:07:40.7313980Z [RUN_FASTLANE] › Compiling react-native-reanimated Pods/RNReanimated » ViewStylesRepository.cpp
Build iOS and Submit to TestFlight	Build for iOS (Local on Runner)	2026-09-29T06:07:43.3902900Z [RUN_FASTLANE] › Compiling react-native-reanimated Pods/RNReanimated » ValueInterpolator.cpp
Build iOS and Submit to TestFlight	Build for iOS (Local on Runner)	2026-09-29T06:07:43.4303070Z [RUN_FASTLANE] › Compiling react-native-reanimated Pods/RNReanimated » UpdatesRegistryManager.cpp
Build iOS and Submit to TestFlight	Build for iOS (Local on Runner)	2026-09-29T06:07:43.8396220Z [RUN_FASTLANE] › Compiling react-native-reanimated Pods/RNReanimated » UpdatesRegistry.cpp
Build iOS and Submit to TestFlight	Build for iOS (Local on Runner)	2026-09-29T06:07:47.1520870Z [RUN_FASTLANE] › Compiling react-native-reanimated Pods/RNReanimated » UIRuntimeDecorator.cpp
Build iOS and Submit to TestFlight	Build for iOS (Local on Runner)	2026-09-29T06:07:47.1623950Z [RUN_FASTLANE] › Compiling react-native-reanimated Pods/RNReanimated » UIEventHandlerRegistry.cpp
Build iOS and Submit to TestFlight	Build for iOS (Local on Runner)	2026-09-29T06:07:47.1725920Z [RUN_FASTLANE] › Compiling react-native-reanimated Pods/RNReanimated » UIEventHandler.cpp
Build iOS and Submit to TestFlight	Build for iOS (Local on Runner)	2026-09-29T06:07:47.1826780Z [RUN_FASTLANE] › Compiling react-native-reanimated Pods/RNReanimated » TransitionStyleInterpolator.cpp
Build iOS and Submit to TestFlight	Build for iOS (Local on Runner)	2026-09-29T06:07:48.5231990Z [RUN_FASTLANE] › Compiling react-native-reanimated Pods/RNReanimated » TransitionProgressProvider.cpp
Build iOS and Submit to TestFlight	Build for iOS (Local on Runner)	2026-09-29T06:07:48.5354210Z [RUN_FASTLANE] › Compiling react-native-reanimated Pods/RNReanimated » TransformsStyleInterpolator.cpp
Build iOS and Submit to TestFlight	Build for iOS (Local on Runner)	2026-09-29T06:07:49.8247980Z [RUN_FASTLANE] › Compiling react-native-reanimated Pods/RNReanimated » TransformOperationInterpolator.cpp
Build iOS and Submit to TestFlight	Build for iOS (Local on Runner)	2026-09-29T06:07:51.7968260Z [RUN_FASTLANE] › Compiling react-native-reanimated Pods/RNReanimated » TransformOperation.cpp
Build iOS and Submit to TestFlight	Build for iOS (Local on Runner)	2026-09-29T06:07:51.9237370Z [RUN_FASTLANE] › Compiling react-native-reanimated Pods/RNReanimated » TransformOp.cpp
Build iOS and Submit to TestFlight	Build for iOS (Local on Runner)	2026-09-29T06:07:51.9342840Z [RUN_FASTLANE] › Compiling react-native-reanimated Pods/RNReanimated » TransformMatrix3D.cpp
Build iOS and Submit to TestFlight	Build for iOS (Local on Runner)	2026-09-29T06:07:53.6031260Z [RUN_FASTLANE] › Compiling react-native-reanimated Pods/RNReanimated » TransformMatrix2D.cpp
Build iOS and Submit to TestFlight	Build for iOS (Local on Runner)	2026-09-29T06:07:53.6133330Z [RUN_FASTLANE] › Compiling react-native-reanimated Pods/RNReanimated » TransformMatrix.cpp
Build iOS and Submit to TestFlight	Build for iOS (Local on Runner)	2026-09-29T06:07:53.6235360Z [RUN_FASTLANE] › Compiling react-native-reanimated Pods/RNReanimated » SynchronousPropsBufferSerializer.cpp
Build iOS and Submit to TestFlight	Build for iOS (Local on Runner)	2026-09-29T06:07:53.6337770Z [RUN_FASTLANE] › Compiling react-native-reanimated Pods/RNReanimated » StyleOperationInterpolator.cpp
Build iOS and Submit to TestFlight	Build for iOS (Local on Runner)	2026-09-29T06:07:55.4826590Z [RUN_FASTLANE] › Compiling react-native-reanimated Pods/RNReanimated » StyleOperation.cpp
Build iOS and Submit to TestFlight	Build for iOS (Local on Runner)	2026-09-29T06:07:55.5010660Z [RUN_FASTLANE] › Compiling react-native-reanimated Pods/RNReanimated » StaticPropsRegistry.cpp
Build iOS and Submit to TestFlight	Build for iOS (Local on Runner)	2026-09-29T06:07:55.8246150Z [RUN_FASTLANE] › Compiling react-native-reanimated Pods/RNReanimated » SimpleValueInterpolator.cpp
Build iOS and Submit to TestFlight	Build for iOS (Local on Runner)	2026-09-29T06:07:59.0531720Z [RUN_FASTLANE] › Compiling react-native-reanimated Pods/RNReanimated » SharedTransitions.cpp
Build iOS and Submit to TestFlight	Build for iOS (Local on Runner)	2026-09-29T06:07:59.5770400Z [RUN_FASTLANE] › Compiling react-native-reanimated Pods/RNReanimated » ShadowTreeCloner.cpp
Build iOS and Submit to TestFlight	Build for iOS (Local on Runner)	2026-09-29T06:07:59.5895100Z [RUN_FASTLANE] › Compiling react-native-reanimated Pods/RNReanimated » SetGestureState.mm
Build iOS and Submit to TestFlight	Build for iOS (Local on Runner)	2026-09-29T06:07:59.5959510Z [RUN_FASTLANE] › Compiling react-native-reanimated Pods/RNReanimated » SVGStrokeDashArray.cpp
Build iOS and Submit to TestFlight	Build for iOS (Local on Runner)	2026-09-29T06:08:02.0715420Z [RUN_FASTLANE] › Compiling react-native-reanimated Pods/RNReanimated » SVGStops.cpp
Build iOS and Submit to TestFlight	Build for iOS (Local on Runner)	2026-09-29T06:08:02.4234860Z [RUN_FASTLANE] › Compiling react-native-reanimated Pods/RNReanimated » SVGPath.cpp
Build iOS and Submit to TestFlight	Build for iOS (Local on Runner)	2026-09-29T06:08:04.0069150Z [RUN_FASTLANE] › Compiling react-native-reanimated Pods/RNReanimated » SVGBrush.cpp
Build iOS and Submit to TestFlight	Build for iOS (Local on Runner)	2026-09-29T06:08:04.9985840Z [RUN_FASTLANE] › Compiling react-native-reanimated Pods/RNReanimated » ResolvableValueInterpolator.cpp
Build iOS and Submit to TestFlight	Build for iOS (Local on Runner)	2026-09-29T06:08:05.2100110Z [RUN_FASTLANE] › Compiling react-native-reanimated Pods/RNReanimated » RecordPropertiesInterpolator.cpp
Build iOS and Submit to TestFlight	Build for iOS (Local on Runner)	2026-09-29T06:08:06.5199110Z [RUN_FASTLANE] › Compiling react-native-reanimated Pods/RNReanimated » ReanimatedVersion.cpp
Build iOS and Submit to TestFlight	Build for iOS (Local on Runner)	2026-09-29T06:08:06.5301570Z [RUN_FASTLANE] › Compiling react-native-reanimated Pods/RNReanimated » ReanimatedMountHook.cpp
Build iOS and Submit to TestFlight	Build for iOS (Local on Runner)	2026-09-29T06:08:07.4439800Z [RUN_FASTLANE] › Compiling react-native-reanimated Pods/RNReanimated » ReanimatedModuleProxy.cpp
Build iOS and Submit to TestFlight	Build for iOS (Local on Runner)	2026-09-29T06:08:11.4987060Z [RUN_FASTLANE] › Compiling react-native-reanimated Pods/RNReanimated » ReanimatedModule.mm
Build iOS and Submit to TestFlight	Build for iOS (Local on Runner)	2026-09-29T06:08:11.4990310Z [RUN_FASTLANE] › Compiling react-native-reanimated Pods/RNReanimated » ReanimatedCommitHook.cpp
Build iOS and Submit to TestFlight	Build for iOS (Local on Runner)	2026-09-29T06:08:11.4991340Z [RUN_FASTLANE] › Compiling react-native-reanimated Pods/RNReanimated » RawProgressProvider.cpp
Build iOS and Submit to TestFlight	Build for iOS (Local on Runner)	2026-09-29T06:08:11.5005470Z [RUN_FASTLANE] › Compiling react-native-reanimated Pods/RNReanimated » RNRuntimeDecorator.cpp
Build iOS and Submit to TestFlight	Build for iOS (Local on Runner)	2026-09-29T06:08:13.6516890Z [RUN_FASTLANE] › Compiling react-native-reanimated Pods/RNReanimated » REASlowAnimations.mm
Build iOS and Submit to TestFlight	Build for iOS (Local on Runner)	2026-09-29T06:08:13.6618460Z [RUN_FASTLANE] › Compiling react-native-reanimated Pods/RNReanimated » REASharedTransitionBoundaryView.mm
Build iOS and Submit to TestFlight	Build for iOS (Local on Runner)	2026-09-29T06:08:15.2383490Z [RUN_FASTLANE] › Compiling react-native-reanimated Pods/RNReanimated » REASharedTransitionBoundaryShadowNode.cpp
Build iOS and Submit to TestFlight	Build for iOS (Local on Runner)	2026-09-29T06:08:15.2468160Z [RUN_FASTLANE] › Compiling react-native-reanimated Pods/RNReanimated » REAPseudoSelectorObserver.mm
Build iOS and Submit to TestFlight	Build for iOS (Local on Runner)	2026-09-29T06:08:15.6426820Z [RUN_FASTLANE] › Compiling react-native-reanimated Pods/RNReanimated » REAPseudoSelectorAttachQueue.mm
Build iOS and Submit to TestFlight	Build for iOS (Local on Runner)	2026-09-29T06:08:17.4351350Z [RUN_FASTLANE] › Compiling react-native-reanimated Pods/RNReanimated » REANodesManager.mm
Build iOS and Submit to TestFlight	Build for iOS (Local on Runner)	2026-09-29T06:08:18.3200040Z [RUN_FASTLANE] › Compiling react-native-reanimated Pods/RNReanimated » REAKeyboardEventObserver.mm
Build iOS and Submit to TestFlight	Build for iOS (Local on Runner)	2026-09-29T06:08:18.3201310Z [RUN_FASTLANE] › Compiling react-native-reanimated Pods/RNReanimated » REACSSPlatformTransitions.mm
Build iOS and Submit to TestFlight	Build for iOS (Local on Runner)	2026-09-29T06:08:19.9108300Z [RUN_FASTLANE] › Compiling react-native-reanimated Pods/RNReanimated » REACSSPlatformProps.mm
Build iOS and Submit to TestFlight	Build for iOS (Local on Runner)	2026-09-29T06:08:19.9213920Z [RUN_FASTLANE] › Compiling react-native-reanimated Pods/RNReanimated » Quaternion.cpp
Build iOS and Submit to TestFlight	Build for iOS (Local on Runner)	2026-09-29T06:08:19.9262260Z [RUN_FASTLANE] › Compiling react-native-reanimated Pods/RNReanimated » PseudoStylesRegistry.cpp
Build iOS and Submit to TestFlight	Build for iOS (Local on Runner)	2026-09-29T06:08:21.3520300Z [RUN_FASTLANE] › Compiling react-native-reanimated Pods/RNReanimated » PropsDiffer.cpp
Build iOS and Submit to TestFlight	Build for iOS (Local on Runner)	2026-09-29T06:08:22.2790330Z [RUN_FASTLANE] › Compiling react-native-reanimated Pods/RNReanimated » PropertyInterpolator.cpp
Build iOS and Submit to TestFlight	Build for iOS (Local on Runner)	2026-09-29T06:08:22.3392280Z [RUN_FASTLANE] › Compiling react-native-reanimated Pods/RNReanimated » PropValueProcessor.cpp
Build iOS and Submit to TestFlight	Build for iOS (Local on Runner)	2026-09-29T06:08:23.6995950Z [RUN_FASTLANE] › Compiling react-native-reanimated Pods/RNReanimated » PlatformDepMethodsHolderImpl.mm
Build iOS and Submit to TestFlight	Build for iOS (Local on Runner)	2026-09-29T06:08:26.8586050Z [RUN_FASTLANE] › Compiling react-native-reanimated Pods/RNReanimated » OperationsStyleInterpolator.cpp
Build iOS and Submit to TestFlight	Build for iOS (Local on Runner)	2026-09-29T06:08:26.8690820Z [RUN_FASTLANE] › Compiling react-native-reanimated Pods/RNReanimated » OperationsLoop.cpp
Build iOS and Submit to TestFlight	Build for iOS (Local on Runner)	2026-09-29T06:08:28.4326030Z [RUN_FASTLANE] › Compiling react-native-reanimated Pods/RNReanimated » NativeProxy.mm
Build iOS and Submit to TestFlight	Build for iOS (Local on Runner)	2026-09-29T06:08:32.1720460Z [RUN_FASTLANE] › Compiling react-native-reanimated Pods/RNReanimated » LayoutAnimationsUtils.cpp
Build iOS and Submit to TestFlight	Build for iOS (Local on Runner)	2026-09-29T06:08:32.1822400Z [RUN_FASTLANE] › Compiling react-native-reanimated Pods/RNReanimated » LayoutAnimationsProxy_Legacy.cpp
Build iOS and Submit to TestFlight	Build for iOS (Local on Runner)	2026-09-29T06:08:33.9751140Z [RUN_FASTLANE] › Compiling react-native-reanimated Pods/RNReanimated » LayoutAnimationsProxy_Experimental.cpp
Build iOS and Submit to TestFlight	Build for iOS (Local on Runner)	2026-09-29T06:08:35.7711490Z [RUN_FASTLANE] › Compiling react-native-reanimated Pods/RNReanimated » LayoutAnimationsProxyCommon.cpp
Build iOS and Submit to TestFlight	Build for iOS (Local on Runner)	2026-09-29T06:08:35.7813520Z [RUN_FASTLANE] › Compiling react-native-reanimated Pods/RNReanimated » LayoutAnimationsManager.cpp
Build iOS and Submit to TestFlight	Build for iOS (Local on Runner)	2026-09-29T06:08:35.7915900Z [RUN_FASTLANE] › Compiling react-native-reanimated Pods/RNReanimated » InterpolatorRegistry.cpp
Build iOS and Submit to TestFlight	Build for iOS (Local on Runner)	2026-09-29T06:08:41.3527640Z [RUN_FASTLANE] › Compiling react-native-reanimated Pods/RNReanimated » InterpolatorFactory.cpp
Build iOS and Submit to TestFlight	Build for iOS (Local on Runner)	2026-09-29T06:08:41.3631430Z [RUN_FASTLANE] › Compiling react-native-reanimated Pods/RNReanimated » GroupPropertiesInterpolator.cpp
Build iOS and Submit to TestFlight	Build for iOS (Local on Runner)	2026-09-29T06:08:41.3753910Z [RUN_FASTLANE] › Compiling react-native-reanimated Pods/RNReanimated » FilterStyleInterpolator.cpp
Build iOS and Submit to TestFlight	Build for iOS (Local on Runner)	2026-09-29T06:08:41.3855710Z [RUN_FASTLANE] › Compiling react-native-reanimated Pods/RNReanimated » FilterOperationInterpolator.cpp
Build iOS and Submit to TestFlight	Build for iOS (Local on Runner)	2026-09-29T06:08:41.5728420Z [RUN_FASTLANE] › Compiling react-native-reanimated Pods/RNReanimated » FilterOperation.cpp
Build iOS and Submit to TestFlight	Build for iOS (Local on Runner)	2026-09-29T06:08:43.7058110Z [RUN_FASTLANE] › Compiling react-native-reanimated Pods/RNReanimated » FilterOp.cpp
Build iOS and Submit to TestFlight	Build for iOS (Local on Runner)	2026-09-29T06:08:43.7160150Z [RUN_FASTLANE] › Compiling react-native-reanimated Pods/RNReanimated » FeatureFlags.cpp
Build iOS and Submit to TestFlight	Build for iOS (Local on Runner)	2026-09-29T06:08:43.7261020Z [RUN_FASTLANE] › Compiling react-native-reanimated Pods/RNReanimated » EasingFunctions.cpp
Build iOS and Submit to TestFlight	Build for iOS (Local on Runner)	2026-09-29T06:08:43.7363410Z [RUN_FASTLANE] › Compiling react-native-reanimated Pods/RNReanimated » EasingConfigs.cpp
Build iOS and Submit to TestFlight	Build for iOS (Local on Runner)	2026-09-29T06:08:43.7465400Z [RUN_FASTLANE] › Compiling react-native-reanimated Pods/RNReanimated » CSSValueVariant.cpp
Build iOS and Submit to TestFlight	Build for iOS (Local on Runner)	2026-09-29T06:08:47.4679990Z [RUN_FASTLANE] › Compiling react-native-reanimated Pods/RNReanimated » CSSTransitionsRegistry.cpp
Build iOS and Submit to TestFlight	Build for iOS (Local on Runner)	2026-09-29T06:08:47.4788520Z [RUN_FASTLANE] › Compiling react-native-reanimated Pods/RNReanimated » CSSTransitionConfig.cpp
Build iOS and Submit to TestFlight	Build for iOS (Local on Runner)	2026-09-29T06:08:47.4891070Z [RUN_FASTLANE] › Compiling react-native-reanimated Pods/RNReanimated » CSSTransition.cpp
Build iOS and Submit to TestFlight	Build for iOS (Local on Runner)	2026-09-29T06:08:47.8036960Z [RUN_FASTLANE] › Compiling react-native-reanimated Pods/RNReanimated » CSSPlatformTransitionProxy.cpp
Build iOS and Submit to TestFlight	Build for iOS (Local on Runner)	2026-09-29T06:08:47.9771840Z [RUN_FASTLANE] › Compiling react-native-reanimated Pods/RNReanimated » CSSNumber.cpp
Build iOS and Submit to TestFlight	Build for iOS (Local on Runner)	2026-09-29T06:08:49.8657640Z [RUN_FASTLANE] › Compiling react-native-reanimated Pods/RNReanimated » CSSLoopTransition.cpp
Build iOS and Submit to TestFlight	Build for iOS (Local on Runner)	2026-09-29T06:08:50.7116390Z [RUN_FASTLANE] › Compiling react-native-reanimated Pods/RNReanimated » CSSLoopAnimation.cpp
Build iOS and Submit to TestFlight	Build for iOS (Local on Runner)	2026-09-29T06:08:50.8821120Z [RUN_FASTLANE] › Compiling react-native-reanimated Pods/RNReanimated » CSSLengthVector.cpp
Build iOS and Submit to TestFlight	Build for iOS (Local on Runner)	2026-09-29T06:08:52.9758110Z [RUN_FASTLANE] › Compiling react-native-reanimated Pods/RNReanimated » CSSLengthArray.cpp
Build iOS and Submit to TestFlight	Build for iOS (Local on Runner)	2026-09-29T06:08:53.3771420Z [RUN_FASTLANE] › Compiling react-native-reanimated Pods/RNReanimated » CSSLength.cpp
Build iOS and Submit to TestFlight	Build for iOS (Local on Runner)	2026-09-29T06:08:53.5273540Z [RUN_FASTLANE] › Compiling react-native-reanimated Pods/RNReanimated » CSSKeyword.cpp
Build iOS and Submit to TestFlight	Build for iOS (Local on Runner)	2026-09-29T06:08:55.2263830Z [RUN_FASTLANE] › Compiling react-native-reanimated Pods/RNReanimated » CSSKeyframesRegistry.cpp
Build iOS and Submit to TestFlight	Build for iOS (Local on Runner)	2026-09-29T06:08:55.8018780Z [RUN_FASTLANE] › Compiling react-native-reanimated Pods/RNReanimated » CSSKeyframesConfig.cpp
Build iOS and Submit to TestFlight	Build for iOS (Local on Runner)	2026-09-29T06:08:55.9486960Z [RUN_FASTLANE] › Compiling react-native-reanimated Pods/RNReanimated » CSSDropShadow.cpp
Build iOS and Submit to TestFlight	Build for iOS (Local on Runner)	2026-09-29T06:08:57.6053520Z [RUN_FASTLANE] › Compiling react-native-reanimated Pods/RNReanimated » CSSDiscreteArray.cpp
Build iOS and Submit to TestFlight	Build for iOS (Local on Runner)	2026-09-29T06:08:58.0731050Z [RUN_FASTLANE] › Compiling react-native-reanimated Pods/RNReanimated » CSSColor.cpp
Build iOS and Submit to TestFlight	Build for iOS (Local on Runner)	2026-09-29T06:08:58.1859680Z [RUN_FASTLANE] › Compiling react-native-reanimated Pods/RNReanimated » CSSBoxShadow.cpp
Build iOS and Submit to TestFlight	Build for iOS (Local on Runner)	2026-09-29T06:09:01.2599270Z [RUN_FASTLANE] › Compiling react-native-reanimated Pods/RNReanimated » CSSBoolean.cpp
Build iOS and Submit to TestFlight	Build for iOS (Local on Runner)	2026-09-29T06:09:01.7678650Z [RUN_FASTLANE] › Compiling react-native-reanimated Pods/RNReanimated » CSSAnimationsRegistry.cpp
Build iOS and Submit to TestFlight	Build for iOS (Local on Runner)	2026-09-29T06:09:03.0984790Z [RUN_FASTLANE] › Compiling react-native-reanimated Pods/RNReanimated » CSSAnimationsGroup.cpp
Build iOS and Submit to TestFlight	Build for iOS (Local on Runner)	2026-09-29T06:09:05.2973210Z [RUN_FASTLANE] › Compiling react-native-reanimated Pods/RNReanimated » CSSAnimationConfig.cpp
Build iOS and Submit to TestFlight	Build for iOS (Local on Runner)	2026-09-29T06:09:05.8095550Z [RUN_FASTLANE] › Compiling react-native-reanimated Pods/RNReanimated » CSSAnimation.cpp
Build iOS and Submit to TestFlight	Build for iOS (Local on Runner)	2026-09-29T06:09:06.2429100Z [RUN_FASTLANE] › Compiling react-native-reanimated Pods/RNReanimated » CSSAngle.cpp
Build iOS and Submit to TestFlight	Build for iOS (Local on Runner)	2026-09-29T06:09:08.8527510Z [RUN_FASTLANE] › Compiling react-native-reanimated Pods/RNReanimated » ArrayPropertiesInterpolator.cpp
Build iOS and Submit to TestFlight	Build for iOS (Local on Runner)	2026-09-29T06:09:08.8625830Z [RUN_FASTLANE] › Compiling react-native-reanimated Pods/RNReanimated » AnimationStyleInterpolatorFactory.cpp
Build iOS and Submit to TestFlight	Build for iOS (Local on Runner)	2026-09-29T06:09:08.9020810Z [RUN_FASTLANE] › Compiling react-native-reanimated Pods/RNReanimated » AnimationStyleInterpolator.cpp
Build iOS and Submit to TestFlight	Build for iOS (Local on Runner)	2026-09-29T06:09:10.7840470Z [RUN_FASTLANE] › Compiling react-native-reanimated Pods/RNReanimated » AnimationProgressProvider.cpp
Build iOS and Submit to TestFlight	Build for iOS (Local on Runner)	2026-09-29T06:09:11.2575450Z [RUN_FASTLANE] › Compiling react-native-reanimated Pods/RNReanimated » AnimatedSensorModule.cpp
Build iOS and Submit to TestFlight	Build for iOS (Local on Runner)	2026-09-29T06:09:11.5376380Z [RUN_FASTLANE] › Compiling react-native-reanimated Pods/RNReanimated » AnimatedPropsRegistry.cpp
Build iOS and Submit to TestFlight	Build for iOS (Local on Runner)	2026-09-29T06:09:13.9276680Z [RUN_FASTLANE] › Executing react-native-screens Pods/RNScreens » Copy generated compatibility header
Build iOS and Submit to TestFlight	Build for iOS (Local on Runner)	2026-09-29T06:09:14.5957470Z [RUN_FASTLANE] › Compiling @react-native-async-storage/async-storage Pods/RNCAsyncStorage » RNCAsyncStorage.mm
Build iOS and Submit to TestFlight	Build for iOS (Local on Runner)	2026-09-29T06:09:16.8173140Z [RUN_FASTLANE] › Compiling react-native-reanimated Pods/RNReanimated » ReanimatedSensorContainer.m
Build iOS and Submit to TestFlight	Build for iOS (Local on Runner)	2026-09-29T06:09:16.8174950Z [RUN_FASTLANE] › Compiling react-native-reanimated Pods/RNReanimated » ReanimatedSensor.m
Build iOS and Submit to TestFlight	Build for iOS (Local on Runner)	2026-09-29T06:09:16.8176110Z [RUN_FASTLANE] › Compiling react-native-reanimated Pods/RNReanimated » RCTUIView+Reanimated.m
Build iOS and Submit to TestFlight	Build for iOS (Local on Runner)	2026-09-29T06:09:16.8177160Z [RUN_FASTLANE] › Compiling @react-native-async-storage/async-storage Pods/RNCAsyncStorage » RNCAsyncStorage-dummy.m
Build iOS and Submit to TestFlight	Build for iOS (Local on Runner)	2026-09-29T06:09:45.0303720Z [RUN_FASTLANE] › Compiling react-native-reanimated Pods/RNReanimated » RNReanimated-dummy.m
Build iOS and Submit to TestFlight	Build for iOS (Local on Runner)	2026-09-29T06:09:45.0312830Z [RUN_FASTLANE] › Packaging react-native-reanimated Pods/RNReanimated » libRNReanimated.a
Build iOS and Submit to TestFlight	Build for iOS (Local on Runner)	2026-09-29T06:09:45.0320290Z [RUN_FASTLANE] › Packaging @react-native-async-storage/async-storage Pods/RNCAsyncStorage » libRNCAsyncStorage.a
Build iOS and Submit to TestFlight	Build for iOS (Local on Runner)	2026-09-29T06:09:45.0370150Z [RUN_FASTLANE] › Compiling expo-modules-core Pods/ExpoModulesCore » TypedArray.cpp
Build iOS and Submit to TestFlight	Build for iOS (Local on Runner)	2026-09-29T06:09:46.6930090Z [RUN_FASTLANE] › Compiling expo-modules-core Pods/ExpoModulesCore » SwiftUIVirtualViewObjCDev.mm
Build iOS and Submit to TestFlight	Build for iOS (Local on Runner)	2026-09-29T06:09:49.6491170Z [RUN_FASTLANE] › Compiling expo-modules-core Pods/ExpoModulesCore » SwiftUIVirtualViewObjC.mm
Build iOS and Submit to TestFlight	Build for iOS (Local on Runner)	2026-09-29T06:09:49.7111770Z [RUN_FASTLANE] › Compiling expo-modules-core Pods/ExpoModulesCore » SharedRef.cpp
Build iOS and Submit to TestFlight	Build for iOS (Local on Runner)	2026-09-29T06:09:49.7215290Z [RUN_FASTLANE] › Compiling expo-modules-core Pods/ExpoModulesCore » SharedObject.cpp
Build iOS and Submit to TestFlight	Build for iOS (Local on Runner)	2026-09-29T06:09:49.7317950Z [RUN_FASTLANE] › Compiling expo-modules-core Pods/ExpoModulesCore » ObjectDeallocator.cpp
Build iOS and Submit to TestFlight	Build for iOS (Local on Runner)	2026-09-29T06:09:49.7420150Z [RUN_FASTLANE] › Compiling expo-modules-core Pods/ExpoModulesCore » NativeModule.cpp
Build iOS and Submit to TestFlight	Build for iOS (Local on Runner)	2026-09-29T06:09:50.1875310Z [RUN_FASTLANE] › Compiling expo-modules-core Pods/ExpoModulesCore » MemoryBuffer.cpp
Build iOS and Submit to TestFlight	Build for iOS (Local on Runner)	2026-09-29T06:09:50.5952830Z [RUN_FASTLANE] › Compiling expo-modules-core Pods/ExpoModulesCore » LazyObject.cpp
Build iOS and Submit to TestFlight	Build for iOS (Local on Runner)	2026-09-29T06:09:50.6959740Z [RUN_FASTLANE] › Compiling expo-modules-core Pods/ExpoModulesCore » JSIUtils.cpp
Build iOS and Submit to TestFlight	Build for iOS (Local on Runner)	2026-09-29T06:09:51.4754850Z [RUN_FASTLANE] › Compiling expo-modules-core Pods/ExpoModulesCore » ExpoViewState.cpp
Build iOS and Submit to TestFlight	Build for iOS (Local on Runner)	2026-09-29T06:09:51.4855890Z [RUN_FASTLANE] › Compiling expo-modules-core Pods/ExpoModulesCore » ExpoViewShadowNode.cpp
Build iOS and Submit to TestFlight	Build for iOS (Local on Runner)	2026-09-29T06:09:52.6973360Z [RUN_FASTLANE] › Compiling expo-modules-core Pods/ExpoModulesCore » ExpoViewProps.cpp
Build iOS and Submit to TestFlight	Build for iOS (Local on Runner)	2026-09-29T06:09:53.1940890Z [RUN_FASTLANE] › Compiling expo-modules-core Pods/ExpoModulesCore » ExpoViewEventEmitter.cpp
Build iOS and Submit to TestFlight	Build for iOS (Local on Runner)	2026-09-29T06:09:53.1959900Z [RUN_FASTLANE] › Compiling expo-modules-core Pods/ExpoModulesCore » ExpoFabricViewObjC.mm
Build iOS and Submit to TestFlight	Build for iOS (Local on Runner)	2026-09-29T06:09:56.6322380Z [RUN_FASTLANE] › Compiling expo-modules-core Pods/ExpoModulesCore » EventEmitter.cpp
Build iOS and Submit to TestFlight	Build for iOS (Local on Runner)	2026-09-29T06:09:56.6431120Z [RUN_FASTLANE] › Compiling expo-modules-core Pods/ExpoModulesCore » EXSharedObjectUtils.mm
Build iOS and Submit to TestFlight	Build for iOS (Local on Runner)	2026-09-29T06:09:56.6440940Z [RUN_FASTLANE] › Compiling expo-modules-core Pods/ExpoModulesCore » EXReactSchedulerDispatch.mm
Build iOS and Submit to TestFlight	Build for iOS (Local on Runner)	2026-09-29T06:09:57.0546380Z [RUN_FASTLANE] › Compiling expo-modules-core Pods/ExpoModulesCore » EXReactNativeAdapter.mm
Build iOS and Submit to TestFlight	Build for iOS (Local on Runner)	2026-09-29T06:09:57.3545900Z [RUN_FASTLANE] › Compiling expo-modules-core Pods/ExpoModulesCore » EXReactDelegateWrapper.mm
Build iOS and Submit to TestFlight	Build for iOS (Local on Runner)	2026-09-29T06:09:57.5968610Z [RUN_FASTLANE] › Compiling expo-modules-core Pods/ExpoModulesCore » EXOptimizedFunctionUtils.mm
Build iOS and Submit to TestFlight	Build for iOS (Local on Runner)	2026-09-29T06:09:59.7523590Z [RUN_FASTLANE] › Compiling expo-modules-core Pods/ExpoModulesCore » EXJSUtils.mm
Build iOS and Submit to TestFlight	Build for iOS (Local on Runner)	2026-09-29T06:09:59.7550910Z [RUN_FASTLANE] › Compiling expo-modules-core Pods/ExpoModulesCore » EXJSIInstaller.mm
Build iOS and Submit to TestFlight	Build for iOS (Local on Runner)	2026-09-29T06:09:59.8121670Z [RUN_FASTLANE] › Compiling expo-modules-core Pods/ExpoModulesCore » EXJSIConversions.mm
Build iOS and Submit to TestFlight	Build for iOS (Local on Runner)	2026-09-29T06:10:00.5064000Z [RUN_FASTLANE] › Compiling expo-modules-core Pods/ExpoModulesCore » EXHostWrapper.mm
Build iOS and Submit to TestFlight	Build for iOS (Local on Runner)	2026-09-29T06:10:03.5532860Z [RUN_FASTLANE] › Compiling expo-modules-core Pods/ExpoModulesCore » EXContentOriginRegistry.mm
Build iOS and Submit to TestFlight	Build for iOS (Local on Runner)	2026-09-29T06:10:03.5696130Z [RUN_FASTLANE] › Compiling expo-modules-core Pods/ExpoModulesCore » EXUtilities.m
Build iOS and Submit to TestFlight	Build for iOS (Local on Runner)	2026-09-29T06:10:03.6756220Z [RUN_FASTLANE] › Compiling expo-modules-core Pods/ExpoModulesCore » EXSingletonModule.m
Build iOS and Submit to TestFlight	Build for iOS (Local on Runner)	2026-09-29T06:10:03.6856650Z [RUN_FASTLANE] › Compiling expo-modules-core Pods/ExpoModulesCore » EXReactNativeUserNotificationCenterProxy.m
Build iOS and Submit to TestFlight	Build for iOS (Local on Runner)	2026-09-29T06:10:03.6958180Z [RUN_FASTLANE] › Compiling expo-modules-core Pods/ExpoModulesCore » ExpoModulesCore-dummy.m
Build iOS and Submit to TestFlight	Build for iOS (Local on Runner)	2026-09-29T06:10:03.7059180Z [RUN_FASTLANE] › Compiling expo-modules-core Pods/ExpoModulesCore » EXPermissionsService.m
Build iOS and Submit to TestFlight	Build for iOS (Local on Runner)	2026-09-29T06:10:03.7160140Z [RUN_FASTLANE] › Compiling expo-modules-core Pods/ExpoModulesCore » EXPermissionsMethodsDelegate.m
Build iOS and Submit to TestFlight	Build for iOS (Local on Runner)	2026-09-29T06:10:03.7261630Z [RUN_FASTLANE] › Compiling expo-modules-core Pods/ExpoModulesCore » EXModuleRegistryProvider.m
Build iOS and Submit to TestFlight	Build for iOS (Local on Runner)	2026-09-29T06:10:03.7498330Z [RUN_FASTLANE] › Compiling expo-modules-core Pods/ExpoModulesCore » EXModuleRegistryHolderReactModule.m
Build iOS and Submit to TestFlight	Build for iOS (Local on Runner)	2026-09-29T06:10:03.7598400Z [RUN_FASTLANE] › Compiling expo-modules-core Pods/ExpoModulesCore » EXModuleRegistryAdapter.m
Build iOS and Submit to TestFlight	Build for iOS (Local on Runner)	2026-09-29T06:10:03.7719500Z [RUN_FASTLANE] › Compiling expo-modules-core Pods/ExpoModulesCore » EXModuleRegistry.m
Build iOS and Submit to TestFlight	Build for iOS (Local on Runner)	2026-09-29T06:10:03.8104950Z [RUN_FASTLANE] › Compiling expo-modules-core Pods/ExpoModulesCore » EXImageLoader.m
Build iOS and Submit to TestFlight	Build for iOS (Local on Runner)	2026-09-29T06:10:03.8106100Z [RUN_FASTLANE] › Compiling expo-modules-core Pods/ExpoModulesCore » EXExportedModule.m
Build iOS and Submit to TestFlight	Build for iOS (Local on Runner)	2026-09-29T06:10:03.8106880Z [RUN_FASTLANE] › Compiling expo-modules-core Pods/ExpoModulesCore » EXAppDefines.m
Build iOS and Submit to TestFlight	Build for iOS (Local on Runner)	2026-09-29T06:10:03.8282110Z [RUN_FASTLANE] › Compiling expo-modules-core Pods/ExpoModulesCore » CoreModuleHelper.m
Build iOS and Submit to TestFlight	Build for iOS (Local on Runner)	2026-09-29T06:10:03.8298430Z [RUN_FASTLANE] › Packaging expo-modules-core Pods/ExpoModulesCore » libExpoModulesCore.a
Build iOS and Submit to TestFlight	Build for iOS (Local on Runner)	2026-09-29T06:10:03.9244720Z [RUN_FASTLANE] › Executing expo-modules-core Pods/ExpoModulesCore » Copy generated compatibility header
Build iOS and Submit to TestFlight	Build for iOS (Local on Runner)	2026-09-29T06:10:12.5437530Z [RUN_FASTLANE] › Compiling expo-modules-core Pods/ExpoModulesWorklets » WorkletRuntimeResolver.mm
Build iOS and Submit to TestFlight	Build for iOS (Local on Runner)	2026-09-29T06:10:12.5536610Z [RUN_FASTLANE] › Compiling expo-modules-core Pods/ExpoModulesWorklets » WorkletRuntimeHandle.mm
Build iOS and Submit to TestFlight	Build for iOS (Local on Runner)	2026-09-29T06:10:12.5739550Z [RUN_FASTLANE] › Compiling expo-modules-core Pods/ExpoModulesWorklets » WorkletIntegrationLoader.mm
Build iOS and Submit to TestFlight	Build for iOS (Local on Runner)	2026-09-29T06:10:12.5840530Z [RUN_FASTLANE] › Compiling expo-modules-core Pods/ExpoModulesWorklets » SerializableExtractor.mm
Build iOS and Submit to TestFlight	Build for iOS (Local on Runner)	2026-09-29T06:10:12.5967360Z [RUN_FASTLANE] › Compiling expo-modules-core Pods/ExpoModulesWorklets » EXWorkletsProvider.mm
Build iOS and Submit to TestFlight	Build for iOS (Local on Runner)	2026-09-29T06:10:12.6043300Z [RUN_FASTLANE] › Compiling expo-modules-core Pods/ExpoModulesWorklets » EXJavaScriptSerializable.mm
Build iOS and Submit to TestFlight	Build for iOS (Local on Runner)	2026-09-29T06:10:12.6145570Z [RUN_FASTLANE] › Compiling expo-secure-store Pods/ExpoSecureStore » ExpoSecureStore-dummy.m
Build iOS and Submit to TestFlight	Build for iOS (Local on Runner)	2026-09-29T06:10:12.6246620Z [RUN_FASTLANE] › Compiling expo-modules-core Pods/ExpoModulesWorklets » ExpoModulesWorklets-dummy.m
Build iOS and Submit to TestFlight	Build for iOS (Local on Runner)	2026-09-29T06:10:12.6348400Z [RUN_FASTLANE] › Packaging expo-secure-store Pods/ExpoSecureStore » libExpoSecureStore.a
Build iOS and Submit to TestFlight	Build for iOS (Local on Runner)	2026-09-29T06:10:12.6497040Z [RUN_FASTLANE] › Packaging expo-modules-core Pods/ExpoModulesWorklets » libExpoModulesWorklets.a
Build iOS and Submit to TestFlight	Build for iOS (Local on Runner)	2026-09-29T06:10:12.6603010Z [RUN_FASTLANE] › Executing expo-secure-store Pods/ExpoSecureStore » Copy generated compatibility header
Build iOS and Submit to TestFlight	Build for iOS (Local on Runner)	2026-09-29T06:10:12.6705920Z [RUN_FASTLANE] › Executing expo-modules-core Pods/ExpoModulesWorklets » Copy generated compatibility header
Build iOS and Submit to TestFlight	Build for iOS (Local on Runner)	2026-09-29T06:10:12.6774910Z [RUN_FASTLANE] › Compiling expo-modules-core Pods/ExpoModulesWorkletsAdapter » ExpoWorkletsBridgeProvider.mm
Build iOS and Submit to TestFlight	Build for iOS (Local on Runner)	2026-09-29T06:10:13.3442200Z [RUN_FASTLANE] › Compiling expo-keep-awake Pods/ExpoKeepAwake » ExpoKeepAwake-dummy.m
Build iOS and Submit to TestFlight	Build for iOS (Local on Runner)	2026-09-29T06:10:13.3573950Z [RUN_FASTLANE] › Compiling expo-modules-core Pods/ExpoModulesWorkletsAdapter » ExpoModulesWorkletsAdapter-dummy.m
Build iOS and Submit to TestFlight	Build for iOS (Local on Runner)	2026-09-29T06:10:13.3694470Z [RUN_FASTLANE] › Packaging expo-keep-awake Pods/ExpoKeepAwake » libExpoKeepAwake.a
Build iOS and Submit to TestFlight	Build for iOS (Local on Runner)	2026-09-29T06:10:13.3810750Z [RUN_FASTLANE] › Executing expo-keep-awake Pods/ExpoKeepAwake » Copy generated compatibility header
Build iOS and Submit to TestFlight	Build for iOS (Local on Runner)	2026-09-29T06:10:13.3918550Z [RUN_FASTLANE] › Compiling expo-notifications Pods/ExpoNotifications » ExpoNotifications-dummy.m
Build iOS and Submit to TestFlight	Build for iOS (Local on Runner)	2026-09-29T06:10:13.4022330Z [RUN_FASTLANE] › Packaging expo-notifications Pods/ExpoNotifications » libExpoNotifications.a
Build iOS and Submit to TestFlight	Build for iOS (Local on Runner)	2026-09-29T06:10:13.4130930Z [RUN_FASTLANE] › Executing expo-notifications Pods/ExpoNotifications » Copy generated compatibility header
Build iOS and Submit to TestFlight	Build for iOS (Local on Runner)	2026-09-29T06:10:23.2762390Z [RUN_FASTLANE] › Packaging expo-modules-core Pods/ExpoModulesWorkletsAdapter » libExpoModulesWorkletsAdapter.a
Build iOS and Submit to TestFlight	Build for iOS (Local on Runner)	2026-09-29T06:10:23.4241710Z [RUN_FASTLANE] › Compiling expo-font Pods/ExpoFont » ExpoFont-dummy.m
Build iOS and Submit to TestFlight	Build for iOS (Local on Runner)	2026-09-29T06:10:23.4341670Z [RUN_FASTLANE] › Packaging expo-font Pods/ExpoFont » libExpoFont.a
Build iOS and Submit to TestFlight	Build for iOS (Local on Runner)	2026-09-29T06:10:23.4547580Z [RUN_FASTLANE] › Executing expo-font Pods/ExpoFont » Copy generated compatibility header
Build iOS and Submit to TestFlight	Build for iOS (Local on Runner)	2026-09-29T06:10:23.4855470Z [RUN_FASTLANE] › Compiling @expo/dom-webview Pods/ExpoDomWebView » ExpoDomWebView-dummy.m
Build iOS and Submit to TestFlight	Build for iOS (Local on Runner)	2026-09-29T06:10:23.5265290Z [RUN_FASTLANE] › Packaging @expo/dom-webview Pods/ExpoDomWebView » libExpoDomWebView.a
Build iOS and Submit to TestFlight	Build for iOS (Local on Runner)	2026-09-29T06:10:23.5367640Z [RUN_FASTLANE] › Executing @expo/dom-webview Pods/ExpoDomWebView » Copy generated compatibility header
Build iOS and Submit to TestFlight	Build for iOS (Local on Runner)	2026-09-29T06:10:23.5469860Z [RUN_FASTLANE] › Executing expo-constants Pods/EXConstants » [CP-User] Generate app.config for prebuilt Constants.manifest
Build iOS and Submit to TestFlight	Build for iOS (Local on Runner)	2026-09-29T06:10:23.5673540Z [RUN_FASTLANE] › Compiling expo-device Pods/ExpoDevice » ExpoDevice-dummy.m
Build iOS and Submit to TestFlight	Build for iOS (Local on Runner)	2026-09-29T06:10:23.5775840Z [RUN_FASTLANE] › Packaging expo-device Pods/ExpoDevice » libExpoDevice.a
Build iOS and Submit to TestFlight	Build for iOS (Local on Runner)	2026-09-29T06:10:23.5975930Z [RUN_FASTLANE] › Compiling expo-clipboard Pods/ExpoClipboard » ExpoClipboard-dummy.m
Build iOS and Submit to TestFlight	Build for iOS (Local on Runner)	2026-09-29T06:10:23.6085920Z [RUN_FASTLANE] › Packaging expo-clipboard Pods/ExpoClipboard » libExpoClipboard.a
Build iOS and Submit to TestFlight	Build for iOS (Local on Runner)	2026-09-29T06:10:23.6191220Z [RUN_FASTLANE] › Executing expo-device Pods/ExpoDevice » Copy generated compatibility header
Build iOS and Submit to TestFlight	Build for iOS (Local on Runner)	2026-09-29T06:10:23.6294340Z [RUN_FASTLANE] › Executing expo-clipboard Pods/ExpoClipboard » Copy generated compatibility header
Build iOS and Submit to TestFlight	Build for iOS (Local on Runner)	2026-09-29T06:10:23.6489200Z [RUN_FASTLANE] › Compiling expo-asset Pods/ExpoAsset » ExpoAsset-dummy.m
Build iOS and Submit to TestFlight	Build for iOS (Local on Runner)	2026-09-29T06:10:23.6591910Z [RUN_FASTLANE] › Packaging expo-asset Pods/ExpoAsset » libExpoAsset.a
Build iOS and Submit to TestFlight	Build for iOS (Local on Runner)	2026-09-29T06:10:23.6694170Z [RUN_FASTLANE] › Compiling expo Pods/Expo » ExpoReactNativeFactory.mm
Build iOS and Submit to TestFlight	Build for iOS (Local on Runner)	2026-09-29T06:10:32.1821500Z [RUN_FASTLANE] › Compiling expo Pods/Expo » EXReactRootViewFactory.mm
Build iOS and Submit to TestFlight	Build for iOS (Local on Runner)	2026-09-29T06:10:32.1839390Z [RUN_FASTLANE] › Compiling expo Pods/Expo » EXBundleConfiguration.mm
Build iOS and Submit to TestFlight	Build for iOS (Local on Runner)	2026-09-29T06:10:32.2162030Z [RUN_FASTLANE] › Compiling expo Pods/Expo » Expo-dummy.m
Build iOS and Submit to TestFlight	Build for iOS (Local on Runner)	2026-09-29T06:10:33.1122900Z [RUN_FASTLANE] › Compiling expo-file-system Pods/ExpoFileSystem » ExpoFileSystem-dummy.m
Build iOS and Submit to TestFlight	Build for iOS (Local on Runner)	2026-09-29T06:10:33.3150010Z [RUN_FASTLANE] › Compiling expo Pods/ExpoFileSystem » NSData+EXFileSystem.m
Build iOS and Submit to TestFlight	Build for iOS (Local on Runner)	2026-09-29T06:10:33.3277860Z [RUN_FASTLANE] › Compiling expo Pods/ExpoFileSystem » EXTaskHandlersManager.m
Build iOS and Submit to TestFlight	Build for iOS (Local on Runner)	2026-09-29T06:10:33.3382160Z [RUN_FASTLANE] › Compiling expo Pods/ExpoFileSystem » EXSessionUploadTaskDelegate.m
Build iOS and Submit to TestFlight	Build for iOS (Local on Runner)	2026-09-29T06:10:33.3433760Z [RUN_FASTLANE] › Compiling expo Pods/ExpoFileSystem » EXSessionTaskDispatcher.m
Build iOS and Submit to TestFlight	Build for iOS (Local on Runner)	2026-09-29T06:10:33.4468410Z [RUN_FASTLANE] › Compiling expo Pods/ExpoFileSystem » EXSessionTaskDelegate.m
Build iOS and Submit to TestFlight	Build for iOS (Local on Runner)	2026-09-29T06:10:33.5054140Z [RUN_FASTLANE] › Compiling expo Pods/ExpoFileSystem » EXSessionResumableDownloadTaskDelegate.m
Build iOS and Submit to TestFlight	Build for iOS (Local on Runner)	2026-09-29T06:10:33.5510890Z [RUN_FASTLANE] › Compiling expo Pods/ExpoFileSystem » EXSessionHandler.m
Build iOS and Submit to TestFlight	Build for iOS (Local on Runner)	2026-09-29T06:10:33.7540870Z [RUN_FASTLANE] › Compiling expo Pods/ExpoFileSystem » EXSessionDownloadTaskDelegate.m
Build iOS and Submit to TestFlight	Build for iOS (Local on Runner)	2026-09-29T06:10:33.7556510Z [RUN_FASTLANE] › Compiling expo Pods/ExpoFileSystem » EXSessionCancelableUploadTaskDelegate.m
Build iOS and Submit to TestFlight	Build for iOS (Local on Runner)	2026-09-29T06:10:35.9366550Z [RUN_FASTLANE] › Executing expo-asset Pods/ExpoAsset » Copy generated compatibility header
Build iOS and Submit to TestFlight	Build for iOS (Local on Runner)	2026-09-29T06:10:35.9932740Z [RUN_FASTLANE] › Compiling expo Pods/ExpoFileSystem » EXFileSystemLocalFileHandler.m
Build iOS and Submit to TestFlight	Build for iOS (Local on Runner)	2026-09-29T06:10:36.1131960Z [RUN_FASTLANE] › Compiling expo Pods/ExpoFileSystem » EXFileSystemAssetLibraryHandler.m
Build iOS and Submit to TestFlight	Build for iOS (Local on Runner)	2026-09-29T06:10:37.0673330Z [RUN_FASTLANE] › Packaging expo-file-system Pods/ExpoFileSystem » libExpoFileSystem.a
Build iOS and Submit to TestFlight	Build for iOS (Local on Runner)	2026-09-29T06:10:37.2182250Z [RUN_FASTLANE] › Compiling expo-constants Pods/EXConstants » EXConstantsService.m
Build iOS and Submit to TestFlight	Build for iOS (Local on Runner)	2026-09-29T06:10:37.2636400Z [RUN_FASTLANE] › Compiling expo-constants Pods/EXConstants » EXConstantsInstallationIdProvider.m
Build iOS and Submit to TestFlight	Build for iOS (Local on Runner)	2026-09-29T06:10:37.2637460Z [RUN_FASTLANE] › Compiling expo-constants Pods/EXConstants » EXConstants-dummy.m
Build iOS and Submit to TestFlight	Build for iOS (Local on Runner)	2026-09-29T06:10:38.0320040Z [RUN_FASTLANE] › Compiling expo Pods/Expo » EXLegacyAppDelegateWrapper.m
Build iOS and Submit to TestFlight	Build for iOS (Local on Runner)	2026-09-29T06:10:38.0420390Z [RUN_FASTLANE] › Packaging expo-constants Pods/EXConstants » libEXConstants.a
Build iOS and Submit to TestFlight	Build for iOS (Local on Runner)	2026-09-29T06:10:38.0540230Z [RUN_FASTLANE] › Compiling expo Pods/Expo » EXAppDelegatesLoader.m
Build iOS and Submit to TestFlight	Build for iOS (Local on Runner)	2026-09-29T06:10:38.0613150Z [RUN_FASTLANE] › Compiling expo Pods/Expo » EXAppDefinesLoader.m
Build iOS and Submit to TestFlight	Build for iOS (Local on Runner)	2026-09-29T06:10:38.0646650Z [RUN_FASTLANE] › Packaging expo Pods/Expo » libExpo.a
Build iOS and Submit to TestFlight	Build for iOS (Local on Runner)	2026-09-29T06:10:38.0648630Z [RUN_FASTLANE] › Executing expo-file-system Pods/ExpoFileSystem » Copy generated compatibility header
Build iOS and Submit to TestFlight	Build for iOS (Local on Runner)	2026-09-29T06:10:38.1136800Z [RUN_FASTLANE] › Executing expo Pods/Expo » Copy generated compatibility header
Build iOS and Submit to TestFlight	Build for iOS (Local on Runner)	2026-09-29T06:10:38.2170280Z [RUN_FASTLANE] › Executing expo-constants Pods/EXConstants » Copy generated compatibility header
Build iOS and Submit to TestFlight	Build for iOS (Local on Runner)	2026-09-29T06:10:38.2549660Z [RUN_FASTLANE] › Compiling expo-application Pods/EXApplication » EXApplication-dummy.m
Build iOS and Submit to TestFlight	Build for iOS (Local on Runner)	2026-09-29T06:10:38.2679760Z [RUN_FASTLANE] › Compiling expo-application Pods/EXApplication » EXProvisioningProfile.m
Build iOS and Submit to TestFlight	Build for iOS (Local on Runner)	2026-09-29T06:10:38.2946250Z [RUN_FASTLANE] › Packaging expo-application Pods/EXApplication » libEXApplication.a
Build iOS and Submit to TestFlight	Build for iOS (Local on Runner)	2026-09-29T06:10:38.3561570Z [RUN_FASTLANE] › Executing expo-application Pods/EXApplication » Copy generated compatibility header
Build iOS and Submit to TestFlight	Build for iOS (Local on Runner)	2026-09-29T06:10:40.7259180Z [RUN_FASTLANE] › Compiling Pods/Pods-NGNflow » Pods-NGNflow-dummy.m
Build iOS and Submit to TestFlight	Build for iOS (Local on Runner)	2026-09-29T06:10:40.8287080Z [RUN_FASTLANE] › Packaging Pods/Pods-NGNflow » libPods-NGNflow.a
Build iOS and Submit to TestFlight	Build for iOS (Local on Runner)	2026-09-29T06:10:40.8741720Z [RUN_FASTLANE] › Executing NGNflow » [CP] Check Pods Manifest.lock
Build iOS and Submit to TestFlight	Build for iOS (Local on Runner)	2026-09-29T06:10:40.9928160Z [RUN_FASTLANE] › Executing NGNflow » [Expo] Configure project
Build iOS and Submit to TestFlight	Build for iOS (Local on Runner)	2026-09-29T06:10:47.5714230Z [RUN_FASTLANE] › Copying   ios/build/Build/Intermediates.noindex/ArchiveIntermediates/NGNflow/InstallationBuildProductsLocation/Applications/NGNflow.app/PrivacyInfo.xcprivacy ➜ ../../../../../var/folders/36/tjdph2t965j8snz9_vkdnw0r0000gn/T/eas-build-local-nodejs/06efa554-806d-4c30-98cb-771f9bc38d9c/build/ios/NGNflow/PrivacyInfo.xcprivacy
Build iOS and Submit to TestFlight	Build for iOS (Local on Runner)	2026-09-29T06:10:47.5718170Z [RUN_FASTLANE] › Copying   ios/NGNflow/Supporting/Expo.plist ➜ ./Expo.plist
Build iOS and Submit to TestFlight	Build for iOS (Local on Runner)	2026-09-29T06:10:47.5718880Z [RUN_FASTLANE] › Compiling NGNflow » SplashScreen.storyboard
Build iOS and Submit to TestFlight	Build for iOS (Local on Runner)	2026-09-29T06:11:16.3101920Z [RUN_FASTLANE] › Preparing NGNflow » Info.plist
Build iOS and Submit to TestFlight	Build for iOS (Local on Runner)	2026-09-29T06:11:16.5702380Z [RUN_FASTLANE] › Compiling NGNflow » NGNflow_vers.c
Build iOS and Submit to TestFlight	Build for iOS (Local on Runner)	2026-09-29T06:11:16.6216550Z [RUN_FASTLANE] › Linking   NGNflow » NGNflow
Build iOS and Submit to TestFlight	Build for iOS (Local on Runner)	2026-09-29T06:11:17.9308660Z [RUN_FASTLANE] ⚠️  ignoring duplicate libraries: '-lc++'
Build iOS and Submit to TestFlight	Build for iOS (Local on Runner)	2026-09-29T06:11:17.9312770Z    └─/var/folders/36/tjdph2t965j8snz9_vkdnw0r0000gn/T/eas-build-local-nodejs/06efa554-806d-4c30-98cb-771f9bc38d9c/build/ios/NGNflow.xcodeproj: NGNflow: ld
Build iOS and Submit to TestFlight	Build for iOS (Local on Runner)	2026-09-29T06:11:17.9758740Z [RUN_FASTLANE] › Executing NGNflow » Bundle React Native code and images
Build iOS and Submit to TestFlight	Build for iOS (Local on Runner)	2026-09-29T06:11:25.3669060Z [RUN_FASTLANE] ⚠️  search path '/var/run/com.apple.security.cryptexd/mnt/com.apple.MobileAsset.MetalToolchain-v17.6.109.0.rqzKUo/Metal.xctoolchain/usr/lib/swift/iphoneos' not found
Build iOS and Submit to TestFlight	Build for iOS (Local on Runner)	2026-09-29T06:11:25.3745210Z    └─/var/folders/36/tjdph2t965j8snz9_vkdnw0r0000gn/T/eas-build-local-nodejs/06efa554-806d-4c30-98cb-771f9bc38d9c/build/ios/NGNflow.xcodeproj: NGNflow: ld
Build iOS and Submit to TestFlight	Build for iOS (Local on Runner)	2026-09-29T06:11:35.1523710Z [RUN_FASTLANE] › Generating debug NGNflow » NGNflow.app.dSYM
Build iOS and Submit to TestFlight	Build for iOS (Local on Runner)	2026-09-29T06:11:35.1701840Z [RUN_FASTLANE] › Executing NGNflow » [CP] Copy Pods Resources
Build iOS and Submit to TestFlight	Build for iOS (Local on Runner)	2026-09-29T06:11:37.0456410Z [RUN_FASTLANE] › Executing NGNflow » [CP] Embed Pods Frameworks
Build iOS and Submit to TestFlight	Build for iOS (Local on Runner)	2026-09-29T06:11:38.3457340Z [RUN_FASTLANE] › Signing   NGNflow » NGNflow.app
Build iOS and Submit to TestFlight	Build for iOS (Local on Runner)	2026-09-29T06:11:38.4692520Z [RUN_FASTLANE] › Creating  NGNflow » NGNflow.app
Build iOS and Submit to TestFlight	Build for iOS (Local on Runner)	2026-09-29T06:11:38.8326910Z [RUN_FASTLANE] › Archive Succeeded
Build iOS and Submit to TestFlight	Build for iOS (Local on Runner)	2026-09-29T06:11:39.6001210Z [RUN_FASTLANE] Generated plist file with the following values:
Build iOS and Submit to TestFlight	Build for iOS (Local on Runner)	2026-09-29T06:11:39.6016770Z [RUN_FASTLANE] ▸ -----------------------------------------
Build iOS and Submit to TestFlight	Build for iOS (Local on Runner)	2026-09-29T06:11:39.6017330Z [RUN_FASTLANE] ▸ {
Build iOS and Submit to TestFlight	Build for iOS (Local on Runner)	2026-09-29T06:11:39.6017730Z [RUN_FASTLANE] ▸   "method": "app-store",
Build iOS and Submit to TestFlight	Build for iOS (Local on Runner)	2026-09-29T06:11:39.6018330Z [RUN_FASTLANE] ▸   "provisioningProfiles": {
Build iOS and Submit to TestFlight	Build for iOS (Local on Runner)	2026-09-29T06:11:39.6019370Z [RUN_FASTLANE] ▸     "com.olamicreas.ngnflow": "58d9281e-4bc0-4d8c-b03a-424f1e87b755"
Build iOS and Submit to TestFlight	Build for iOS (Local on Runner)	2026-09-29T06:11:39.6019790Z [RUN_FASTLANE] ▸   },
Build iOS and Submit to TestFlight	Build for iOS (Local on Runner)	2026-09-29T06:11:39.6020220Z [RUN_FASTLANE] ▸   "signingStyle": "manual"
Build iOS and Submit to TestFlight	Build for iOS (Local on Runner)	2026-09-29T06:11:39.6020830Z [RUN_FASTLANE] ▸ }
Build iOS and Submit to TestFlight	Build for iOS (Local on Runner)	2026-09-29T06:11:39.6021310Z [RUN_FASTLANE] ▸ -----------------------------------------
Build iOS and Submit to TestFlight	Build for iOS (Local on Runner)	2026-09-29T06:11:39.6024450Z [RUN_FASTLANE] $ /usr/bin/xcrun /opt/homebrew/lib/ruby/gems/3.4.0/gems/fastlane-2.239.0/gym/lib/assets/wrap_xcodebuild/xcbuild-safe.sh -exportArchive -exportOptionsPlist '/var/folders/36/tjdph2t965j8snz9_vkdnw0r0000gn/T/gym_config20260929-17438-gm3sd4.plist' -archivePath /Users/runner/Library/Developer/Xcode/Archives/2026-09-29/NGNflow\ 2026-09-29\ 06.02.23.xcarchive -exportPath '/var/folders/36/tjdph2t965j8snz9_vkdnw0r0000gn/T/gym_output20260929-17438-sl6k63' OTHER_CODE_SIGN_FLAGS="--keychain /var/folders/36/tjdph2t965j8snz9_vkdnw0r0000gn/T/eas-build-996498f4-a0b1-4cd5-ba25-270a76a64f45.keychain"
Build iOS and Submit to TestFlight	Build for iOS (Local on Runner)	2026-09-29T06:11:45.7232830Z [RUN_FASTLANE] Compressing 2 dSYM(s)
Build iOS and Submit to TestFlight	Build for iOS (Local on Runner)	2026-09-29T06:11:45.7239610Z [RUN_FASTLANE] $ cd '/Users/runner/Library/Developer/Xcode/Archives/2026-09-29/NGNflow 2026-09-29 06.02.23.xcarchive/dSYMs' && zip -r '/private/var/folders/36/tjdph2t965j8snz9_vkdnw0r0000gn/T/eas-build-local-nodejs/06efa554-806d-4c30-98cb-771f9bc38d9c/build/ios/build/NGNflow.app.dSYM.zip' *.dSYM
Build iOS and Submit to TestFlight	Build for iOS (Local on Runner)	2026-09-29T06:11:49.0963170Z [RUN_FASTLANE] ▸   adding: ExpoModulesJSI.framework.dSYM/ (stored 0%)
Build iOS and Submit to TestFlight	Build for iOS (Local on Runner)	2026-09-29T06:11:49.0964790Z [RUN_FASTLANE] ▸   adding: ExpoModulesJSI.framework.dSYM/Contents/ (stored 0%)
Build iOS and Submit to TestFlight	Build for iOS (Local on Runner)	2026-09-29T06:11:49.0966030Z [RUN_FASTLANE] ▸   adding: ExpoModulesJSI.framework.dSYM/Contents/Resources/ (stored 0%)
Build iOS and Submit to TestFlight	Build for iOS (Local on Runner)	2026-09-29T06:11:49.0967620Z [RUN_FASTLANE] ▸   adding: ExpoModulesJSI.framework.dSYM/Contents/Resources/Relocations/ (stored 0%)
Build iOS and Submit to TestFlight	Build for iOS (Local on Runner)	2026-09-29T06:11:49.0968540Z [RUN_FASTLANE] ▸   adding: ExpoModulesJSI.framework.dSYM/Contents/Resources/Relocations/aarch64/ (stored 0%)
Build iOS and Submit to TestFlight	Build for iOS (Local on Runner)	2026-09-29T06:11:49.0969630Z [RUN_FASTLANE] ▸   adding: ExpoModulesJSI.framework.dSYM/Contents/Resources/Relocations/aarch64/ExpoModulesJSI.yml (deflated 87%)
Build iOS and Submit to TestFlight	Build for iOS (Local on Runner)	2026-09-29T06:11:49.0970600Z [RUN_FASTLANE] ▸   adding: ExpoModulesJSI.framework.dSYM/Contents/Resources/DWARF/ (stored 0%)
Build iOS and Submit to TestFlight	Build for iOS (Local on Runner)	2026-09-29T06:11:49.0971690Z [RUN_FASTLANE] ▸   adding: ExpoModulesJSI.framework.dSYM/Contents/Resources/DWARF/ExpoModulesJSI (deflated 71%)
Build iOS and Submit to TestFlight	Build for iOS (Local on Runner)	2026-09-29T06:11:49.0972650Z [RUN_FASTLANE] ▸   adding: ExpoModulesJSI.framework.dSYM/Contents/Info.plist (deflated 52%)
Build iOS and Submit to TestFlight	Build for iOS (Local on Runner)	2026-09-29T06:11:49.0973460Z [RUN_FASTLANE] ▸   adding: NGNflow.app.dSYM/ (stored 0%)
Build iOS and Submit to TestFlight	Build for iOS (Local on Runner)	2026-09-29T06:11:49.0974060Z [RUN_FASTLANE] ▸   adding: NGNflow.app.dSYM/Contents/ (stored 0%)
Build iOS and Submit to TestFlight	Build for iOS (Local on Runner)	2026-09-29T06:11:49.0974790Z [RUN_FASTLANE] ▸   adding: NGNflow.app.dSYM/Contents/Resources/ (stored 0%)
Build iOS and Submit to TestFlight	Build for iOS (Local on Runner)	2026-09-29T06:11:49.0975540Z [RUN_FASTLANE] ▸   adding: NGNflow.app.dSYM/Contents/Resources/Relocations/ (stored 0%)
Build iOS and Submit to TestFlight	Build for iOS (Local on Runner)	2026-09-29T06:11:49.0976400Z [RUN_FASTLANE] ▸   adding: NGNflow.app.dSYM/Contents/Resources/Relocations/aarch64/ (stored 0%)
Build iOS and Submit to TestFlight	Build for iOS (Local on Runner)	2026-09-29T06:11:49.0977290Z [RUN_FASTLANE] ▸   adding: NGNflow.app.dSYM/Contents/Resources/Relocations/aarch64/NGNflow.yml (deflated 91%)
Build iOS and Submit to TestFlight	Build for iOS (Local on Runner)	2026-09-29T06:11:49.0978240Z [RUN_FASTLANE] ▸   adding: NGNflow.app.dSYM/Contents/Resources/DWARF/ (stored 0%)
Build iOS and Submit to TestFlight	Build for iOS (Local on Runner)	2026-09-29T06:11:49.0979060Z [RUN_FASTLANE] ▸   adding: NGNflow.app.dSYM/Contents/Resources/DWARF/NGNflow (deflated 73%)
Build iOS and Submit to TestFlight	Build for iOS (Local on Runner)	2026-09-29T06:11:49.0980870Z [RUN_FASTLANE] ▸   adding: NGNflow.app.dSYM/Contents/Info.plist (deflated 52%)
Build iOS and Submit to TestFlight	Build for iOS (Local on Runner)	2026-09-29T06:11:49.0981330Z [RUN_FASTLANE] 
Build iOS and Submit to TestFlight	Build for iOS (Local on Runner)	2026-09-29T06:11:49.0981800Z [RUN_FASTLANE] Successfully exported and compressed dSYM file
Build iOS and Submit to TestFlight	Build for iOS (Local on Runner)	2026-09-29T06:11:49.1029660Z [RUN_FASTLANE] Successfully exported and signed the ipa file:
Build iOS and Submit to TestFlight	Build for iOS (Local on Runner)	2026-09-29T06:11:49.1031320Z [RUN_FASTLANE] /private/var/folders/36/tjdph2t965j8snz9_vkdnw0r0000gn/T/eas-build-local-nodejs/06efa554-806d-4c30-98cb-771f9bc38d9c/build/ios/build/NGNflow.ipa
Build iOS and Submit to TestFlight	Build for iOS (Local on Runner)	2026-09-29T06:11:49.5245420Z [CLEAN_UP_CREDENTIALS] Destroying keychain - /var/folders/36/tjdph2t965j8snz9_vkdnw0r0000gn/T/eas-build-996498f4-a0b1-4cd5-ba25-270a76a64f45.keychain
Build iOS and Submit to TestFlight	Build for iOS (Local on Runner)	2026-09-29T06:11:51.5051380Z [CLEAN_UP_CREDENTIALS] Removing provisioning profile
Build iOS and Submit to TestFlight	Build for iOS (Local on Runner)	2026-09-29T06:11:51.5088580Z [PARSE_XCACTIVITYLOG] Local builds skip build performance analysis.
Build iOS and Submit to TestFlight	Build for iOS (Local on Runner)	2026-09-29T06:11:51.5169420Z [UPLOAD_APPLICATION_ARCHIVE] Application archives:
Build iOS and Submit to TestFlight	Build for iOS (Local on Runner)	2026-09-29T06:11:51.5171750Z [UPLOAD_APPLICATION_ARCHIVE]   - /var/folders/36/tjdph2t965j8snz9_vkdnw0r0000gn/T/eas-build-local-nodejs/06efa554-806d-4c30-98cb-771f9bc38d9c/build/ios/build/NGNflow.ipa (13.5 MB)
Build iOS and Submit to TestFlight	Build for iOS (Local on Runner)	2026-09-29T06:11:51.5173770Z [UPLOAD_APPLICATION_ARCHIVE] Uploading application archive...
Build iOS and Submit to TestFlight	Build for iOS (Local on Runner)	2026-09-29T06:11:51.5174360Z [PREPARE_ARTIFACTS] Preparing artifacts
Build iOS and Submit to TestFlight	Build for iOS (Local on Runner)	2026-09-29T06:11:51.5427920Z [PREPARE_ARTIFACTS] Writing artifacts to /Users/runner/work/NGNflow/NGNflow/build.ipa
Build iOS and Submit to TestFlight	Build for iOS (Local on Runner)	2026-09-29T06:11:51.5435340Z [SAVE_CACHE] Local builds do not support saving cache.
Build iOS and Submit to TestFlight	Build for iOS (Local on Runner)	2026-09-29T06:11:51.5531440Z Skipping cleanup, /var/folders/36/tjdph2t965j8snz9_vkdnw0r0000gn/T/eas-build-local-nodejs/06efa554-806d-4c30-98cb-771f9bc38d9c won't be removed.
Build iOS and Submit to TestFlight	Build for iOS (Local on Runner)	2026-09-29T06:11:51.5532130Z 
Build iOS and Submit to TestFlight	Build for iOS (Local on Runner)	2026-09-29T06:11:51.5533360Z Build successful
Build iOS and Submit to TestFlight	Build for iOS (Local on Runner)	2026-09-29T06:11:51.5534340Z You can find the build artifacts in /Users/runner/work/NGNflow/NGNflow/build.ipa
Build iOS and Submit to TestFlight	Submit to TestFlight	﻿2026-09-29T06:11:51.8463440Z ##[group]Run eas submit --platform ios --path build.ipa --non-interactive
Build iOS and Submit to TestFlight	Submit to TestFlight	2026-09-29T06:11:51.8464410Z ^[[36;1meas submit --platform ios --path build.ipa --non-interactive^[[0m
Build iOS and Submit to TestFlight	Submit to TestFlight	2026-09-29T06:11:52.0078260Z shell: /bin/bash -e {0}
Build iOS and Submit to TestFlight	Submit to TestFlight	2026-09-29T06:11:52.0078730Z env:
Build iOS and Submit to TestFlight	Submit to TestFlight	2026-09-29T06:11:52.0079910Z   EXPO_TOKEN: ***
Build iOS and Submit to TestFlight	Submit to TestFlight	2026-09-29T06:11:52.0080170Z ##[endgroup]
Build iOS and Submit to TestFlight	Submit to TestFlight	2026-09-29T06:11:54.7493000Z 
Build iOS and Submit to TestFlight	Submit to TestFlight	2026-09-29T06:11:54.7594910Z Uploading your app archive to EAS Submit
Build iOS and Submit to TestFlight	Submit to TestFlight	2026-09-29T06:11:54.9137160Z - Uploading to EAS Submit 0%
Build iOS and Submit to TestFlight	Submit to TestFlight	2026-09-29T06:11:55.8944000Z ✔ Uploaded to EAS Submit 
Build iOS and Submit to TestFlight	Submit to TestFlight	2026-09-29T06:11:56.2442240Z Using App Store Connect API Key from EAS credentials service.
Build iOS and Submit to TestFlight	Submit to TestFlight	2026-09-29T06:11:56.9218570Z Looking up credentials configuration for com.olamicreas.ngnflow...
Build iOS and Submit to TestFlight	Submit to TestFlight	2026-09-29T06:11:56.9290020Z ✔ App Store Connect API Key already set up.
Build iOS and Submit to TestFlight	Submit to TestFlight	2026-09-29T06:11:56.9329750Z Using Api Key ID: 8TP4AY535V ([Expo] EAS Submit xv7H_6ZboX)
Build iOS and Submit to TestFlight	Submit to TestFlight	2026-09-29T06:11:56.9366710Z 
Build iOS and Submit to TestFlight	Submit to TestFlight	2026-09-29T06:11:56.9397550Z ASC App ID:                 6816978729
Build iOS and Submit to TestFlight	Submit to TestFlight	2026-09-29T06:11:56.9416130Z Project ID:                 37392892-5e18-40dc-9637-0cbb73d2307d
Build iOS and Submit to TestFlight	Submit to TestFlight	2026-09-29T06:11:56.9434730Z App Store Connect API Key:  
Build iOS and Submit to TestFlight	Submit to TestFlight	2026-09-29T06:11:56.9457860Z     Key Name  :  [Expo] EAS Submit xv7H_6ZboX
Build iOS and Submit to TestFlight	Submit to TestFlight	2026-09-29T06:11:56.9465930Z     Key ID    :  8TP4AY535V
Build iOS and Submit to TestFlight	Submit to TestFlight	2026-09-29T06:11:56.9481030Z     Key Source:  EAS servers
Build iOS and Submit to TestFlight	Submit to TestFlight	2026-09-29T06:11:56.9504560Z Archive Path:               build.ipa
Build iOS and Submit to TestFlight	Submit to TestFlight	2026-09-29T06:11:56.9512760Z 
Build iOS and Submit to TestFlight	Submit to TestFlight	2026-09-29T06:11:56.9517990Z - Scheduling iOS submission
Build iOS and Submit to TestFlight	Submit to TestFlight	2026-09-29T06:11:57.2212690Z ✔ Scheduled iOS submission
Build iOS and Submit to TestFlight	Submit to TestFlight	2026-09-29T06:11:57.2215900Z 
Build iOS and Submit to TestFlight	Submit to TestFlight	2026-09-29T06:11:57.2218980Z Submission details: https://expo.dev/accounts/olamicreas/projects/NGNflow/submissions/941671be-86a7-4df6-8132-84637b6e7358
Build iOS and Submit to TestFlight	Submit to TestFlight	2026-09-29T06:11:57.2219580Z 
Build iOS and Submit to TestFlight	Submit to TestFlight	2026-09-29T06:11:57.2220440Z Waiting for submission to complete. You can press Ctrl+C to exit.
Build iOS and Submit to TestFlight	Submit to TestFlight	2026-09-29T06:11:57.2220940Z - Submitting
Build iOS and Submit to TestFlight	Submit to TestFlight	2026-09-29T06:13:45.8424950Z ✔ Submitted your app to Apple App Store Connect!
Build iOS and Submit to TestFlight	Submit to TestFlight	2026-09-29T06:13:45.8426990Z 
Build iOS and Submit to TestFlight	Submit to TestFlight	2026-09-29T06:13:45.8452180Z Your binary has been successfully uploaded to App Store Connect!
Build iOS and Submit to TestFlight	Submit to TestFlight	2026-09-29T06:13:45.8453220Z - It is now being processed by Apple - you will receive an email when the processing finishes.
Build iOS and Submit to TestFlight	Submit to TestFlight	2026-09-29T06:13:45.8468810Z - It usually takes about 5-10 minutes depending on how busy Apple servers are.
Build iOS and Submit to TestFlight	Submit to TestFlight	2026-09-29T06:13:45.8469900Z - When it's done, you can see your build here: https://appstoreconnect.apple.com/apps/6816978729/testflight/ios
Build iOS and Submit to TestFlight	Upload IPA Artifact	﻿2026-09-29T06:13:45.9056330Z ##[group]Run actions/upload-artifact@v4
Build iOS and Submit to TestFlight	Upload IPA Artifact	2026-09-29T06:13:45.9056840Z with:
Build iOS and Submit to TestFlight	Upload IPA Artifact	2026-09-29T06:13:45.9057080Z   name: NGNflow-iOS-App
Build iOS and Submit to TestFlight	Upload IPA Artifact	2026-09-29T06:13:45.9057440Z   path: build.ipa
Build iOS and Submit to TestFlight	Upload IPA Artifact	2026-09-29T06:13:45.9057780Z   retention-days: 5
Build iOS and Submit to TestFlight	Upload IPA Artifact	2026-09-29T06:13:45.9058040Z   if-no-files-found: warn
Build iOS and Submit to TestFlight	Upload IPA Artifact	2026-09-29T06:13:45.9058370Z   compression-level: 6
Build iOS and Submit to TestFlight	Upload IPA Artifact	2026-09-29T06:13:45.9058730Z   overwrite: false
Build iOS and Submit to TestFlight	Upload IPA Artifact	2026-09-29T06:13:45.9058970Z   include-hidden-files: false
Build iOS and Submit to TestFlight	Upload IPA Artifact	2026-09-29T06:13:45.9059310Z env:
Build iOS and Submit to TestFlight	Upload IPA Artifact	2026-09-29T06:13:45.9060210Z   EXPO_TOKEN: ***
Build iOS and Submit to TestFlight	Upload IPA Artifact	2026-09-29T06:13:45.9060460Z ##[endgroup]
Build iOS and Submit to TestFlight	Upload IPA Artifact	2026-09-29T06:13:46.3808860Z (node:43199) [DEP0040] DeprecationWarning: The `punycode` module is deprecated. Please use a userland alternative instead.
Build iOS and Submit to TestFlight	Upload IPA Artifact	2026-09-29T06:13:46.3810120Z (Use `node --trace-deprecation ...` to show where the warning was created)
Build iOS and Submit to TestFlight	Upload IPA Artifact	2026-09-29T06:13:46.3843070Z With the provided path, there will be 1 file uploaded
Build iOS and Submit to TestFlight	Upload IPA Artifact	2026-09-29T06:13:46.3845590Z Artifact name is valid!
Build iOS and Submit to TestFlight	Upload IPA Artifact	2026-09-29T06:13:46.3846250Z Root directory input is valid!
Build iOS and Submit to TestFlight	Upload IPA Artifact	2026-09-29T06:13:46.7043560Z Beginning upload of artifact content to blob storage
Build iOS and Submit to TestFlight	Upload IPA Artifact	2026-09-29T06:13:46.9456730Z (node:43199) [DEP0169] DeprecationWarning: `url.parse()` behavior is not standardized and prone to errors that have security implications. Use the WHATWG URL API instead. CVEs are not issued for `url.parse()` vulnerabilities.
Build iOS and Submit to TestFlight	Upload IPA Artifact	2026-09-29T06:13:47.4735970Z Uploaded bytes 8388608
Build iOS and Submit to TestFlight	Upload IPA Artifact	2026-09-29T06:13:47.6172480Z Uploaded bytes 14038323
Build iOS and Submit to TestFlight	Upload IPA Artifact	2026-09-29T06:13:47.6577290Z Finished uploading artifact content to blob storage!
Build iOS and Submit to TestFlight	Upload IPA Artifact	2026-09-29T06:13:47.6578220Z SHA256 digest of uploaded artifact zip is 519c6aaa99582eed9a1ee14e9f4e25b87861f2a4b14062fd6d16b8ea0d524891
Build iOS and Submit to TestFlight	Upload IPA Artifact	2026-09-29T06:13:47.6578860Z Finalizing artifact upload
Build iOS and Submit to TestFlight	Upload IPA Artifact	2026-09-29T06:13:47.9018240Z Artifact NGNflow-iOS-App.zip successfully finalized. Artifact ID 11015887868
Build iOS and Submit to TestFlight	Upload IPA Artifact	2026-09-29T06:13:47.9019880Z Artifact NGNflow-iOS-App has been successfully uploaded! Final size is 14038323 bytes. Artifact ID is 11015887868
Build iOS and Submit to TestFlight	Upload IPA Artifact	2026-09-29T06:13:47.9029980Z Artifact download URL: https://github.com/abdquayyum/NGNflow/actions/runs/36528725690/artifacts/11015887868
Build iOS and Submit to TestFlight	Post Setup Node	﻿2026-09-29T06:13:47.9216160Z Post job cleanup.
Build iOS and Submit to TestFlight	Post Setup Node	2026-09-29T06:13:48.0754820Z (node:43220) [DEP0040] DeprecationWarning: The `punycode` module is deprecated. Please use a userland alternative instead.
Build iOS and Submit to TestFlight	Post Setup Node	2026-09-29T06:13:48.0779800Z (Use `node --trace-deprecation ...` to show where the warning was created)
Build iOS and Submit to TestFlight	Post Setup Node	2026-09-29T06:13:48.0780920Z Cache hit occurred on the primary key node-cache-macOS-arm64-npm-14b58e35e2ed24ff95f7f4b42039230131cae4a177d1788a6acb0094b51d732b, not saving cache.
Build iOS and Submit to TestFlight	Post Checkout Code	﻿2026-09-29T06:13:48.0948730Z Post job cleanup.
Build iOS and Submit to TestFlight	Post Checkout Code	2026-09-29T06:13:48.2005950Z [command]/opt/homebrew/bin/git version
Build iOS and Submit to TestFlight	Post Checkout Code	2026-09-29T06:13:48.2321570Z git version 2.55.0
Build iOS and Submit to TestFlight	Post Checkout Code	2026-09-29T06:13:48.2503160Z Copying '/Users/runner/.gitconfig' to '/Users/runner/work/_temp/dbdd0e42-eaa5-470a-bb09-bf492f05415a/.gitconfig'
Build iOS and Submit to TestFlight	Post Checkout Code	2026-09-29T06:13:48.2504810Z Temporarily overriding HOME='/Users/runner/work/_temp/dbdd0e42-eaa5-470a-bb09-bf492f05415a' before making global git config changes
Build iOS and Submit to TestFlight	Post Checkout Code	2026-09-29T06:13:48.2508490Z Adding repository directory to the temporary git global config as a safe directory
Build iOS and Submit to TestFlight	Post Checkout Code	2026-09-29T06:13:48.2509310Z [command]/opt/homebrew/bin/git config --global --add safe.directory /Users/runner/work/NGNflow/NGNflow
Build iOS and Submit to TestFlight	Post Checkout Code	2026-09-29T06:13:48.2511000Z [command]/opt/homebrew/bin/git config --local --name-only --get-regexp core\.sshCommand
Build iOS and Submit to TestFlight	Post Checkout Code	2026-09-29T06:13:48.2512390Z [command]/opt/homebrew/bin/git submodule foreach --recursive sh -c "git config --local --name-only --get-regexp 'core\.sshCommand' && git config --local --unset-all 'core.sshCommand' || :"
Build iOS and Submit to TestFlight	Post Checkout Code	2026-09-29T06:13:48.3795960Z [command]/opt/homebrew/bin/git config --local --name-only --get-regexp http\.https\:\/\/github\.com\/\.extraheader
Build iOS and Submit to TestFlight	Post Checkout Code	2026-09-29T06:13:48.3847550Z http.https://github.com/.extraheader
Build iOS and Submit to TestFlight	Post Checkout Code	2026-09-29T06:13:48.3853930Z [command]/opt/homebrew/bin/git config --local --unset-all http.https://github.com/.extraheader
Build iOS and Submit to TestFlight	Post Checkout Code	2026-09-29T06:13:48.3920520Z [command]/opt/homebrew/bin/git submodule foreach --recursive sh -c "git config --local --name-only --get-regexp 'http\.https\:\/\/github\.com\/\.extraheader' && git config --local --unset-all 'http.https://github.com/.extraheader' || :"
Build iOS and Submit to TestFlight	Post Checkout Code	2026-09-29T06:13:48.4914360Z [command]/opt/homebrew/bin/git config --local --name-only --get-regexp ^includeIf\.gitdir:
Build iOS and Submit to TestFlight	Post Checkout Code	2026-09-29T06:13:48.4966750Z [command]/opt/homebrew/bin/git submodule foreach --recursive git config --local --show-origin --name-only --get-regexp remote.origin.url
Build iOS and Submit to TestFlight	Complete job	﻿2026-09-29T06:13:48.5748750Z Cleaning up orphan processes
Build iOS and Submit to TestFlight	Complete job	2026-09-29T06:13:49.4186980Z ##[warning]Node.js 20 is deprecated. The following actions target Node.js 20 but are being forced to run on Node.js 24: actions/checkout@v4, actions/setup-node@v4, actions/upload-artifact@v4, expo/expo-github-action@v8. For more information see: https://github.blog/changelog/2025-09-19-deprecation-of-node-20-on-github-actions-runners/
